{
  "accuracy": 0.9992250680549208,
  "precision": 0.9998299204027485,
  "recall": 0.998844598497978,
  "f1": 0.9993370165745856,
  "confusion_matrix": [
    [
      20895,
      5
    ],
    [
      34,
      29393
    ]
  ],
  "misclassified_samples": {
    "total_misclassified": 39,
    "per_phase": {
      "0": 5,
      "1": 1,
      "2": 5,
      "3": 12,
      "4": 3,
      "5": 13
    }
  }
}