{
  "Accuracy": 0.9998211695511355,
  "Macro Precision": 0.7352941176470589,
  "Macro Recall": 0.9999105705598283,
  "Macro F1": 0.819955281280744,
  "False Alarms": 9,
  "False Alarm Rate": 0.00017885888034340904,
  "Missed Attacks": 0,
  "Detection Rate": 1.0,
  "Confusion Matrix (actual_pred)": [
    [
      50310,
      9
    ],
    [
      0,
      8
    ]
  ],
  "Misclassified Info": {
    "total_misclassified": 9,
    "per_phase": {
      "0": 9,
      "1": 0,
      "2": 0,
      "3": 0,
      "4": 0,
      "5": 0
    }
  }
}