{
  "Accuracy": 0.9989071472569396,
  "Macro Precision": 0.5922877965614028,
  "Macro Recall": 0.9280447257312083,
  "Macro F1": 0.6516253063870089,
  "False Alarms": 53,
  "False Alarm Rate": 0.0010534056804404428,
  "Missed Attacks": 2,
  "Detection Rate": 0.8571428571428571,
  "Confusion Matrix (actual_pred)": [
    [
      50260,
      53
    ],
    [
      2,
      12
    ]
  ],
  "Misclassified Info": {
    "total_misclassified": 55,
    "per_phase": {
      "0": 53,
      "1": 0,
      "2": 0,
      "3": 2,
      "4": 0,
      "5": 0
    }
  }
}