{
  "accuracy": 0.9989071472569396,
  "precision": 0.18461538461538463,
  "recall": 0.8571428571428571,
  "f1": 0.3037974683544304,
  "confusion_matrix": [
    [
      50260,
      53
    ],
    [
      2,
      12
    ]
  ],
  "misclassified_samples": {
    "total_misclassified": 55,
    "per_phase": {
      "0": 53,
      "1": 0,
      "2": 0,
      "3": 2,
      "4": 0,
      "5": 0
    }
  }
}