{
  "Accuracy": 0.9997019492518926,
  "Macro Precision": 0.9996420560301628,
  "Macro Recall": 0.9997448024771173,
  "Macro F1": 0.9996933325975585,
  "False Alarms": 0,
  "False Alarm Rate": 0.0,
  "Missed Attacks": 15,
  "Detection Rate": 0.9994896049542346,
  "Confusion Matrix (actual_pred)": [
    [
      20938,
      0
    ],
    [
      15,
      29374
    ]
  ],
  "Misclassified Info": {
    "total_misclassified": 15,
    "per_phase": {
      "0": 0,
      "1": 0,
      "2": 0,
      "3": 0,
      "4": 0,
      "5": 15
    }
  }
}