{
  "accuracy": 0.9998211695511355,
  "precision": 0.47058823529411764,
  "recall": 1.0,
  "f1": 0.64,
  "confusion_matrix": [
    [
      50310,
      9
    ],
    [
      0,
      8
    ]
  ],
  "misclassified_samples": {
    "total_misclassified": 9,
    "per_phase": {
      "0": 9,
      "1": 0,
      "2": 0,
      "3": 0,
      "4": 0,
      "5": 0
    }
  }
}