{
  "accuracy": 0.9997019492518926,
  "precision": 1.0,
  "recall": 0.9994896049542346,
  "f1": 0.9997447373347175,
  "confusion_matrix": [
    [
      20938,
      0
    ],
    [
      15,
      29374
    ]
  ],
  "misclassified_samples": {
    "total_misclassified": 15,
    "per_phase": {
      "0": 0,
      "1": 0,
      "2": 0,
      "3": 0,
      "4": 0,
      "5": 15
    }
  }
}