{
  "accuracy": 0.998628966558706,
  "precision": 0.10526315789473684,
  "recall": 0.8888888888888888,
  "f1": 0.18823529411764706,
  "confusion_matrix": [
    [
      50250,
      68
    ],
    [
      1,
      8
    ]
  ],
  "misclassified_samples": {
    "total_misclassified": 69,
    "per_phase": {
      "0": 65,
      "1": 2,
      "2": 1,
      "3": 1,
      "4": 0,
      "5": 0
    }
  }
}