{
  "accuracy": 0.9977439057943103,
  "precision": 0.43478260869565216,
  "recall": 0.9375,
  "f1": 0.594059405940594,
  "confusion_matrix": [
    [
      18102,
      39
    ],
    [
      2,
      30
    ]
  ],
  "misclassified_samples": {
    "total_misclassified": 41,
    "per_phase": {
      "0": 36,
      "1": 0,
      "2": 3,
      "3": 2,
      "4": 0,
      "5": 0
    }
  }
}