{
  "accuracy": 0.9993947064326199,
  "precision": 0.3888888888888889,
  "recall": 1.0,
  "f1": 0.56,
  "confusion_matrix": [
    [
      18155,
      11
    ],
    [
      0,
      7
    ]
  ],
  "misclassified_samples": {
    "total_misclassified": 11,
    "per_phase": {
      "0": 11,
      "1": 0,
      "2": 0,
      "3": 0,
      "4": 0,
      "5": 0
    }
  }
}