{
  "accuracy": 0.9996148131843944,
  "precision": 0.9807692307692307,
  "recall": 0.996742671009772,
  "f1": 0.9886914378029079,
  "confusion_matrix": [
    [
      17860,
      6
    ],
    [
      1,
      306
    ]
  ],
  "misclassified_samples": {
    "total_misclassified": 7,
    "per_phase": {
      "0": 6,
      "1": 1,
      "2": 0,
      "3": 0,
      "4": 0,
      "5": 0
    }
  }
}