{
  "accuracy": 0.9999602472620301,
  "precision": 0.875,
  "recall": 1.0,
  "f1": 0.9333333333333333,
  "confusion_matrix": [
    [
      50295,
      2
    ],
    [
      0,
      14
    ]
  ],
  "misclassified_samples": {
    "total_misclassified": 2,
    "per_phase": {
      "0": 1,
      "1": 0,
      "2": 1,
      "3": 0,
      "4": 0,
      "5": 0
    }
  }
}