{
  "accuracy": 0.9999204945240604,
  "precision": 0.7272727272727273,
  "recall": 0.8888888888888888,
  "f1": 0.8,
  "confusion_matrix": [
    [
      50299,
      3
    ],
    [
      1,
      8
    ]
  ],
  "misclassified_samples": {
    "total_misclassified": 4,
    "per_phase": {
      "0": 3,
      "1": 0,
      "2": 0,
      "3": 0,
      "4": 1,
      "5": 0
    }
  }
}