{
  "accuracy": 0.9999403708930452,
  "precision": 0.8333333333333334,
  "recall": 0.7142857142857143,
  "f1": 0.7692307692307693,
  "confusion_matrix": [
    [
      50303,
      1
    ],
    [
      2,
      5
    ]
  ],
  "misclassified_samples": {
    "total_misclassified": 3,
    "per_phase": {
      "0": 0,
      "1": 0,
      "2": 0,
      "3": 0,
      "4": 2,
      "5": 1
    }
  }
}