{
  "accuracy": 0.9996621017272564,
  "precision": 1.0,
  "recall": 0.9994215522814659,
  "f1": 0.9997106924660915,
  "confusion_matrix": [
    [
      20922,
      0
    ],
    [
      17,
      29372
    ]
  ],
  "misclassified_samples": {
    "total_misclassified": 17,
    "per_phase": {
      "0": 0,
      "1": 0,
      "2": 0,
      "3": 0,
      "4": 0,
      "5": 17
    }
  }
}