{
  "accuracy": 0.6847210351612968,
  "precision": 0.4598092643051771,
  "recall": 0.9998518737964746,
  "f1": 0.629928608091083,
  "confusion_matrix": [
    [
      20949,
      15860
    ],
    [
      2,
      13500
    ]
  ],
  "misclassified_samples": {
    "total_misclassified": 15862,
    "per_phase": {
      "0": 15860,
      "1": 0,
      "2": 0,
      "3": 0,
      "4": 0,
      "5": 2
    }
  }
}