{"accuracy": [0.9991167783737183, 0.9997497200965881, 0.9998233318328857, 0.9998086094856262, 0.9998233318328857, 0.9998969435691833, 0.9998969435691833, 0.9998969435691833, 0.9999263882637024, 0.9999558329582214, 0.9999411106109619, 0.9999411106109619], "loss": [0.00796956941485405, 0.0016461457125842571, 0.001215840340591967, 0.000779880560003221, 0.000514923594892025, 0.00041024229722097516, 0.00029566744342446327, 0.0002802675007842481, 0.00020519475219771266, 0.00017816154286265373, 0.0001957553467946127, 0.00018030260980594903], "val_accuracy": [0.9997350573539734, 0.9998674988746643, 0.9998674988746643, 0.9998674988746643, 0.9998674988746643, 0.9998674988746643, 0.9998674988746643, 0.9998674988746643, 0.9998674988746643, 0.9998674988746643, 0.9998674988746643, 0.9998674988746643], "val_loss": [0.002188302343711257, 0.0011283447965979576, 0.000729920924641192, 0.0005027941660955548, 0.00035166225279681385, 0.0003580020274966955, 0.00014190896763466299, 0.00043245303095318377, 0.0006129798712208867, 0.00048595506814308465, 0.00045731751015409827, 0.00044062818051315844]}