{"accuracy": 0.9998212015257469, "precision": 0.7142857142857143, "recall": 0.6666666666666666, "f1": 0.6896551724137931, "confusion_matrix": [[50317, 4], [5, 10]]}