{
  "Accuracy": 0.8956190900697253,
  "Macro Precision": 0.7935126586370622,
  "Macro Recall": 0.9166400758537125,
  "Macro F1": 0.8339295111362333,
  "False Alarms": 18155,
  "False Alarm Rate": 0.1134857728659299,
  "Missed Attacks": 1516,
  "Detection Rate": 0.9467659245733548,
  "Confusion Matrix (actual_pred)": [
    [
      141821,
      18155
    ],
    [
      1516,
      26962
    ]
  ],
  "Misclassified Info": {
    "total_misclassified": 19671,
    "per_phase": {
      "0": 18155,
      "1": 1244,
      "2": 0,
      "3": 13,
      "4": 259,
      "5": 0
    }
  }
}