{
  "accuracy": 0.24223014615249164,
  "micro_f1": 0.24223014615249164,
  "macro_f1": 0.4099729321275169,
  "false_alarms": 48,
  "false_alarm_rate": 0.004528301886792453,
  "missed_attacks": 34365,
  "detection_rate": 0.013407211759301792,
  "classes": [
    "benign",
    "phase1",
    "phase2",
    "phase3",
    "phase4",
    "phase5"
  ],
  "per_class": {
    "benign": {
      "TP": 10552,
      "FP": 34365,
      "FN": 48,
      "precision": 0.23492218981677315,
      "recall": 0.9954716981132076,
      "f1": 0.380135814255093
    },
    "phase1": {
      "TP": 235,
      "FP": 2,
      "FN": 532,
      "precision": 0.9915611814345991,
      "recall": 0.30638852672750977,
      "f1": 0.4681274900398406
    },
    "phase2": {
      "TP": 9,
      "FP": 15,
      "FN": 16,
      "precision": 0.375,
      "recall": 0.36,
      "f1": 0.3673469387755102
    },
    "phase3": {
      "TP": 75,
      "FP": 12,
      "FN": 4,
      "precision": 0.8620689655172413,
      "recall": 0.9493670886075949,
      "f1": 0.9036144578313253
    },
    "phase4": {
      "TP": 10,
      "FP": 31,
      "FN": 9,
      "precision": 0.24390243902439024,
      "recall": 0.5263157894736842,
      "f1": 0.3333333333333333
    },
    "phase5": {
      "TP": 124,
      "FP": 2,
      "FN": 33818,
      "precision": 0.9841269841269841,
      "recall": 0.0036532909080195628,
      "f1": 0.007279558529998825
    }
  },
  "confusion_matrix": [
    [
      10552,
      2,
      14,
      1,
      29,
      2
    ],
    [
      532,
      235,
      0,
      0,
      0,
      0
    ],
    [
      4,
      0,
      9,
      11,
      1,
      0
    ],
    [
      3,
      0,
      1,
      75,
      0,
      0
    ],
    [
      9,
      0,
      0,
      0,
      10,
      0
    ],
    [
      33817,
      0,
      0,
      0,
      1,
      124
    ]
  ]
}