{
  "Accuracy": 0.9799702855885104,
  "Macro Precision": 0.5994063718751188,
  "Macro Recall": 0.948182142443052,
  "Macro F1": 0.6478318657262933,
  "False Alarms": 347,
  "False Alarm Rate": 0.08183962264150943,
  "Missed Attacks": 10,
  "Detection Rate": 0.9992819187131984,
  "Confusion Matrix (actual_pred)": [
    [
      3893,
      5,
      269,
      46,
      24,
      3
    ],
    [
      1,
      306,
      0,
      0,
      0,
      0
    ],
    [
      0,
      0,
      9,
      1,
      0,
      0
    ],
    [
      1,
      1,
      2,
      28,
      0,
      0
    ],
    [
      0,
      0,
      0,
      0,
      7,
      0
    ],
    [
      8,
      1,
      0,
      2,
      0,
      13566
    ]
  ],
  "misclassified_indices": [
    10,
    11,
    12,
    13,
    54,
    61,
    81,
    103,
    132,
    133,
    219,
    220,
    228,
    289,
    292,
    301,
    302,
    303,
    304,
    305,
    316,
    317,
    318,
    319,
    320,
    321,
    347,
    409,
    410,
    411,
    412,
    413,
    432,
    433,
    434,
    435,
    436,
    601,
    803,
    909,
    1063,
    1064,
    1102,
    1118,
    1119,
    1120,
    1124,
    1125,
    1126,
    1127,
    1128,
    1129,
    1134,
    1155,
    1156,
    1157,
    1189,
    1190,
    1213,
    1214,
    1215,
    1216,
    1217,
    1218,
    1220,
    1230,
    1231,
    1232,
    1242,
    1243,
    1244,
    1245,
    1251,
    1252,
    1253,
    1256,
    1257,
    1258,
    1276,
    1309,
    1317,
    1318,
    1319,
    1320,
    1321,
    1322,
    1323,
    1340,
    1341,
    1342,
    1351,
    1352,
    1364,
    1375,
    1376,
    1377,
    1392,
    1393,
    1394,
    1395,
    1396,
    1397,
    1405,
    1406,
    1407,
    1408,
    1417,
    1457,
    1458,
    1459,
    1460,
    1461,
    1474,
    1475,
    1525,
    1526,
    1527,
    1528,
    1529,
    1574,
    1604,
    1605,
    1607,
    1637,
    1697,
    1698,
    1699,
    1700,
    1701,
    1709,
    1710,
    1711,
    1725,
    1726,
    1727,
    1762,
    1764,
    1765,
    1771,
    1772,
    1773,
    1779,
    1780,
    1784,
    1785,
    1786,
    1793,
    1804,
    1805,
    1811,
    1812,
    1813,
    1814,
    1816,
    1819,
    1820,
    1828,
    1933,
    1935,
    1936,
    1937,
    1942,
    1943,
    1944,
    1945,
    1961,
    2018,
    2019,
    2043,
    2109,
    2113,
    2133,
    2134,
    2135,
    2136,
    2137,
    2138,
    2139,
    2140,
    2141,
    2142,
    2143,
    2144,
    2150,
    2154,
    2155,
    2160,
    2162,
    2163,
    2193,
    2202,
    2272,
    2358,
    2365,
    2366,
    2367,
    2368,
    2369,
    2374,
    2594,
    2595,
    2596,
    2597,
    2598,
    2599,
    2600,
    2613,
    2614,
    2615,
    2616,
    2666,
    2667,
    2668,
    2675,
    2676,
    2677,
    2678,
    2679,
    2680,
    2703,
    2709,
    2710,
    2711,
    2712,
    2713,
    2714,
    2715,
    2718,
    2719,
    2720,
    2721,
    2722,
    2723,
    2724,
    2725,
    2726,
    2727,
    2728,
    2729,
    2730,
    2731,
    2736,
    2737,
    2738,
    2739,
    2783,
    2784,
    2786,
    2796,
    2797,
    2830,
    2831,
    2871,
    2874,
    2875,
    2878,
    2879,
    2880,
    2881,
    2882,
    2883,
    2892,
    2893,
    2894,
    2895,
    2896,
    2897,
    2899,
    2900,
    2901,
    2902,
    2910,
    2930,
    2931,
    2932,
    2938,
    2939,
    2944,
    2945,
    2965,
    2966,
    2967,
    2968,
    2969,
    2970,
    2980,
    2981,
    2982,
    2983,
    2984,
    16551,
    16552,
    16553,
    16563,
    16619,
    16662,
    16663,
    16664,
    16665,
    16712,
    16717,
    16718,
    16719,
    16722,
    16723,
    16724,
    16725,
    16728,
    16805,
    16806,
    16809,
    16810,
    16938,
    16942,
    16943,
    16944,
    16945,
    16961,
    16962,
    16963,
    16964,
    16965,
    17034,
    17035,
    17036,
    17127,
    17128,
    17129,
    17130,
    17131,
    17132,
    17133,
    17134,
    17232,
    17233,
    17234,
    17235,
    17239,
    17240,
    17241,
    17242,
    17275,
    17396,
    17397,
    17398,
    17538,
    17557,
    17584,
    17585,
    17597,
    17598,
    17627,
    17629,
    17630,
    17944,
    17989,
    17990,
    18096,
    18097,
    18098,
    18140,
    18141,
    18159,
    18160
  ],