{
  "Accuracy": 0.971166015517526,
  "Macro Precision": 0.5068824910441264,
  "Macro Recall": 0.7110288899918098,
  "Macro F1": 0.5037016882881299,
  "False Alarms": 467,
  "False Alarm Rate": 0.11014150943396227,
  "Missed Attacks": 14,
  "Detection Rate": 0.9989920806335493,
  "Confusion Matrix (actual_pred)": [
    [
      3773,
      2,
      84,
      1,
      379,
      1
    ],
    [
      1,
      300,
      0,
      0,
      6,
      0
    ],
    [
      4,
      0,
      4,
      0,
      2,
      0
    ],
    [
      3,
      0,
      29,
      0,
      0,
      0
    ],
    [
      0,
      0,
      0,
      0,
      7,
      0
    ],
    [
      6,
      0,
      0,
      0,
      6,
      13565
    ]
  ],
  "misclassified_indices": [
    10,
    11,
    12,
    13,
    14,
    15,
    79,
    81,
    105,
    122,
    123,
    126,
    134,
    135,
    203,
    220,
    229,
    300,
    301,
    302,
    303,
    304,
    305,
    306,
    318,
    319,
    320,
    321,
    322,
    323,
    346,
    411,
    412,
    413,
    414,
    433,
    434,
    435,
    436,
    589,
    601,
    602,
    803,
    804,
    805,
    806,
    807,
    808,
    909,
    921,
    1006,
    1064,
    1120,
    1121,
    1122,
    1123,
    1128,
    1129,
    1194,
    1195,
    1196,
    1214,
    1215,
    1216,
    1217,
    1218,
    1219,
    1220,
    1221,
    1232,
    1233,
    1239,
    1240,
    1241,
    1242,
    1243,
    1244,
    1245,
    1246,
    1247,
    1248,
    1249,
    1250,
    1251,
    1252,
    1253,
    1257,
    1258,
    1275,
    1320,
    1321,
    1322,
    1323,
    1324,
    1337,
    1341,
    1342,
    1343,
    1365,
    1377,
    1394,
    1395,
    1396,
    1397,
    1398,
    1403,
    1406,
    1407,
    1408,
    1409,
    1418,
    1443,
    1444,
    1457,
    1458,
    1459,
    1460,
    1461,
    1462,
    1463,
    1473,
    1474,
    1475,
    1527,
    1528,
    1529,
    1530,
    1534,
    1572,
    1573,
    1574,
    1575,
    1606,
    1607,
    1608,
    1609,
    1646,
    1647,
    1648,
    1649,
    1650,
    1651,
    1698,
    1699,
    1700,
    1701,
    1702,
    1703,
    1704,
    1710,
    1711,
    1712,
    1713,
    1714,
    1726,
    1727,
    1735,
    1752,
    1753,
    1754,
    1762,
    1763,
    1764,
    1765,
    1766,
    1767,
    1768,
    1769,
    1770,
    1771,
    1772,
    1773,
    1774,
    1775,
    1776,
    1777,
    1778,
    1779,
    1780,
    1781,
    1782,
    1783,
    1784,
    1785,
    1786,
    1787,
    1788,
    1789,
    1790,
    1791,
    1792,
    1793,
    1794,
    1795,
    1796,
    1804,
    1805,
    1806,
    1807,
    1808,
    1809,
    1810,
    1811,
    1812,
    1813,
    1814,
    1815,
    1816,
    1817,
    1818,
    1819,
    1820,
    1829,
    1873,
    1874,
    1875,
    1876,
    1877,
    1897,
    1925,
    1926,
    1933,
    1934,
    1935,
    1936,
    1937,
    1938,
    1939,
    1940,
    1941,
    1942,
    1943,
    1944,
    1945,
    1946,
    1961,
    1963,
    1964,
    1966,
    1968,
    1998,
    1999,
    2000,
    2002,
    2015,
    2016,
    2017,
    2043,
    2044,
    2045,
    2050,
    2109,
    2110,
    2111,
    2113,
    2123,
    2124,
    2125,
    2132,
    2133,
    2134,
    2135,
    2136,
    2137,
    2138,
    2139,
    2140,
    2141,
    2142,
    2143,
    2144,
    2145,
    2150,
    2154,
    2155,
    2160,
    2162,
    2163,
    2193,
    2194,
    2195,
    2196,
    2267,
    2268,
    2269,
    2272,
    2273,
    2365,
    2366,
    2367,
    2368,
    2369,
    2534,
    2535,
    2557,
    2558,
    2595,
    2596,
    2597,
    2598,
    2599,
    2600,
    2616,
    2617,
    2666,
    2667,
    2668,
    2676,
    2678,
    2679,
    2680,
    2681,
    2710,
    2711,
    2712,
    2713,
    2714,
    2715,
    2716,
    2717,
    2718,
    2719,
    2720,
    2721,
    2722,
    2723,
    2724,
    2725,
    2726,
    2727,
    2728,
    2729,
    2730,
    2731,
    2732,
    2733,
    2734,
    2735,
    2736,
    2737,
    2738,
    2739,
    2740,
    2741,
    2746,
    2747,
    2748,
    2749,
    2750,
    2751,
    2752,
    2753,
    2754,
    2755,
    2758,
    2759,
    2760,
    2784,
    2787,
    2798,
    2799,
    2812,
    2830,
    2831,
    2832,
    2871,
    2872,
    2873,
    2874,
    2875,
    2876,
    2877,
    2878,
    2879,
    2880,
    2881,
    2882,
    2883,
    2885,
    2886,
    2889,
    2890,
    2892,
    2893,
    2894,
    2895,
    2896,
    2897,
    2898,
    2899,
    2900,
    2901,
    2902,
    2904,
    2911,
    2912,
    2931,
    2932,
    2933,
    2942,
    2943,
    2944,
    2945,
    2966,
    2967,
    2968,
    2969,
    2970,
    2977,
    2978,
    2979,
    2980,
    2981,
    2982,
    2983,
    2984,
    2985,
    16551,
    16552,
    16553,
    16554,
    16555,
    16556,
    16564,
    16565,
    16584,
    16585,
    16635,
    16637,
    16638,
    16640,
    16641,
    16663,
    16664,
    16665,
    16712,
    16717,
    16718,
    16719,
    16724,
    16725,
    16726,
    16727,
    16728,
    16752,
    16805,
    16806,
    16938,
    16939,
    16940,
    16942,
    16943,
    16944,
    16945,
    16946,
    16964,
    16965,
    17036,
    17037,
    17038,
    17039,
    17040,
    17041,
    17043,
    17044,
    17045,
    17046,
    17128,
    17129,
    17130,
    17131,
    17132,
    17133,
    17134,
    17235,
    17240,
    17241,
    17242,
    17243,
    17276,
    17349,
    17401,
    17486,
    17541,
    17542,
    17543,
    17544,
    17559,
    17560,
    17561,
    17562,
    17563,
    17564,
    17599,
    17626,
    17627,
    17628,
    17629,
    17630,
    17631,
    17941,
    17942,
    17944,
    17986,
    17987,
    17988,
    17989,
    17990,
    18011,
    18012,
    18013,
    18014,
    18015,
    18020,
    18021,
    18141,
    18142,
    18143,
    18144,
    18145,
    18146,
    18147,
    18159,
    18160
  ],