{
  "Accuracy": 0.9971329326790539,
  "Macro Precision": 0.8032102809647818,
  "Macro Recall": 0.987481018500357,
  "Macro F1": 0.8704970090491283,
  "False Alarms": 35,
  "False Alarm Rate": 0.008325404376784015,
  "Missed Attacks": 15,
  "Detection Rate": 0.9989232646615462,
  "Confusion Matrix (actual_pred)": [
    [
      4169,
      4,
      1,
      20,
      8,
      2
    ],
    [
      1,
      306,
      0,
      0,
      0,
      0
    ],
    [
      0,
      0,
      10,
      0,
      0,
      0
    ],
    [
      0,
      0,
      2,
      30,
      0,
      0
    ],
    [
      0,
      0,
      0,
      0,
      7,
      0
    ],
    [
      14,
      0,
      0,
      0,
      0,
      13563
    ]
  ],
  "misclassified_indices": [
    566,
    772,
    876,
    877,
    878,
    1244,
    1731,
    1732,
    1735,
    1739,
    1740,
    1741,
    1742,
    1743,
    1749,
    1750,
    1751,
    1754,
    1760,
    1762,
    1763,
    1764,
    1784,
    1785,
    1786,
    1787,
    1789,
    1796,
    2112,
    2113,
    2119,
    2120,
    2122,
    2123,
    2125,
    2126,
    2950,
    2951,
    2952,
    2953,
    2954,
    8483,
    16519,
    16675,
    16676,
    16678,
    16679,
    16680,
    16719,
    16728,
    16729,
    16766
  ],
  "real_flow_indices": [
    1581,
    2097,
    2359,
    2361,
    2362,
    3320,
    4564,
    4565,
    4573,
    4596,
    4597,
    4598,
    4600,
    4601,
    4612,
    4613,
    4614,
    4621,
    4640,
    4642,
    4645,
    4648,
    4686,
    4687,
    4688,
    4690,
    4704,
    4726,
    5470,
    5471,
    5488,
    5491,
    5495,
    5497,
    5503,
    5505,
    7592,
    7593,
    7595,
    7597,
    7599,
    21033,
    41506,
    41890,
    41895,
    41904,
    41905,
    41908,
    42003,
    42019,
    42020,
    42114
  ],
  "y_pred": [
    0,
    1,
    1,
    1,
    1,
    2,
    2,
    2,
    3,
    3,
    3,
    3,
    3,
    3,
    3,
    3,
    3,
    3,
    3,
    3,
    3,
    3,
    3,
    3,
    3,
    3,
    3,
    3,
    4,
    4,
    4,
    4,
    4,
    4,
    4,
    4,
    0,
    0,
    0,
    0,
    0,
    5,
    5,
    0,
    0,
    0,
    0,
    0,
    0,
    0,
    0,
    0
  ],
  "y_true": [
    1,
    0,
    0,
    0,
    0,
    0,
    3,
    3,
    0,
    0,
    0,
    0,
    0,
    0,
    0,
    0,
    0,
    0,
    0,
    0,
    0,
    0,
    0,
    0,
    0,
    0,
    0,
    0,
    0,
    0,
    0,
    0,
    0,
    0,
    0,
    0,
    5,
    5,
    5,
    5,
    5,
    0,
    0,
    5,
    5,
    5,
    5,
    5,
    5,
    5,
    5,
    5
  ]
}