{
  "Accuracy": 0.9992296263687889,
  "Macro Precision": 0.9635647888040547,
  "Macro Recall": 0.9441112650273521,
  "Macro F1": 0.9520735919378088,
  "False Alarms": 1,
  "False Alarm Rate": 0.0002358490566037736,
  "Missed Attacks": 9,
  "Detection Rate": 0.9993538660348912,
  "Confusion Matrix (actual_pred)": [
    [
      4239,
      1,
      0,
      0,
      0,
      0
    ],
    [
      1,
      306,
      0,
      0,
      0,
      0
    ],
    [
      0,
      0,
      7,
      3,
      0,
      0
    ],
    [
      0,
      0,
      1,
      31,
      0,
      0
    ],
    [
      0,
      0,
      0,
      0,
      7,
      0
    ],
    [
      8,
      0,
      0,
      0,
      0,
      13569
    ]
  ],
  "misclassified_indices": [
    601,
    909,
    1256,
    1337,
    1403,
    1762,
    2980,
    2981,
    16712,
    16717,
    16718,
    16719,
    16805,
    16806
  ],
  "real_flow_indices": [
    1581,
    2361,
    3268,
    3468,
    3676,
    4564,
    7592,
    7593,
    41893,
    41904,
    41913,
    41914,
    42113,
    42119
  ],
  "y_pred": [
    0,
    1,
    3,
    3,
    3,
    2,
    0,
    0,
    0,
    0,
    0,
    0,
    0,
    0
  ],
  "y_true": [
    1,
    0,
    2,
    2,
    2,
    3,
    5,
    5,
    5,
    5,
    5,
    5,
    5,
    5
  ]
}