{
  "Accuracy": 0.9975188840491812,
  "Macro Precision": 0.816422363320234,
  "Macro Recall": 0.9877311628591086,
  "Macro F1": 0.8787009538440547,
  "False Alarms": 29,
  "False Alarm Rate": 0.006898192197906755,
  "Missed Attacks": 13,
  "Detection Rate": 0.9990667623833454,
  "Confusion Matrix (actual_pred)": [
    [
      4175,
      5,
      1,
      12,
      9,
      2
    ],
    [
      1,
      306,
      0,
      0,
      0,
      0
    ],
    [
      0,
      0,
      10,
      0,
      0,
      0
    ],
    [
      0,
      0,
      2,
      30,
      0,
      0
    ],
    [
      0,
      0,
      0,
      0,
      7,
      0
    ],
    [
      12,
      1,
      0,
      0,
      0,
      13564
    ]
  ],
  "misclassified_indices": [
    566,
    772,
    774,
    780,
    876,
    877,
    1244,
    1731,
    1732,
    1735,
    1741,
    1742,
    1743,
    1749,
    1754,
    1760,
    1762,
    1784,
    1785,
    1786,
    1796,
    2112,
    2113,
    2119,
    2120,
    2122,
    2123,
    2125,
    2126,
    2129,
    2950,
    2951,
    2952,
    2953,
    8483,
    16519,
    16675,
    16676,
    16678,
    16679,
    16680,
    16719,
    16728,
    16729,
    16766
  ],
  "real_flow_indices": [
    1581,
    2097,
    2099,
    2112,
    2359,
    2361,
    3320,
    4564,
    4565,
    4573,
    4598,
    4600,
    4601,
    4612,
    4621,
    4640,
    4642,
    4686,
    4687,
    4688,
    4726,
    5470,
    5471,
    5488,
    5491,
    5495,
    5497,
    5503,
    5505,
    5513,
    7592,
    7593,
    7595,
    7597,
    21033,
    41506,
    41890,
    41895,
    41904,
    41905,
    41908,
    42003,
    42019,
    42020,
    42114
  ],
  "y_pred": [
    0,
    1,
    1,
    1,
    1,
    1,
    2,
    2,
    2,
    3,
    3,
    3,
    3,
    3,
    3,
    3,
    3,
    3,
    3,
    3,
    3,
    4,
    4,
    4,
    4,
    4,
    4,
    4,
    4,
    4,
    0,
    0,
    0,
    1,
    5,
    5,
    0,
    0,
    0,
    0,
    0,
    0,
    0,
    0,
    0
  ],
  "y_true": [
    1,
    0,
    0,
    0,
    0,
    0,
    0,
    3,
    3,
    0,
    0,
    0,
    0,
    0,
    0,
    0,
    0,
    0,
    0,
    0,
    0,
    0,
    0,
    0,
    0,
    0,
    0,
    0,
    0,
    0,
    5,
    5,
    5,
    5,
    0,
    0,
    5,
    5,
    5,
    5,
    5,
    5,
    5,
    5,
    5
  ]
}