{
  "Accuracy": 0.9905166234768705,
  "Macro Precision": 0.6154966272328285,
  "Macro Recall": 0.9174186206286695,
  "Macro F1": 0.6786734320317058,
  "False Alarms": 146,
  "False Alarm Rate": 0.03472882968601332,
  "Missed Attacks": 22,
  "Detection Rate": 0.998420561418623,
  "Confusion Matrix (actual_pred)": [
    [
      4058,
      8,
      55,
      55,
      17,
      11
    ],
    [
      1,
      306,
      0,
      0,
      0,
      0
    ],
    [
      2,
      0,
      7,
      1,
      0,
      0
    ],
    [
      2,
      0,
      3,
      27,
      0,
      0
    ],
    [
      0,
      0,
      0,
      0,
      7,
      0
    ],
    [
      17,
      0,
      0,
      0,
      0,
      13560
    ]
  ],
  "misclassified_indices": [
    566,
    772,
    774,
    780,
    876,
    877,
    878,
    879,
    880,
    892,
    893,
    894,
    895,
    896,
    897,
    1168,
    1193,
    1194,
    1195,
    1218,
    1219,
    1220,
    1221,
    1222,
    1223,
    1226,
    1227,
    1228,
    1229,
    1230,
    1231,
    1232,
    1289,
    1343,
    1348,
    1380,
    1731,
    1732,
    1734,
    1735,
    1736,
    1739,
    1740,
    1741,
    1742,
    1743,
    1749,
    1750,
    1751,
    1754,
    1760,
    1762,
    1763,
    1764,
    1765,
    1766,
    1767,
    1771,
    1772,
    1784,
    1785,
    1786,
    1787,
    1789,
    1790,
    1796,
    1908,
    1914,
    1915,
    1916,
    1917,
    1918,
    1939,
    2106,
    2107,
    2108,
    2109,
    2110,
    2111,
    2112,
    2113,
    2114,
    2115,
    2116,
    2119,
    2120,
    2122,
    2123,
    2125,
    2126,
    2127,
    2128,
    2129,
    2133,
    2243,
    2689,
    2690,
    2691,
    2692,
    2693,
    2694,
    2695,
    2696,
    2697,
    2698,
    2699,
    2700,
    2701,
    2702,
    2703,
    2704,
    2705,
    2706,
    2707,
    2708,
    2709,
    2710,
    2711,
    2712,
    2713,
    2714,
    2715,
    2722,
    2724,
    2853,
    2854,
    2855,
    2856,
    2857,
    2858,
    2859,
    2860,
    2861,
    2862,
    2863,
    2864,
    2865,
    2866,
    2867,
    2869,
    2870,
    2916,
    2950,
    2951,
    2952,
    2953,
    2954,
    2955,
    2956,
    2957,
    8483,
    16519,
    16520,
    16521,
    16522,
    16523,
    16524,
    16525,
    16526,
    16527,
    16528,
    16532,
    16533,
    16675,
    16676,
    16678,
    16679,
    16680,
    16719,
    16728,
    16729,
    16766
  ],
  "real_flow_indices": [
    1581,
    2097,
    2099,
    2112,
    2359,
    2361,
    2362,
    2363,
    2364,
    2390,
    2391,
    2392,
    2393,
    2395,
    2396,
    3101,
    3168,
    3173,
    3175,
    3246,
    3250,
    3251,
    3256,
    3257,
    3258,
    3269,
    3271,
    3272,
    3273,
    3274,
    3276,
    3277,
    3422,
    3556,
    3565,
    3681,
    4564,
    4565,
    4570,
    4573,
    4577,
    4596,
    4597,
    4598,
    4600,
    4601,
    4612,
    4613,
    4614,
    4621,
    4640,
    4642,
    4645,
    4648,
    4649,
    4652,
    4653,
    4667,
    4668,
    4686,
    4687,
    4688,
    4690,
    4704,
    4705,
    4726,
    4985,
    4998,
    5002,
    5003,
    5004,
    5005,
    5057,
    5458,
    5462,
    5463,
    5464,
    5466,
    5468,
    5470,
    5471,
    5477,
    5479,
    5483,
    5488,
    5491,
    5495,
    5497,
    5503,
    5505,
    5508,
    5511,
    5513,
    5527,
    5793,
    6938,
    6940,
    6942,
    6943,
    6945,
    6946,
    6947,
    6948,
    6951,
    6952,
    6954,
    6955,
    6959,
    6960,
    6961,
    6963,
    6965,
    6968,
    6970,
    6971,
    6974,
    6976,
    6985,
    6986,
    6988,
    6990,
    6991,
    7008,
    7010,
    7336,
    7341,
    7342,
    7343,
    7344,
    7345,
    7347,
    7348,
    7350,
    7352,
    7353,
    7357,
    7359,
    7361,
    7367,
    7371,
    7375,
    7508,
    7592,
    7593,
    7595,
    7597,
    7599,
    7600,
    7601,
    7604,
    21033,
    41506,
    41513,
    41514,
    41517,
    41518,
    41520,
    41521,
    41526,
    41528,
    41531,
    41539,
    41540,
    41890,
    41895,
    41904,
    41905,
    41908,
    42003,
    42019,
    42020,
    42114
  ],
  "y_pred": [
    0,
    1,
    1,
    1,
    1,
    1,
    1,
    1,
    1,
    2,
    2,
    2,
    2,
    2,
    2,
    0,
    2,
    3,
    2,
    2,
    3,
    3,
    3,
    3,
    3,
    3,
    3,
    3,
    3,
    3,
    3,
    3,
    2,
    0,
    2,
    2,
    0,
    2,
    0,
    3,
    3,
    3,
    3,
    3,
    3,
    3,
    3,
    3,
    3,
    3,
    3,
    3,
    3,
    3,
    3,
    3,
    3,
    2,
    2,
    3,
    3,
    3,
    3,
    3,
    3,
    2,
    3,
    3,
    3,
    3,
    3,
    3,
    3,
    2,
    2,
    2,
    2,
    4,
    4,
    4,
    4,
    4,
    4,
    4,
    4,
    4,
    4,
    4,
    4,
    4,
    4,
    4,
    4,
    4,
    3,
    2,
    2,
    2,
    2,
    2,
    2,
    2,
    2,
    2,
    2,
    2,
    2,
    2,
    2,
    2,
    2,
    2,
    3,
    3,
    3,
    3,
    3,
    2,
    2,
    2,
    3,
    3,
    2,
    2,
    2,
    2,
    2,
    2,
    2,
    2,
    2,
    2,
    3,
    3,
    3,
    3,
    2,
    2,
    2,
    2,
    2,
    2,
    0,
    0,
    0,
    0,
    0,
    0,
    0,
    0,
    5,
    5,
    5,
    5,
    5,
    5,
    5,
    5,
    5,
    5,
    5,
    2,
    2,
    0,
    0,
    0,
    0,
    0,
    0,
    0,
    0,
    0
  ],
  "y_true": [
    1,
    0,
    0,
    0,
    0,
    0,
    0,
    0,
    0,
    0,
    0,
    0,
    0,
    0,
    0,
    2,
    0,
    0,
    0,
    0,
    0,
    0,
    0,
    0,
    0,
    2,
    0,
    0,
    0,
    0,
    0,
    0,
    0,
    2,
    0,
    0,
    3,
    3,
    3,
    0,
    0,
    0,
    0,
    0,
    0,
    0,
    0,
    0,
    0,
    0,
    0,
    0,
    0,
    0,
    0,
    0,
    0,
    3,
    3,
    0,
    0,
    0,
    0,
    0,
    0,
    0,
    0,
    0,
    0,
    0,
    0,
    0,
    0,
    0,
    0,
    0,
    0,
    0,
    0,
    0,
    0,
    0,
    0,
    0,
    0,
    0,
    0,
    0,
    0,
    0,
    0,
    0,
    0,
    0,
    0,
    0,
    0,
    0,
    0,
    0,
    0,
    0,
    0,
    0,
    0,
    0,
    0,
    0,
    0,
    0,
    0,
    0,
    0,
    0,
    0,
    0,
    0,
    0,
    0,
    0,
    0,
    0,
    0,
    0,
    0,
    0,
    0,
    0,
    0,
    0,
    0,
    0,
    0,
    0,
    0,
    0,
    0,
    0,
    0,
    0,
    0,
    0,
    5,
    5,
    5,
    5,
    5,
    5,
    5,
    5,
    0,
    0,
    0,
    0,
    0,
    0,
    0,
    0,
    0,
    0,
    0,
    0,
    0,
    5,
    5,
    5,
    5,
    5,
    5,
    5,
    5,
    5
  ]
}