{
  "Accuracy": 0.9990626895296907,
  "Macro Precision": 0.9449949355364765,
  "Macro Recall": 0.9887864785350637,
  "Macro F1": 0.9648934161917873,
  "False Alarms": 3,
  "False Alarm Rate": 0.0007136060894386299,
  "Missed Attacks": 12,
  "Detection Rate": 0.9991386117292369,
  "Confusion Matrix (actual_pred)": [
    [
      4201,
      1,
      0,
      1,
      1,
      0
    ],
    [
      1,
      306,
      0,
      0,
      0,
      0
    ],
    [
      0,
      0,
      10,
      0,
      0,
      0
    ],
    [
      0,
      0,
      2,
      30,
      0,
      0
    ],
    [
      0,
      0,
      0,
      0,
      7,
      0
    ],
    [
      11,
      0,
      0,
      0,
      0,
      13566
    ]
  ],
  "misclassified_indices": [
    566,
    877,
    1731,
    1732,
    1796,
    2120,
    2950,
    2951,
    16675,
    16676,
    16678,
    16679,
    16680,
    16719,
    16728,
    16729,
    16766
  ],
  "real_flow_indices": [
    1581,
    2361,
    4564,
    4565,
    4726,
    5491,
    7592,
    7593,
    41890,
    41895,
    41904,
    41905,
    41908,
    42003,
    42019,
    42020,
    42114
  ],
  "y_pred": [
    0,
    1,
    2,
    2,
    3,
    4,
    0,
    0,
    0,
    0,
    0,
    0,
    0,
    0,
    0,
    0,
    0
  ],
  "y_true": [
    1,
    0,
    3,
    3,
    0,
    0,
    5,
    5,
    5,
    5,
    5,
    5,
    5,
    5,
    5,
    5,
    5
  ]
}