{
  "Accuracy": 0.9982941726737468,
  "Macro Precision": 0.8305537854247912,
  "Macro Recall": 0.9382740008764087,
  "Macro F1": 0.8736412935096656,
  "False Alarms": 17,
  "False Alarm Rate": 0.004009433962264151,
  "Missed Attacks": 9,
  "Detection Rate": 0.9993538196438828,
  "Confusion Matrix (actual_pred)": [
    [
      4223,
      1,
      2,
      6,
      5,
      3
    ],
    [
      1,
      306,
      0,
      0,
      0,
      0
    ],
    [
      0,
      0,
      7,
      3,
      0,
      0
    ],
    [
      0,
      0,
      2,
      30,
      0,
      0
    ],
    [
      0,
      0,
      0,
      0,
      7,
      0
    ],
    [
      8,
      0,
      0,
      0,
      0,
      13569
    ]
  ],
  "misclassified_indices": [
    601,
    909,
    1214,
    1256,
    1275,
    1403,
    1762,
    1764,
    1773,
    1779,
    1804,
    1811,
    1812,
    1816,
    2108,
    2150,
    2154,
    2980,
    2981,
    16551,
    16552,
    16553,
    16712,
    16717,
    16718,
    16719,
    16805,
    16806,
    17232,
    17990,
    18096
  ],
  "real_flow_indices": [
    1581,
    2361,
    3166,
    3268,
    3319,
    3676,
    4564,
    4573,
    4599,
    4612,
    4666,
    4685,
    4686,
    4697,
    5381,
    5488,
    5496,
    7592,
    7593,
    41504,
    41507,
    41509,
    41893,
    41904,
    41913,
    41914,
    42113,
    42119,
    43121,
    44978,
    45258
  ],
  "y_pred": [
    0,
    1,
    2,
    3,
    3,
    3,
    2,
    3,
    3,
    3,
    2,
    3,
    3,
    3,
    4,
    4,
    4,
    0,
    0,
    5,
    5,
    5,
    0,
    0,
    0,
    0,
    0,
    0,
    4,
    2,
    4
  ],
  "y_true": [
    1,
    0,
    0,
    2,
    2,
    2,
    3,
    0,
    0,
    0,
    3,
    0,
    0,
    0,
    0,
    0,
    0,
    5,
    5,
    0,
    0,
    0,
    5,
    5,
    5,
    5,
    5,
    5,
    0,
    0,
    0
  ]
}