{
  "Accuracy": 0.998015107239345,
  "Macro Precision": 0.8412699558383672,
  "Macro Recall": 0.971433574899433,
  "Macro F1": 0.8905596287384893,
  "False Alarms": 20,
  "False Alarm Rate": 0.004757373929590866,
  "Missed Attacks": 14,
  "Detection Rate": 0.9989950470174431,
  "Confusion Matrix (actual_pred)": [
    [
      4184,
      3,
      1,
      7,
      7,
      2
    ],
    [
      1,
      306,
      0,
      0,
      0,
      0
    ],
    [
      1,
      0,
      9,
      0,
      0,
      0
    ],
    [
      0,
      0,
      2,
      30,
      0,
      0
    ],
    [
      0,
      0,
      0,
      0,
      7,
      0
    ],
    [
      12,
      0,
      0,
      0,
      0,
      13565
    ]
  ],
  "misclassified_indices": [
    566,
    780,
    876,
    877,
    1076,
    1288,
    1731,
    1732,
    1735,
    1749,
    1754,
    1760,
    1762,
    1784,
    1796,
    2119,
    2120,
    2122,
    2123,
    2125,
    2126,
    2129,
    2950,
    2951,
    2952,
    8483,
    16519,
    16675,
    16676,
    16678,
    16679,
    16680,
    16719,
    16728,
    16729,
    16766
  ],
  "real_flow_indices": [
    1581,
    2112,
    2359,
    2361,
    2862,
    3420,
    4564,
    4565,
    4573,
    4612,
    4621,
    4640,
    4642,
    4686,
    4726,
    5488,
    5491,
    5495,
    5497,
    5503,
    5505,
    5513,
    7592,
    7593,
    7595,
    21033,
    41506,
    41890,
    41895,
    41904,
    41905,
    41908,
    42003,
    42019,
    42020,
    42114
  ],
  "y_pred": [
    0,
    1,
    1,
    1,
    2,
    0,
    2,
    2,
    3,
    3,
    3,
    3,
    3,
    3,
    3,
    4,
    4,
    4,
    4,
    4,
    4,
    4,
    0,
    0,
    0,
    5,
    5,
    0,
    0,
    0,
    0,
    0,
    0,
    0,
    0,
    0
  ],
  "y_true": [
    1,
    0,
    0,
    0,
    0,
    2,
    3,
    3,
    0,
    0,
    0,
    0,
    0,
    0,
    0,
    0,
    0,
    0,
    0,
    0,
    0,
    0,
    5,
    5,
    5,
    0,
    0,
    5,
    5,
    5,
    5,
    5,
    5,
    5,
    5,
    5
  ]
}