{
  "Accuracy": 0.9699509290400838,
  "Macro Precision": 0.5333595663982414,
  "Macro Recall": 0.8183041073296634,
  "Macro F1": 0.5507505419534854,
  "False Alarms": 480,
  "False Alarm Rate": 0.11417697431018078,
  "Missed Attacks": 20,
  "Detection Rate": 0.9985599078341014,
  "Confusion Matrix (actual_pred)": [
    [
      3724,
      8,
      30,
      139,
      301,
      2
    ],
    [
      1,
      302,
      4,
      0,
      0,
      0
    ],
    [
      5,
      0,
      2,
      3,
      0,
      0
    ],
    [
      2,
      0,
      3,
      27,
      0,
      0
    ],
    [
      0,
      0,
      0,
      0,
      7,
      0
    ],
    [
      12,
      0,
      0,
      0,
      35,
      13530
    ]
  ],
  "misclassified_indices": [
    10,
    11,
    12,
    13,
    46,
    48,
    76,
    84,
    85,
    122,
    123,
    275,
    276,
    303,
    304,
    305,
    306,
    307,
    322,
    323,
    566,
    567,
    568,
    569,
    570,
    772,
    774,
    780,
    876,
    877,
    878,
    879,
    880,
    881,
    882,
    883,
    884,
    885,
    886,
    887,
    888,
    889,
    890,
    891,
    892,
    893,
    894,
    895,
    896,
    897,
    898,
    899,
    900,
    901,
    902,
    903,
    904,
    905,
    906,
    907,
    908,
    909,
    910,
    911,
    912,
    913,
    914,
    915,
    1168,
    1193,
    1194,
    1195,
    1196,
    1197,
    1198,
    1199,
    1200,
    1201,
    1202,
    1203,
    1204,
    1205,
    1206,
    1207,
    1208,
    1209,
    1211,
    1212,
    1213,
    1214,
    1215,
    1216,
    1217,
    1218,
    1219,
    1220,
    1221,
    1222,
    1223,
    1224,
    1225,
    1226,
    1227,
    1228,
    1229,
    1230,
    1231,
    1232,
    1233,
    1234,
    1235,
    1236,
    1237,
    1238,
    1239,
    1240,
    1241,
    1242,
    1243,
    1244,
    1245,
    1246,
    1247,
    1248,
    1249,
    1250,
    1251,
    1252,
    1253,
    1254,
    1255,
    1256,
    1257,
    1258,
    1259,
    1260,
    1261,
    1262,
    1263,
    1264,
    1265,
    1288,
    1327,
    1328,
    1329,
    1343,
    1345,
    1346,
    1348,
    1349,
    1373,
    1380,
    1412,
    1413,
    1414,
    1420,
    1421,
    1422,
    1423,
    1462,
    1464,
    1613,
    1614,
    1618,
    1620,
    1703,
    1704,
    1705,
    1706,
    1725,
    1731,
    1732,
    1733,
    1734,
    1736,
    1739,
    1740,
    1741,
    1742,
    1743,
    1749,
    1750,
    1751,
    1754,
    1760,
    1762,
    1763,
    1764,
    1765,
    1766,
    1767,
    1768,
    1769,
    1770,
    1771,
    1772,
    1784,
    1785,
    1786,
    1787,
    1789,
    1790,
    1791,
    1792,
    1793,
    1794,
    1795,
    1796,
    1797,
    1798,
    1799,
    1800,
    1801,
    1802,
    1803,
    1804,
    1805,
    1806,
    1807,
    1808,
    1809,
    1810,
    1811,
    1812,
    1813,
    1814,
    1815,
    1816,
    1817,
    1818,
    1819,
    1820,
    1821,
    1822,
    1823,
    1824,
    1836,
    1879,
    1902,
    1903,
    1904,
    1905,
    1906,
    1907,
    1908,
    1909,
    1910,
    1911,
    1912,
    1913,
    1914,
    1915,
    1916,
    1917,
    1918,
    1919,
    1920,
    1921,
    1922,
    1923,
    1924,
    1925,
    1926,
    1927,
    1928,
    1929,
    1930,
    1931,
    1932,
    1933,
    1934,
    1935,
    1936,
    1937,
    1938,
    1939,
    1940,
    1941,
    1942,
    1943,
    1944,
    1945,
    1946,
    1947,
    1948,
    1949,
    1950,
    1996,
    2004,
    2024,
    2026,
    2027,
    2055,
    2095,
    2106,
    2107,
    2108,
    2109,
    2110,
    2111,
    2112,
    2113,
    2114,
    2115,
    2116,
    2119,
    2120,
    2122,
    2123,
    2125,
    2126,
    2127,
    2128,
    2129,
    2133,
    2134,
    2135,
    2136,
    2137,
    2138,
    2139,
    2140,
    2141,
    2142,
    2143,
    2144,
    2145,
    2153,
    2154,
    2155,
    2156,
    2157,
    2158,
    2159,
    2160,
    2161,
    2238,
    2239,
    2240,
    2241,
    2242,
    2243,
    2244,
    2245,
    2272,
    2273,
    2274,
    2275,
    2371,
    2603,
    2604,
    2605,
    2682,
    2683,
    2684,
    2685,
    2686,
    2687,
    2688,
    2689,
    2690,
    2691,
    2692,
    2693,
    2694,
    2695,
    2696,
    2697,
    2698,
    2699,
    2700,
    2701,
    2702,
    2703,
    2704,
    2705,
    2706,
    2707,
    2708,
    2709,
    2710,
    2711,
    2712,
    2713,
    2714,
    2715,
    2716,
    2717,
    2718,
    2719,
    2720,
    2721,
    2722,
    2723,
    2724,
    2725,
    2726,
    2727,
    2728,
    2729,
    2730,
    2731,
    2732,
    2733,
    2735,
    2736,
    2737,
    2738,
    2739,
    2740,
    2741,
    2745,
    2746,
    2747,
    2856,
    2858,
    2859,
    2861,
    2878,
    2879,
    2880,
    2881,
    2883,
    2884,
    2885,
    2886,
    2887,
    2888,
    2889,
    2890,
    2893,
    2894,
    2947,
    2948,
    2949,
    2950,
    2951,
    2952,
    2953,
    2954,
    2955,
    2956,
    2957,
    2958,
    2959,
    2960,
    2961,
    2962,
    2963,
    2964,
    2965,
    2966,
    2967,
    2968,
    2969,
    2970,
    2971,
    2972,
    2973,
    2974,
    2975,
    2976,
    2977,
    2978,
    2979,
    2980,
    2981,
    2982,
    2983,
    2984,
    2985,
    2986,
    2987,
    8483,
    16519,
    16520,
    16521,
    16522,
    16523,
    16524,
    16525,
    16526,
    16527,
    16528,
    16529,
    16530,
    16531,
    16532,
    16533,
    16534,
    16535,
    16536,
    16537,
    16538,
    16539,
    16540,
    16541,
    16542,
    16543,
    16544,
    16545,
    16546,
    16547,
    16548,
    16549,
    16550,
    16551,
    16552,
    16553,
    16554,
    16555,
    16556,
    16557,
    16558,
    16675,
    16676,
    16678,
    16679,
    16680,
    16718,
    16719,
    16728,
    16729,
    16766,
    16944,
    16945,
    17001,
    17002,
    17003,
    17004,
    17005,
    17006,
    17036,
    17037,
    17038,
    17039,
    17040,
    17041,
    17126,
    17127,
    17128,
    17129,
    17130,
    17232,
    17418
  ],