{
  "Accuracy": 0.9848376247449964,
  "Macro Precision": 0.593772117905094,
  "Macro Recall": 0.915467643988192,
  "Macro F1": 0.6239551263085963,
  "False Alarms": 249,
  "False Alarm Rate": 0.05922930542340628,
  "Missed Attacks": 16,
  "Detection Rate": 0.9988508223802341,
  "Confusion Matrix (actual_pred)": [
    [
      3955,
      8,
      93,
      25,
      119,
      4
    ],
    [
      1,
      306,
      0,
      0,
      0,
      0
    ],
    [
      1,
      0,
      9,
      0,
      0,
      0
    ],
    [
      1,
      0,
      10,
      21,
      0,
      0
    ],
    [
      0,
      0,
      0,
      0,
      7,
      0
    ],
    [
      13,
      0,
      0,
      0,
      0,
      13564
    ]
  ],
  "misclassified_indices": [
    91,
    290,
    291,
    566,
    772,
    774,
    780,
    876,
    877,
    878,
    879,
    880,
    881,
    882,
    883,
    884,
    885,
    886,
    887,
    888,
    889,
    890,
    891,
    892,
    893,
    894,
    895,
    896,
    897,
    898,
    899,
    900,
    901,
    902,
    903,
    904,
    905,
    906,
    907,
    908,
    909,
    910,
    911,
    912,
    913,
    914,
    915,
    995,
    1058,
    1095,
    1227,
    1228,
    1229,
    1230,
    1231,
    1232,
    1233,
    1234,
    1235,
    1236,
    1237,
    1238,
    1239,
    1240,
    1241,
    1242,
    1243,
    1244,
    1245,
    1246,
    1247,
    1248,
    1249,
    1250,
    1251,
    1252,
    1253,
    1254,
    1255,
    1256,
    1257,
    1258,
    1259,
    1260,
    1261,
    1262,
    1263,
    1264,
    1289,
    1343,
    1731,
    1732,
    1734,
    1737,
    1738,
    1739,
    1740,
    1741,
    1742,
    1743,
    1744,
    1745,
    1746,
    1747,
    1748,
    1749,
    1750,
    1751,
    1752,
    1754,
    1760,
    1762,
    1763,
    1764,
    1765,
    1766,
    1767,
    1768,
    1769,
    1770,
    1784,
    1785,
    1786,
    1787,
    1789,
    1790,
    1791,
    1792,
    1793,
    1794,
    1795,
    1796,
    1797,
    1798,
    1799,
    1800,
    1801,
    1802,
    1803,
    1804,
    1805,
    1806,
    1807,
    1808,
    1809,
    1810,
    1811,
    1812,
    1813,
    1814,
    1815,
    1816,
    1817,
    1818,
    1819,
    1820,
    1821,
    1822,
    1823,
    1836,
    1931,
    2106,
    2107,
    2108,
    2109,
    2110,
    2111,
    2112,
    2113,
    2114,
    2115,
    2116,
    2119,
    2120,
    2122,
    2123,
    2125,
    2126,
    2127,
    2128,
    2129,
    2133,
    2134,
    2135,
    2136,
    2137,
    2138,
    2139,
    2140,
    2141,
    2142,
    2143,
    2144,
    2145,
    2146,
    2147,
    2148,
    2149,
    2150,
    2151,
    2152,
    2153,
    2154,
    2155,
    2156,
    2157,
    2158,
    2159,
    2242,
    2570,
    2571,
    2678,
    2765,
    2950,
    2951,
    2952,
    2953,
    8483,
    16519,
    16520,
    16521,
    16522,
    16523,
    16524,
    16525,
    16526,
    16527,
    16528,
    16529,
    16530,
    16531,
    16532,
    16533,
    16534,
    16535,
    16536,
    16537,
    16538,
    16539,
    16540,
    16541,
    16542,
    16543,
    16544,
    16545,
    16546,
    16547,
    16548,
    16549,
    16550,
    16551,
    16552,
    16553,
    16554,
    16555,
    16556,
    16557,
    16675,
    16676,
    16678,
    16679,
    16680,
    16685,
    16719,
    16728,
    16729,
    16766,
    16847,
    17183,
    17184,
    17197,
    17198,
    17346,
    17439,
    17496
  ],
  "real_flow_indices": [
    355,
    862,
    863,
    1581,
    2097,
    2099,
    2112,
    2359,
    2361,
    2362,
    2363,
    2364,
    2371,
    2372,
    2373,
    2374,
    2376,
    2378,
    2380,
    2383,
    2387,
    2388,
    2389,
    2390,
    2391,
    2392,
    2393,
    2395,
    2396,
    2397,
    2400,
    2402,
    2405,
    2407,
    2409,
    2415,
    2416,
    2423,
    2424,
    2425,
    2426,
    2427,
    2429,
    2432,
    2436,
    2441,
    2451,
    2642,
    2810,
    2916,
    3271,
    3272,
    3273,
    3274,
    3276,
    3277,
    3282,
    3284,
    3286,
    3289,
    3294,
    3298,
    3299,
    3305,
    3308,
    3309,
    3314,
    3320,
    3324,
    3326,
    3328,
    3329,
    3332,
    3333,
    3334,
    3339,
    3341,
    3344,
    3345,
    3350,
    3351,
    3352,
    3353,
    3354,
    3357,
    3359,
    3360,
    3362,
    3422,
    3556,
    4564,
    4565,
    4570,
    4587,
    4591,
    4596,
    4597,
    4598,
    4600,
    4601,
    4603,
    4604,
    4607,
    4609,
    4611,
    4612,
    4613,
    4614,
    4619,
    4621,
    4640,
    4642,
    4645,
    4648,
    4649,
    4652,
    4653,
    4655,
    4656,
    4660,
    4686,
    4687,
    4688,
    4690,
    4704,
    4705,
    4709,
    4710,
    4717,
    4719,
    4723,
    4726,
    4731,
    4732,
    4737,
    4740,
    4744,
    4746,
    4748,
    4751,
    4753,
    4756,
    4757,
    4764,
    4765,
    4766,
    4767,
    4768,
    4769,
    4776,
    4777,
    4779,
    4782,
    4784,
    4785,
    4786,
    4789,
    4790,
    4791,
    4831,
    5034,
    5458,
    5462,
    5463,
    5464,
    5466,
    5468,
    5470,
    5471,
    5477,
    5479,
    5483,
    5488,
    5491,
    5495,
    5497,
    5503,
    5505,
    5508,
    5511,
    5513,
    5527,
    5535,
    5539,
    5543,
    5545,
    5546,
    5551,
    5552,
    5553,
    5556,
    5557,
    5563,
    5565,
    5569,
    5570,
    5573,
    5575,
    5577,
    5578,
    5579,
    5580,
    5581,
    5582,
    5583,
    5584,
    5587,
    5588,
    5792,
    6621,
    6622,
    6908,
    7102,
    7592,
    7593,
    7595,
    7597,
    21033,
    41506,
    41513,
    41514,
    41517,
    41518,
    41520,
    41521,
    41526,
    41528,
    41531,
    41532,
    41536,
    41538,
    41539,
    41540,
    41541,
    41544,
    41546,
    41548,
    41549,
    41553,
    41554,
    41558,
    41561,
    41562,
    41564,
    41566,
    41567,
    41568,
    41570,
    41571,
    41572,
    41576,
    41578,
    41580,
    41586,
    41587,
    41588,
    41594,
    41890,
    41895,
    41904,
    41905,
    41908,
    41925,
    42003,
    42019,
    42020,
    42114,
    42294,
    43122,
    43123,
    43146,
    43147,
    43529,
    43754,
    43895
  ],