{
  "Accuracy": 0.9978539591701976,
  "Macro Precision": 0.8049108264072758,
  "Macro Recall": 0.9764643751474544,
  "Macro F1": 0.8669385807889493,
  "False Alarms": 25,
  "False Alarm Rate": 0.00589622641509434,
  "Missed Attacks": 10,
  "Detection Rate": 0.9992820733721014,
  "Confusion Matrix (actual_pred)": [
    [
      4215,
      2,
      6,
      6,
      8,
      3
    ],
    [
      1,
      306,
      0,
      0,
      0,
      0
    ],
    [
      0,
      0,
      9,
      1,
      0,
      0
    ],
    [
      0,
      0,
      1,
      31,
      0,
      0
    ],
    [
      0,
      0,
      0,
      0,
      7,
      0
    ],
    [
      9,
      2,
      0,
      0,
      0,
      13566
    ]
  ],
  "misclassified_indices": [
    411,
    412,
    601,
    803,
    909,
    1337,
    1762,
    1764,
    1811,
    1812,
    1814,
    1828,
    2137,
    2138,
    2139,
    2140,
    2150,
    2154,
    2155,
    2162,
    2980,
    2981,
    2982,
    2983,
    2984,
    16551,
    16552,
    16553,
    16712,
    16717,
    16718,
    16719,
    16728,
    16805,
    16806,
    17240,
    17990,
    18096,
    18097
  ],
  "real_flow_indices": [
    1105,
    1107,
    1581,
    2095,
    2361,
    3468,
    4564,
    4573,
    4685,
    4686,
    4690,
    4727,
    5468,
    5469,
    5470,
    5471,
    5488,
    5496,
    5497,
    5519,
    7592,
    7593,
    7595,
    7597,
    7599,
    41504,
    41507,
    41509,
    41893,
    41904,
    41913,
    41914,
    41931,
    42113,
    42119,
    43149,
    44978,
    45258,
    45259
  ],
  "y_pred": [
    4,
    4,
    0,
    1,
    1,
    3,
    2,
    3,
    3,
    3,
    3,
    3,
    2,
    2,
    2,
    2,
    4,
    4,
    4,
    4,
    0,
    0,
    0,
    1,
    1,
    5,
    5,
    5,
    0,
    0,
    0,
    0,
    3,
    0,
    0,
    2,
    2,
    4,
    4
  ],
  "y_true": [
    0,
    0,
    1,
    0,
    0,
    2,
    3,
    0,
    0,
    0,
    0,
    0,
    0,
    0,
    0,
    0,
    0,
    0,
    0,
    0,
    5,
    5,
    5,
    5,
    5,
    0,
    0,
    0,
    5,
    5,
    5,
    5,
    0,
    5,
    5,
    0,
    0,
    0,
    0
  ]
}