{
  "Accuracy": 0.9991745996808452,
  "Macro Precision": 0.9345474023983087,
  "Macro Recall": 0.9555032576707562,
  "Macro F1": 0.9443308196523273,
  "False Alarms": 3,
  "False Alarm Rate": 0.0007075471698113207,
  "Missed Attacks": 8,
  "Detection Rate": 0.9994256586976811,
  "Confusion Matrix (actual_pred)": [
    [
      4237,
      1,
      0,
      1,
      1,
      0
    ],
    [
      1,
      306,
      0,
      0,
      0,
      0
    ],
    [
      0,
      0,
      8,
      1,
      0,
      1
    ],
    [
      0,
      0,
      2,
      30,
      0,
      0
    ],
    [
      0,
      0,
      0,
      0,
      7,
      0
    ],
    [
      7,
      0,
      0,
      0,
      0,
      13570
    ]
  ],
  "misclassified_indices": [
    601,
    909,
    1256,
    1275,
    1762,
    1804,
    1811,
    2162,
    2980,
    16712,
    16717,
    16718,
    16719,
    16805,
    16806
  ],
  "real_flow_indices": [
    1581,
    2361,
    3268,
    3319,
    4564,
    4666,
    4685,
    5519,
    7592,
    41893,
    41904,
    41913,
    41914,
    42113,
    42119
  ],
  "y_pred": [
    0,
    1,
    5,
    3,
    2,
    2,
    3,
    4,
    0,
    0,
    0,
    0,
    0,
    0,
    0
  ],
  "y_true": [
    1,
    0,
    2,
    2,
    3,
    3,
    0,
    0,
    5,
    5,
    5,
    5,
    5,
    5,
    5
  ]
}