{
  "Accuracy": 0.9971936389148737,
  "Macro Precision": 0.7481642215819594,
  "Macro Recall": 0.9541692608726197,
  "Macro F1": 0.8118530614942029,
  "False Alarms": 36,
  "False Alarm Rate": 0.008490566037735849,
  "Missed Attacks": 10,
  "Detection Rate": 0.9992820218265365,
  "Confusion Matrix (actual_pred)": [
    [
      4204,
      2,
      12,
      7,
      12,
      3
    ],
    [
      1,
      306,
      0,
      0,
      0,
      0
    ],
    [
      0,
      0,
      8,
      2,
      0,
      0
    ],
    [
      0,
      0,
      2,
      30,
      0,
      0
    ],
    [
      0,
      0,
      0,
      0,
      7,
      0
    ],
    [
      9,
      1,
      0,
      0,
      0,
      13567
    ]
  ],
  "misclassified_indices": [
    410,
    411,
    412,
    434,
    601,
    803,
    909,
    1214,
    1243,
    1275,
    1403,
    1527,
    1762,
    1764,
    1773,
    1804,
    1811,
    1812,
    1813,
    1814,
    2137,
    2138,
    2140,
    2150,
    2154,
    2155,
    2162,
    2597,
    2728,
    2879,
    2980,
    2981,
    2982,
    2983,
    16551,
    16552,
    16553,
    16712,
    16717,
    16718,
    16719,
    16728,
    16805,
    16806,
    17232,
    17240,
    17241,
    17626,
    17990,
    18096,
    18097
  ],
  "real_flow_indices": [
    1104,
    1105,
    1107,
    1166,
    1581,
    2095,
    2361,
    3166,
    3240,
    3319,
    3676,
    3942,
    4564,
    4573,
    4599,
    4666,
    4685,
    4686,
    4689,
    4690,
    5468,
    5469,
    5471,
    5488,
    5496,
    5497,
    5519,
    6622,
    6939,
    7330,
    7592,
    7593,
    7595,
    7597,
    41504,
    41507,
    41509,
    41893,
    41904,
    41913,
    41914,
    41931,
    42113,
    42119,
    43121,
    43149,
    43150,
    44105,
    44978,
    45258,
    45259
  ],
  "y_pred": [
    4,
    4,
    4,
    4,
    0,
    1,
    1,
    2,
    2,
    3,
    3,
    2,
    2,
    3,
    3,
    2,
    3,
    3,
    3,
    3,
    2,
    2,
    2,
    4,
    4,
    4,
    4,
    2,
    2,
    2,
    0,
    0,
    0,
    1,
    5,
    5,
    5,
    0,
    0,
    0,
    0,
    3,
    0,
    0,
    4,
    2,
    2,
    4,
    2,
    4,
    4
  ],
  "y_true": [
    0,
    0,
    0,
    0,
    1,
    0,
    0,
    0,
    0,
    2,
    2,
    0,
    3,
    0,
    0,
    3,
    0,
    0,
    0,
    0,
    0,
    0,
    0,
    0,
    0,
    0,
    0,
    0,
    0,
    0,
    5,
    5,
    5,
    5,
    0,
    0,
    0,
    5,
    5,
    5,
    5,
    0,
    5,
    5,
    0,
    0,
    0,
    0,
    0,
    0,
    0
  ]
}