{
  "Accuracy": 0.9859681945743686,
  "Macro Precision": 0.4980677275995924,
  "Macro Recall": 0.6564689327982838,
  "Macro F1": 0.5012913509595981,
  "False Alarms": 202,
  "False Alarm Rate": 0.04764150943396227,
  "Missed Attacks": 16,
  "Detection Rate": 0.9988485895221646,
  "Confusion Matrix (actual_pred)": [
    [
      4038,
      2,
      0,
      0,
      195,
      5
    ],
    [
      1,
      303,
      0,
      0,
      0,
      3
    ],
    [
      4,
      1,
      0,
      0,
      5,
      0
    ],
    [
      4,
      9,
      0,
      0,
      18,
      1
    ],
    [
      0,
      0,
      0,
      0,
      7,
      0
    ],
    [
      7,
      0,
      0,
      0,
      0,
      13570
    ]
  ],
  "misclassified_indices": [
    10,
    11,
    12,
    13,
    81,
    219,
    220,
    303,
    304,
    305,
    318,
    319,
    320,
    410,
    411,
    412,
    434,
    601,
    803,
    804,
    805,
    806,
    909,
    1063,
    1194,
    1214,
    1215,
    1233,
    1242,
    1243,
    1244,
    1245,
    1252,
    1253,
    1254,
    1255,
    1256,
    1257,
    1275,
    1318,
    1319,
    1320,
    1321,
    1322,
    1337,
    1340,
    1341,
    1365,
    1366,
    1403,
    1406,
    1457,
    1458,
    1459,
    1460,
    1461,
    1473,
    1474,
    1475,
    1527,
    1528,
    1697,
    1698,
    1699,
    1700,
    1701,
    1710,
    1711,
    1725,
    1726,
    1727,
    1762,
    1763,
    1764,
    1766,
    1767,
    1768,
    1769,
    1770,
    1771,
    1772,
    1774,
    1775,
    1776,
    1777,
    1778,
    1779,
    1781,
    1782,
    1783,
    1784,
    1785,
    1786,
    1787,
    1788,
    1789,
    1790,
    1791,
    1792,
    1804,
    1805,
    1806,
    1807,
    1808,
    1809,
    1810,
    1811,
    1812,
    1813,
    1814,
    1815,
    1816,
    1817,
    1818,
    1934,
    1935,
    1936,
    1937,
    1941,
    1942,
    2017,
    2018,
    2044,
    2132,
    2133,
    2134,
    2135,
    2136,
    2137,
    2138,
    2139,
    2140,
    2141,
    2142,
    2143,
    2144,
    2150,
    2154,
    2193,
    2194,
    2365,
    2366,
    2367,
    2368,
    2560,
    2594,
    2595,
    2596,
    2597,
    2598,
    2614,
    2615,
    2666,
    2667,
    2668,
    2709,
    2710,
    2711,
    2712,
    2713,
    2714,
    2718,
    2719,
    2720,
    2721,
    2722,
    2723,
    2724,
    2727,
    2728,
    2729,
    2730,
    2731,
    2736,
    2737,
    2746,
    2747,
    2751,
    2784,
    2799,
    2871,
    2872,
    2873,
    2874,
    2875,
    2878,
    2879,
    2880,
    2881,
    2882,
    2883,
    2889,
    2894,
    2895,
    2896,
    2898,
    2899,
    2900,
    2942,
    2943,
    2945,
    2965,
    2966,
    2967,
    2968,
    2980,
    16551,
    16552,
    16554,
    16662,
    16663,
    16712,
    16717,
    16718,
    16719,
    16722,
    16728,
    16805,
    16806,
    16938,
    16942,
    16943,
    16944,
    16963,
    16964,
    17034,
    17128,
    17129,
    17130,
    17131,
    17132,
    17133,
    17235,
    17239,
    17240,
    17241,
    17486,
    17539,
    17561,
    17562,
    17625,
    17626,
    17630,
    17631,
    17987,
    17989,
    17990,
    18015,
    18096,
    18142,
    18144,
    18145,
    18146,
    18159,
    18160
  ],
  "real_flow_indices": [
    46,
    47,
    48,
    50,
    225,
    582,
    584,
    825,
    826,
    827,
    864,
    866,
    867,
    1104,
    1105,
    1107,
    1166,
    1581,
    2095,
    2098,
    2100,
    2103,
    2361,
    2754,
    3101,
    3166,
    3167,
    3216,
    3238,
    3240,
    3243,
    3244,
    3258,
    3259,
    3264,
    3266,
    3268,
    3270,
    3319,
    3419,
    3421,
    3422,
    3423,
    3425,
    3468,
    3478,
    3481,
    3558,
    3562,
    3676,
    3679,
    3782,
    3792,
    3793,
    3794,
    3795,
    3826,
    3827,
    3829,
    3942,
    3943,
    4396,
    4399,
    4401,
    4402,
    4405,
    4432,
    4433,
    4473,
    4476,
    4478,
    4564,
    4571,
    4573,
    4578,
    4585,
    4589,
    4590,
    4591,
    4595,
    4597,
    4605,
    4607,
    4608,
    4610,
    4611,
    4612,
    4617,
    4618,
    4619,
    4622,
    4623,
    4631,
    4632,
    4634,
    4635,
    4636,
    4638,
    4641,
    4666,
    4667,
    4674,
    4676,
    4677,
    4678,
    4683,
    4685,
    4686,
    4689,
    4690,
    4696,
    4697,
    4698,
    4699,
    4969,
    4970,
    4972,
    4973,
    4988,
    4993,
    5157,
    5158,
    5224,
    5456,
    5460,
    5461,
    5464,
    5466,
    5468,
    5469,
    5470,
    5471,
    5472,
    5473,
    5474,
    5475,
    5488,
    5496,
    5605,
    5607,
    6017,
    6023,
    6025,
    6026,
    6522,
    6618,
    6619,
    6621,
    6622,
    6625,
    6665,
    6666,
    6804,
    6806,
    6807,
    6909,
    6911,
    6912,
    6914,
    6916,
    6917,
    6925,
    6926,
    6927,
    6928,
    6930,
    6932,
    6933,
    6938,
    6939,
    6941,
    6942,
    6944,
    6956,
    6957,
    6978,
    6980,
    6986,
    7062,
    7112,
    7312,
    7315,
    7316,
    7317,
    7321,
    7329,
    7330,
    7332,
    7333,
    7335,
    7337,
    7351,
    7363,
    7364,
    7365,
    7371,
    7374,
    7375,
    7497,
    7500,
    7508,
    7561,
    7563,
    7565,
    7567,
    7592,
    41504,
    41507,
    41511,
    41767,
    41769,
    41893,
    41904,
    41913,
    41914,
    41922,
    41931,
    42113,
    42119,
    42453,
    42469,
    42470,
    42472,
    42510,
    42515,
    42665,
    42875,
    42876,
    42877,
    42880,
    42881,
    42884,
    43126,
    43144,
    43149,
    43150,
    43761,
    43897,
    43952,
    43954,
    44104,
    44105,
    44116,
    44117,
    44974,
    44976,
    44978,
    45044,
    45258,
    45360,
    45363,
    45364,
    45367,
    45407,
    45409
  ],
  "y_pred": [
    4,
    4,
    4,
    4,
    4,
    4,
    4,
    4,
    4,
    4,
    4,
    4,
    4,
    4,
    4,
    4,
    4,
    0,
    5,
    5,
    5,
    5,
    1,
    4,
    0,
    4,
    4,
    4,
    4,
    4,
    4,
    4,
    4,
    4,
    4,
    4,
    1,
    5,
    0,
    4,
    4,
    4,
    4,
    4,
    0,
    4,
    4,
    4,
    4,
    0,
    4,
    4,
    4,
    4,
    4,
    4,
    4,
    4,
    4,
    4,
    4,
    4,
    4,
    4,
    4,
    4,
    4,
    4,
    4,
    4,
    4,
    0,
    0,
    4,
    4,
    1,
    4,
    4,
    4,
    4,
    4,
    4,
    4,
    4,
    1,
    4,
    4,
    4,
    4,
    5,
    4,
    4,
    4,
    4,
    4,
    4,
    1,
    1,
    4,
    0,
    0,
    1,
    1,
    1,
    1,
    1,
    1,
    4,
    4,
    4,
    4,
    4,
    4,
    4,
    4,
    4,
    4,
    4,
    4,
    4,
    4,
    4,
    4,
    4,
    4,
    4,
    4,
    4,
    4,
    4,
    4,
    4,
    4,
    4,
    4,
    4,
    4,
    4,
    4,
    4,
    4,
    4,
    4,
    4,
    4,
    4,
    4,
    4,
    4,
    4,
    4,
    4,
    4,
    4,
    4,
    4,
    4,
    4,
    4,
    4,
    4,
    4,
    4,
    4,
    4,
    4,
    4,
    4,
    4,
    4,
    4,
    4,
    4,
    4,
    4,
    4,
    4,
    4,
    4,
    4,
    4,
    4,
    4,
    4,
    4,
    4,
    4,
    4,
    4,
    4,
    4,
    4,
    4,
    4,
    4,
    4,
    4,
    4,
    4,
    4,
    4,
    4,
    4,
    4,
    4,
    0,
    5,
    5,
    4,
    4,
    4,
    0,
    0,
    0,
    0,
    4,
    4,
    0,
    0,
    4,
    4,
    4,
    4,
    4,
    4,
    4,
    4,
    4,
    4,
    4,
    4,
    4,
    4,
    4,
    4,
    4,
    4,
    4,
    4,
    4,
    4,
    4,
    4,
    4,
    4,
    4,
    5,
    4,
    4,
    4,
    4,
    4,
    4,
    4,
    4
  ],