{
  "Accuracy": 0.9983553097972494,
  "Macro Precision": 0.7637929518854681,
  "Macro Recall": 0.9485125399622273,
  "Macro F1": 0.8264443610592295,
  "False Alarms": 222,
  "False Alarm Rate": 0.001662298764507675,
  "Missed Attacks": 8,
  "Detection Rate": 0.9989344698987747,
  "Confusion Matrix (actual_pred)": [
    [
      133328,
      106,
      13,
      91,
      12
    ],
    [
      1,
      2267,
      0,
      0,
      0
    ],
    [
      0,
      2,
      8,
      0,
      0
    ],
    [
      5,
      0,
      0,
      86,
      0
    ],
    [
      2,
      0,
      0,
      0,
      5139
    ]
  ],
  "misclassified_indices": [
    2288,
    2289,
    2301,
    36315,
    37479,
    38072,
    61652,
    65132,
    67598,
    67722,
    70441,
    71483,
    72986,
    74697,
    84727,
    98460,
    100432,
    101515,
    101516,
    103067,
    103545,
    109494,
    109859,
    109862,
    109863,
    109865,
    110010,
    115333,
    115334,
    115872,
    115888,
    115916,
    115917,
    116017,
    116058,
    116059,
    116060,
    116061,
    116062,
    116063,
    116096,
    116097,
    116098,
    116099,
    116352,
    116597,
    116598,
    116751,
    116752,
    117004,
    118360,
    118361,
    118362,
    119446,
    119447,
    119448,
    119576,
    119577,
    119579,
    119755,
    120090,
    120762,
    120763,
    121672,
    121688,
    121693,
    121698,
    121732,
    121738,
    124271,
    124274,
    124292,
    124301,
    124306,
    124316,
    124321,
    124326,
    124333,
    124334,
    124336,
    124339,
    124341,
    124342,
    124347,
    124349,
    124354,
    124358,
    124361,
    124365,
    124366,
    124375,
    124423,
    124429,
    124430,
    124436,
    124437,
    124444,
    124448,
    124451,
    124453,
    124458,
    124461,
    124465,
    124467,
    124468,
    124478,
    124480,
    124483,
    124484,
    124485,
    124486,
    124489,
    124491,
    124496,
    124499,
    124503,
    124504,
    124506,
    124508,
    124510,
    124512,
    124514,
    124515,
    124520,
    124522,
    124530,
    124531,
    124537,
    124540,
    124549,
    124550,
    124552,
    124575,
    124578,
    124579,
    124581,
    124582,
    124586,
    124587,
    124593,
    124594,
    124607,
    124610,
    124615,
    124618,
    124623,
    124642,
    124646,
    124854,
    125665,
    125666,
    125758,
    125759,
    125774,
    125803,
    125811,
    125905,
    125906,
    125926,
    125927,
    125935,
    125936,
    125992,
    126029,
    126030,
    126059,
    126067,
    126068,
    126086,
    126101,
    126244,
    126270,
    126317,
    126327,
    126528,
    126845,
    126916,
    126995,
    127323,
    127332,
    127333,
    127343,
    127369,
    127370,
    127435,
    127436,
    127461,
    127512,
    127513,
    127589,
    127635,
    127651,
    128623,
    128758,
    128760,
    128917,
    128927,
    129259,
    129789,
    129817,
    130259,
    134979,
    134983,
    134991,
    135015,
    135016,
    135080,
    135081,
    135088,
    135089,
    135096,
    135117,
    135137,
    135158,
    135165,
    135166,
    135174,
    135277,
    135284,
    135285,
    135615,
    135620,
    135996,
    137085,
    137086,
    137087,
    137395,
    137418,
    137655,
    137657,
    138188,
    138618
  ],
  "real_flow_indices": [
    6081,
    6082,
    6113,
    91123,
    94049,
    95505,
    154609,
    163370,
    169599,
    169910,
    176666,
    179307,
    183108,
    187309,
    212500,
    246642,
    251743,
    254450,
    254451,
    258340,
    259562,
    274416,
    275293,
    275300,
    275301,
    275305,
    275640,
    288987,
    288989,
    290326,
    290348,
    290411,
    290413,
    290635,
    290716,
    290720,
    290721,
    290722,
    290723,
    290724,
    290805,
    290806,
    290808,
    290809,
    291390,
    292000,
    292001,
    292373,
    292374,
    292962,
    296340,
    296341,
    296342,
    299097,
    299098,
    299099,
    299391,
    299394,
    299399,
    299864,
    300670,
    302310,
    302311,
    304635,
    304670,
    304685,
    304695,
    304763,
    304776,
    311256,
    311263,
    311303,
    311320,
    311328,
    311347,
    311363,
    311371,
    311390,
    311393,
    311399,
    311406,
    311408,
    311414,
    311426,
    311431,
    311438,
    311443,
    311447,
    311453,
    311454,
    311481,
    311596,
    311611,
    311614,
    311632,
    311635,
    311656,
    311671,
    311674,
    311677,
    311692,
    311698,
    311707,
    311713,
    311716,
    311737,
    311744,
    311753,
    311754,
    311755,
    311756,
    311767,
    311770,
    311790,
    311795,
    311808,
    311813,
    311816,
    311819,
    311822,
    311825,
    311831,
    311834,
    311843,
    311846,
    311860,
    311863,
    311891,
    311897,
    311919,
    311920,
    311924,
    311986,
    311990,
    311991,
    311995,
    311998,
    312007,
    312011,
    312024,
    312025,
    312056,
    312067,
    312081,
    312089,
    312104,
    312141,
    312150,
    312664,
    314684,
    314685,
    314901,
    314902,
    314939,
    315013,
    315034,
    315292,
    315293,
    315332,
    315333,
    315354,
    315355,
    315508,
    315621,
    315622,
    315695,
    315715,
    315716,
    315756,
    315789,
    316139,
    316205,
    316310,
    316329,
    316771,
    317508,
    317663,
    317851,
    318646,
    318666,
    318667,
    318693,
    318767,
    318768,
    318961,
    318962,
    319014,
    319138,
    319139,
    319346,
    319450,
    319480,
    321933,
    322278,
    322282,
    322705,
    322727,
    323533,
    324781,
    324837,
    325946,
    337745,
    337753,
    337780,
    337831,
    337832,
    337997,
    337998,
    338013,
    338014,
    338029,
    338072,
    338116,
    338165,
    338177,
    338178,
    338192,
    338444,
    338457,
    338458,
    339376,
    339389,
    340284,
    342945,
    342946,
    342948,
    343706,
    343747,
    344316,
    344319,
    345670,
    346759
  ],
  "y_pred": [
    4,
    4,
    4,
    4,
    4,
    3,
    0,
    4,
    3,
    3,
    4,
    0,
    4,
    3,
    3,
    3,
    4,
    4,
    4,
    3,
    3,
    4,
    1,
    1,
    1,
    0,
    1,
    1,
    1,
    1,
    1,
    1,
    1,
    1,
    1,
    1,
    1,
    1,
    1,
    1,
    1,
    1,
    1,
    1,
    1,
    1,
    1,
    1,
    1,
    1,
    1,
    1,
    1,
    1,
    1,
    1,
    1,
    1,
    1,
    1,
    1,
    1,
    1,
    1,
    1,
    1,
    1,
    1,
    1,
    1,
    1,
    1,
    1,
    1,
    1,
    1,
    1,
    1,
    1,
    1,
    1,
    1,
    1,
    1,
    1,
    1,
    1,
    1,
    1,
    1,
    1,
    1,
    1,
    1,
    1,
    1,
    1,
    1,
    1,
    1,
    1,
    1,
    1,
    1,
    1,
    1,
    1,
    1,
    1,
    1,
    1,
    1,
    1,
    1,
    1,
    1,
    1,
    1,
    1,
    1,
    1,
    1,
    1,
    1,
    1,
    1,
    1,
    1,
    1,
    1,
    1,
    2,
    2,
    2,
    2,
    2,
    2,
    2,
    2,
    2,
    2,
    3,
    2,
    3,
    2,
    2,
    3,
    3,
    0,
    0,
    0,
    0,
    0,
    3,
    3,
    3,
    3,
    3,
    3,
    3,
    3,
    3,
    3,
    3,
    3,
    3,
    3,
    3,
    3,
    3,
    3,
    3,
    3,
    3,
    3,
    3,
    3,
    3,
    3,
    3,
    3,
    3,
    3,
    3,
    3,
    3,
    3,
    3,
    3,
    3,
    3,
    3,
    3,
    3,
    3,
    3,
    3,
    3,
    3,
    3,
    3,
    3,
    3,
    3,
    3,
    3,
    3,
    3,
    3,
    3,
    3,
    3,
    3,
    3,
    3,
    3,
    3,
    3,
    3,
    3,
    3,
    3,
    3,
    3,
    3,
    3,
    3,
    3,
    3,
    3,
    3,
    3
  ],