{
  "accuracy": 0.731178095257019,
  "precision": 0.356728745163673,
  "recall": 0.41962926464591543,
  "f1": 0.3796817723066244,
  "confusion_matrix": [
    [
      36782,
      0,
      0,
      3,
      0,
      0
    ],
    [
      1,
      7,
      0,
      0,
      0,
      0
    ],
    [
      3,
      0,
      0,
      6,
      0,
      0
    ],
    [
      5,
      0,
      0,
      9,
      0,
      0
    ],
    [
      5,
      0,
      0,
      4,
      0,
      0
    ],
    [
      13502,
      0,
      0,
      0,
      0,
      0
    ]
  ],
  "misclassified_info": {}
}