{
  "accuracy": 0.6842649075049179,
  "precision": 0.6179035143178163,
  "recall": 0.7603760266606406,
  "f1": 0.6479775094191867,
  "confusion_matrix": [
    [
      20907,
      2,
      3,
      2,
      11,
      15860
    ],
    [
      0,
      7,
      1,
      0,
      0,
      0
    ],
    [
      0,
      0,
      5,
      4,
      0,
      0
    ],
    [
      0,
      0,
      2,
      11,
      1,
      0
    ],
    [
      2,
      0,
      0,
      0,
      7,
      0
    ],
    [
      2,
      0,
      0,
      0,
      0,
      13500
    ]
  ],
  "misclassified_info": {}
}