{
  "accuracy": 0.6848013988515111,
  "precision": 0.800687297533059,
  "recall": 0.8213267966504211,
  "f1": 0.7832988684147666,
  "confusion_matrix": [
    [
      20930,
      0,
      2,
      1,
      2,
      15850
    ],
    [
      0,
      7,
      1,
      0,
      0,
      0
    ],
    [
      1,
      0,
      7,
      1,
      0,
      0
    ],
    [
      1,
      0,
      0,
      13,
      0,
      0
    ],
    [
      2,
      0,
      0,
      0,
      7,
      0
    ],
    [
      2,
      0,
      0,
      0,
      0,
      13500
    ]
  ]
}