{"accuracy": [0.8968674540519714, 0.9404256939888, 0.9777129888534546, 0.9932726621627808, 0.9964817762374878, 0.9982482194900513, 0.9986162781715393, 0.9990578889846802, 0.9993522763252258, 0.9997056126594543, 0.9998380541801453, 0.9997644424438477, 0.9999116659164429, 0.9999116659164429, 0.9996172785758972, 0.9998969435691833, 0.9998674988746643, 0.9998527765274048, 0.9999558329582214, 0.9999558329582214, 0.9998527765274048, 0.9998969435691833, 0.9999558329582214, 0.9997791647911072], "loss": [0.7793027758598328, 0.18552502989768982, 0.12518301606178284, 0.023780623450875282, 0.00849702674895525, 0.0037140208296477795, 0.003594880225136876, 0.0037021832540631294, 0.001313868910074234, 0.0010472359135746956, 0.0007375690038315952, 0.000656647200230509, 0.00036798909422941506, 0.00033677040482871234, 0.01781683973968029, 0.0004318392602726817, 0.0003655528125818819, 0.0005153208039700985, 0.00023905675334390253, 0.0002033141063293442, 0.025046559050679207, 0.0005944424192421138, 0.00025156483752653003, 0.0009867174085229635], "val_accuracy": [0.9966878890991211, 0.9964228868484497, 0.9941706657409668, 0.9944356083869934, 0.9981452226638794, 0.9998674988746643, 1.0, 0.9974827766418457, 1.0, 1.0, 1.0, 1.0, 1.0, 0.999470055103302, 1.0, 1.0, 1.0, 1.0, 1.0, 1.0, 1.0, 1.0, 1.0, 1.0], "val_loss": [0.15017318725585938, 0.057179566472768784, 0.013758065178990364, 0.013007747940719128, 0.0020153827499598265, 0.0006372580537572503, 0.0004475076275411993, 0.0036455998197197914, 0.00012924234033562243, 0.0001320393494097516, 0.00020308457897044718, 0.00011415577318985015, 6.394358933903277e-05, 0.0009619501070119441, 0.0005012837355025113, 9.9721692095045e-05, 2.3468435756512918e-05, 1.926716140587814e-05, 9.496258826402482e-06, 0.00021504313917830586, 2.778752605081536e-05, 4.151245593675412e-05, 0.00037074286956340075, 6.180244963616133e-05]}