{"accuracy": 0.9998808010171647, "precision": 0.7142857142857143, "recall": 1.0, "f1": 0.8333333333333334, "confusion_matrix": [[50315, 6], [0, 15]]}