{
  "accuracy": 0.9992663242846662,
  "micro_f1": 0.9992663242846662,
  "macro_f1": 0.9507389193062417,
  "false_alarms": 0,
  "false_alarm_rate": 0.0,
  "missed_attacks": 7,
  "detection_rate": 0.9993301435406698,
  "classes": [
    "benign",
    "phase1",
    "phase2",
    "phase3",
    "phase4",
    "phase5"
  ],
  "per_class": {
    "benign": {
      "TP": 3180,
      "FP": 7,
      "FN": 0,
      "precision": 0.9978035770316912,
      "recall": 1.0,
      "f1": 0.9989005811214073
    },
    "phase1": {
      "TP": 229,
      "FP": 0,
      "FN": 1,
      "precision": 1.0,
      "recall": 0.9956521739130435,
      "f1": 0.9978213507625272
    },
    "phase2": {
      "TP": 5,
      "FP": 1,
      "FN": 2,
      "precision": 0.8333333333333334,
      "recall": 0.7142857142857143,
      "f1": 0.7692307692307692
    },
    "phase3": {
      "TP": 23,
      "FP": 2,
      "FN": 1,
      "precision": 0.92,
      "recall": 0.9583333333333334,
      "f1": 0.9387755102040817
    },
    "phase4": {
      "TP": 6,
      "FP": 0,
      "FN": 0,
      "precision": 1.0,
      "recall": 1.0,
      "f1": 1.0
    },
    "phase5": {
      "TP": 10177,
      "FP": 0,
      "FN": 6,
      "precision": 1.0,
      "recall": 0.9994107826770107,
      "f1": 0.999705304518664
    }
  },
  "confusion_matrix": [
    [
      3180,
      0,
      0,
      0,
      0,
      0
    ],
    [
      1,
      229,
      0,
      0,
      0,
      0
    ],
    [
      0,
      0,
      5,
      2,
      0,
      0
    ],
    [
      0,
      0,
      1,
      23,
      0,
      0
    ],
    [
      0,
      0,
      0,
      0,
      6,
      0
    ],
    [
      6,
      0,
      0,
      0,
      0,
      10177
    ]
  ]
}