{
  "accuracy": 0.9994635086534067,
  "precision": 0.8187060907880409,
  "recall": 0.9813063929166804,
  "f1": 0.8852390454664235,
  "confusion_matrix": [
    [
      20888,
      3,
      3,
      1,
      3,
      2
    ],
    [
      0,
      8,
      0,
      0,
      0,
      0
    ],
    [
      0,
      0,
      8,
      1,
      0,
      0
    ],
    [
      0,
      0,
      0,
      14,
      0,
      0
    ],
    [
      0,
      0,
      0,
      0,
      7,
      0
    ],
    [
      12,
      0,
      0,
      0,
      2,
      29375
    ]
  ]
}