{
  "Accuracy": 0.9613994045087197,
  "Macro Precision": 0.7910869528021323,
  "Macro Recall": 0.9512134176769673,
  "Macro F1": 0.8504509009843444,
  "False Alarms": 4993,
  "False Alarm Rate": 0.037386746536877576,
  "Missed Attacks": 452,
  "Detection Rate": 0.9398135818908122,
  "Confusion Matrix (actual_pred)": [
    [
      128557,
      4993
    ],
    [
      452,
      7058
    ]
  ],
  "Misclassified Info": {
    "total_misclassified": 5445,
    "per_phase": {
      "0": 4993,
      "1": 166,
      "2": 272,
      "3": 0,
      "4": 14,
      "5": 0
    }
  }
}