{
  "Accuracy": 0.8404530744336569,
  "Macro Precision": 0.6932018391008968,
  "Macro Recall": 0.7062149397560771,
  "Macro F1": 0.6992867367375806,
  "False Alarms": 16225,
  "False Alarm Rate": 0.10140244740822218,
  "Missed Attacks": 13848,
  "Detection Rate": 0.5138323269203764,
  "Confusion Matrix (actual_pred)": [
    [
      143781,
      16225
    ],
    [
      13848,
      14636
    ]
  ],
  "Misclassified Info": {
    "total_misclassified": 30073,
    "per_phase": {
      "0": 16225,
      "1": 13615,
      "2": 0,
      "3": 11,
      "4": 222,
      "5": 0
    }
  }
}