{
  "Accuracy": 0.9993792774152475,
  "Macro Precision": 0.9984964737986478,
  "Macro Recall": 0.9990860931115588,
  "Macro F1": 0.9987910171659207,
  "False Alarms": 79,
  "False Alarm Rate": 0.0004937314850693099,
  "Missed Attacks": 38,
  "Detection Rate": 0.998665917708187,
  "Confusion Matrix (actual_pred)": [
    [
      159927,
      79
    ],
    [
      38,
      28446
    ]
  ],
  "Misclassified Info": {
    "total_misclassified": 117,
    "per_phase": {
      "0": 79,
      "1": 17,
      "2": 0,
      "3": 16,
      "4": 5,
      "5": 0
    }
  }
}