{"accuracy": [0.9900498986244202, 0.9481005072593689, 0.9677504897117615, 0.9807032942771912, 0.9813508987426758, 0.9946275353431702, 0.9978951811790466, 0.9962171912193298, 0.9983072876930237, 0.9978657364845276, 0.9986900091171265, 0.9989991188049316, 0.998896062374115, 0.9982337355613708, 0.9987194538116455, 0.9990138411521912, 0.9991021156311035, 0.9990285634994507], "loss": [0.8745469450950623, 0.30640020966529846, 0.12203074246644974, 0.07998498529195786, 0.043264660984277725, 0.01235754881054163, 0.006308563053607941, 0.009206792339682579, 0.005327440798282623, 0.009412872605025768, 0.0040496219880878925, 0.002968746703118086, 0.0035833900328725576, 0.18499059975147247, 0.0032573689240962267, 0.002514172112569213, 0.0036995522677898407, 0.0034569278359413147], "val_accuracy": [0.9937739968299866, 0.9953636527061462, 0.9907272458076477, 0.9818518757820129, 0.9876804947853088, 0.9988077878952026, 0.9992051720619202, 0.9989402294158936, 0.9989402294158936, 0.9989402294158936, 0.9992051720619202, 0.9992051720619202, 0.9990727305412292, 0.9989402294158936, 0.9992051720619202, 0.9993376731872559, 0.9993376731872559, 0.9992051720619202], "val_loss": [0.727115273475647, 0.43995776772499084, 0.055327508598566055, 0.03837838023900986, 0.025554770603775978, 0.017967913299798965, 0.2662043869495392, 0.06394302845001221, 0.009652912616729736, 0.027458980679512024, 0.030561605468392372, 0.04925408214330673, 0.007740253582596779, 0.03235436975955963, 0.08857740461826324, 0.09386620670557022, 0.05491025000810623, 0.05350709334015846]}