{"accuracy": 0.9987483360816959, "precision": 0.06153846153846154, "recall": 0.6666666666666666, "f1": 0.11267605633802817, "confusion_matrix": [[50266, 61], [2, 4]]}