{
  "Accuracy": 0.9973847593128083,
  "Macro Precision": 0.7282879005493583,
  "Macro Recall": 0.9229092120481729,
  "Macro F1": 0.7864358029089265,
  "False Alarms": 341,
  "False Alarm Rate": 0.0025527391415011004,
  "Missed Attacks": 26,
  "Detection Rate": 0.9965388711395101,
  "Confusion Matrix (actual_pred)": [
    [
      133241,
      125,
      12,
      199,
      5
    ],
    [
      7,
      2261,
      0,
      0,
      0
    ],
    [
      0,
      0,
      9,
      2,
      0
    ],
    [
      18,
      0,
      0,
      73,
      0
    ],
    [
      1,
      0,
      0,
      0,
      5143
    ]
  ],
  "misclassified_indices": [
    2322,
    2334,
    71832,
    73013,
    73014,
    73020,
    76774,
    80413,
    83860,
    83861,
    84484,
    84511,
    84512,
    84513,
    84548,
    84549,
    84550,
    84551,
    84582,
    84735,
    88140,
    88141,
    88730,
    89307,
    89858,
    90744,
    91494,
    92174,
    92175,
    92176,
    92177,
    92210,
    92253,
    92254,
    92355,
    92717,
    92744,
    103644,
    103802,
    104060,
    104061,
    106083,
    106195,
    106771,
    106772,
    107768,
    108655,
    109122,
    109123,
    109124,
    109125,
    109151,
    109152,
    109230,
    109231,
    109593,
    109682,
    109809,
    109900,
    113765,
    115446,
    115447,
    116034,
    116035,
    116036,
    116124,
    116301,
    116449,
    116451,
    116617,
    118436,
    118592,
    118593,
    119685,
    119692,
    121750,
    121772,
    121777,
    124334,
    124337,
    124338,
    124344,
    124350,
    124365,
    124374,
    124376,
    124387,
    124391,
    124403,
    124405,
    124412,
    124414,
    124418,
    124422,
    124425,
    124429,
    124430,
    124433,
    124434,
    124480,
    124484,
    124493,
    124494,
    124496,
    124499,
    124501,
    124504,
    124506,
    124515,
    124516,
    124520,
    124526,
    124527,
    124530,
    124533,
    124555,
    124557,
    124559,
    124563,
    124564,
    124567,
    124570,
    124572,
    124573,
    124575,
    124577,
    124578,
    124582,
    124585,
    124588,
    124590,
    124595,
    124601,
    124603,
    124609,
    124611,
    124613,
    124623,
    124624,
    124629,
    124641,
    124647,
    124651,
    124657,
    124660,
    124664,
    124666,
    124667,
    124672,
    124695,
    124696,
    124701,
    124726,
    124734,
    124735,
    124736,
    124737,
    124786,
    124787,
    125110,
    125111,
    125287,
    125288,
    125397,
    125500,
    125669,
    125725,
    125750,
    125751,
    125777,
    125839,
    125855,
    125964,
    125965,
    125995,
    126011,
    126089,
    126122,
    126123,
    126125,
    126151,
    126161,
    126196,
    126266,
    126270,
    126324,
    126325,
    126377,
    126887,
    127038,
    127039,
    127051,
    127065,
    127092,
    127482,
    127505,
    127506,
    127561,
    127562,
    127570,
    127571,
    127572,
    127615,
    127619,
    127690,
    128198,
    128204,
    128503,
    128673,
    128676,
    128804,
    128935,
    128936,
    128938,
    128968,
    128969,
    129019,
    129087,
    129282,
    129590,
    129591,
    129618,
    129627,
    129685,
    129746,
    129747,
    129766,
    129767,
    129828,
    129833,
    129863,
    130025,
    130026,
    130048,
    130049,
    130112,
    130113,
    130114,
    130152,
    130238,
    130239,
    130241,
    130292,
    130295,
    130298,
    130465,
    130466,
    130467,
    130601,
    130652,
    130704,
    131319,
    131473,
    131474,
    131475,
    131677,
    131678,
    131679,
    131680,
    131778,
    131779,
    131780,
    131806,
    131818,
    131837,
    131861,
    131862,
    131881,
    131882,
    131883,
    132023,
    132128,
    132129,
    132141,
    132164,
    132165,
    132166,
    132167,
    132168,
    135036,
    135037,
    135051,
    135052,
    135116,
    135134,
    135144,
    135198,
    135204,
    135211,
    135216,
    135222,
    135229,
    135231,
    135232,
    135278,
    135279,
    135289,
    135322,
    135323,
    135390,
    135432,
    135459,
    135476,
    135600,
    135601,
    135618,
    135661,
    135703,
    135710,
    135711,
    135712,
    135730,
    135833,
    135841,
    135925,
    136009,
    136074,
    136539,
    136582,
    136583,
    136584,
    136585,
    136586,
    136593,
    136594,
    136622,
    136631,
    136711,
    136712,
    136734,
    136747,
    136748,
    136832,
    136833,
    136910,
    136913,
    137110,
    137154,
    137155,
    137165,
    137172,
    137173,
    137174,
    137176,
    137196,
    137233,
    137287,
    137331,
    137426,
    137446,
    137522,
    137523,
    137528,
    138438,
    138505,
    138672,
    138780,
    138994,
    139009,
    139797,
    139798,
    139839,
    140013,
    140014,
    140027,
    140030,
    140031,
    140422,
    140423
  ],