{
  "Accuracy": 0.9989014571639168,
  "Macro Precision": 0.8105249019136886,
  "Macro Recall": 0.8379418366241849,
  "Macro F1": 0.82257200658927,
  "False Alarms": 92,
  "False Alarm Rate": 0.0006887155455076282,
  "Missed Attacks": 63,
  "Detection Rate": 0.991615650785201,
  "Confusion Matrix (actual_pred)": [
    [
      133490,
      2,
      45,
      7,
      38
    ],
    [
      8,
      5136,
      0,
      0,
      0
    ],
    [
      11,
      0,
      2257,
      0,
      0
    ],
    [
      4,
      0,
      0,
      7,
      0
    ],
    [
      40,
      0,
      0,
      0,
      51
    ]
  ],
  "misclassified_indices": [
    890,
    1012,
    24412,
    25980,
    38966,
    57588,
    65309,
    71522,
    71841,
    73034,
    84773,
    97262,
    97263,
    103128,
    103644,
    104060,
    104867,
    106083,
    106193,
    106194,
    106195,
    106771,
    107767,
    107768,
    108655,
    109122,
    109123,
    109124,
    109125,
    109151,
    109152,
    109230,
    109231,
    109682,
    109809,
    109892,
    109900,
    116042,
    118595,
    118843,
    119254,
    119698,
    119701,
    119702,
    120870,
    120871,
    120872,
    120874,
    121753,
    121775,
    121779,
    124345,
    124347,
    124350,
    124358,
    124397,
    124400,
    124411,
    124413,
    124438,
    124444,
    124533,
    124554,
    124559,
    124565,
    124573,
    124578,
    124601,
    124623,
    124641,
    124646,
    124649,
    124650,
    124656,
    124664,
    124693,
    124694,
    124706,
    124707,
    124720,
    124721,
    124722,
    124723,
    124727,
    124730,
    124732,
    124736,
    124737,
    124741,
    124742,
    124748,
    124782,
    124788,
    124789,
    124794,
    124799,
    124800,
    124806,
    124829,
    124920,
    124921,
    125008,
    125395,
    125396,
    125414,
    125429,
    125430,
    125645,
    125646,
    125647,
    125664,
    125715,
    125716,
    125749,
    125774,
    125775,
    125777,
    125778,
    125779,
    125964,
    126151,
    126266,
    126324,
    126325,
    126887,
    127407,
    127561,
    127562,
    130026,
    130114,
    130239,
    130241,
    130298,
    131319,
    131463,
    131473,
    131475,
    131679,
    131806,
    131861,
    135052,
    135144,
    135432,
    135618,
    136586,
    136711,
    136712,
    137155,
    137165,
    137426,
    137566,
    140013,
    140030,
    140031,
    140423
  ],
  "real_flow_indices": [
    2311,
    2617,
    61473,
    65361,
    97665,
    144318,
    163653,
    179307,
    180109,
    183121,
    212500,
    243680,
    243681,
    258340,
    259674,
    260700,
    262690,
    265758,
    266020,
    266023,
    266024,
    267452,
    270077,
    270078,
    272243,
    273426,
    273427,
    273428,
    273429,
    273498,
    273499,
    273680,
    273682,
    274780,
    275111,
    275285,
    275307,
    290412,
    296714,
    297372,
    298363,
    299408,
    299411,
    299412,
    302314,
    302315,
    302316,
    302319,
    304635,
    304685,
    304695,
    311245,
    311250,
    311256,
    311275,
    311355,
    311363,
    311387,
    311390,
    311454,
    311468,
    311720,
    311752,
    311774,
    311790,
    311802,
    311813,
    311863,
    311924,
    311978,
    311986,
    311994,
    311995,
    312011,
    312025,
    312093,
    312094,
    312121,
    312122,
    312163,
    312164,
    312165,
    312166,
    312174,
    312177,
    312180,
    312198,
    312199,
    312206,
    312210,
    312228,
    312315,
    312327,
    312328,
    312342,
    312367,
    312368,
    312391,
    312450,
    312664,
    312665,
    312930,
    313889,
    313890,
    313942,
    313975,
    313976,
    314507,
    314508,
    314509,
    314549,
    314684,
    314685,
    314760,
    314808,
    314809,
    314813,
    314818,
    314819,
    315292,
    315756,
    316061,
    316204,
    316205,
    317508,
    318767,
    319154,
    319155,
    325218,
    325444,
    325719,
    325721,
    325870,
    328437,
    328823,
    328845,
    328847,
    329416,
    329775,
    329929,
    337804,
    338013,
    338792,
    339262,
    341633,
    341931,
    341933,
    343051,
    343073,
    343706,
    344035,
    350085,
    350132,
    350133,
    351060
  ],
  "y_pred": [
    0,
    1,
    0,
    0,
    0,
    0,
    0,
    0,
    0,
    1,
    4,
    2,
    2,
    4,
    2,
    2,
    2,
    2,
    2,
    2,
    2,
    2,
    2,
    2,
    2,
    2,
    2,
    2,
    2,
    2,
    2,
    2,
    2,
    2,
    2,
    2,
    0,
    2,
    0,
    0,
    0,
    0,
    0,
    0,
    0,
    0,
    0,
    0,
    2,
    2,
    2,
    2,
    2,
    2,
    2,
    2,
    2,
    2,
    2,
    2,
    2,
    2,
    2,
    2,
    2,
    2,
    2,
    2,
    3,
    3,
    3,
    3,
    3,
    3,
    3,
    0,
    0,
    0,
    0,
    0,
    0,
    0,
    0,
    0,
    0,
    0,
    0,
    0,
    0,
    0,
    0,
    0,
    0,
    0,
    0,
    0,
    0,
    0,
    0,
    0,
    0,
    0,
    0,
    0,
    0,
    0,
    0,
    0,
    0,
    0,
    0,
    0,
    0,
    0,
    0,
    0,
    0,
    0,
    0,
    4,
    4,
    4,
    4,
    4,
    4,
    4,
    4,
    4,
    4,
    4,
    4,
    4,
    4,
    4,
    4,
    4,
    4,
    4,
    4,
    4,
    4,
    4,
    4,
    4,
    4,
    4,
    4,
    4,
    4,
    4,
    4,
    4,
    4,
    4,
    4
  ],
  "y_true": [
    1,
    0,
    1,
    1,
    1,
    1,
    1,
    1,
    1,
    0,
    0,
    0,
    0,
    0,
    0,
    0,
    0,
    0,
    0,
    0,
    0,
    0,
    0,
    0,
    0,
    0,
    0,
    0,
    0,
    0,
    0,
    0,
    0,
    0,
    0,
    0,
    2,
    0,
    2,
    2,
    2,
    2,
    2,
    2,
    2,
    2,
    2,
    2,
    0,
    0,
    0,
    0,
    0,
    0,
    0,
    0,
    0,
    0,
    0,
    0,
    0,
    0,
    0,
    0,
    0,
    0,
    0,
    0,
    0,
    0,
    0,
    0,
    0,
    0,
    0,
    3,
    3,
    3,
    3,
    4,
    4,
    4,
    4,
    4,
    4,
    4,
    4,
    4,
    4,
    4,
    4,
    4,
    4,
    4,
    4,
    4,
    4,
    4,
    4,
    4,
    4,
    4,
    4,
    4,
    4,
    4,
    4,
    4,
    4,
    4,
    4,
    4,
    4,
    4,
    4,
    4,
    4,
    4,
    4,
    0,
    0,
    0,
    0,
    0,
    0,
    0,
    0,
    0,
    0,
    0,
    0,
    0,
    0,
    0,
    0,
    0,
    0,
    0,
    0,
    0,
    0,
    0,
    0,
    0,
    0,
    0,
    0,
    0,
    0,
    0,
    0,
    0,
    0,
    0,
    0
  ]
}