{
  "accuracy": 0.9999602314529439,
  "precision": 0.8,
  "recall": 1.0,
  "f1": 0.8888888888888888,
  "confusion_matrix": [
    [
      50281,
      2
    ],
    [
      0,
      8
    ]
  ],
  "misclassified_samples": {
    "total_misclassified": 2,
    "per_phase": {
      "0": 2,
      "1": 0,
      "2": 0,
      "3": 0,
      "4": 0,
      "5": 0
    }
  }
}