{
  "accuracy": 0.9999005786323597,
  "precision": 0.75,
  "recall": 0.6666666666666666,
  "f1": 0.7058823529411765,
  "confusion_matrix": [
    [
      50280,
      2
    ],
    [
      3,
      6
    ]
  ],
  "misclassified_samples": {
    "total_misclassified": 5,
    "per_phase": {
      "0": 1,
      "1": 0,
      "2": 3,
      "3": 0,
      "4": 0,
      "5": 1
    }
  }
}