{
  "accuracy": 0.9999204629058878,
  "precision": 1.0,
  "recall": 0.42857142857142855,
  "f1": 0.6,
  "confusion_matrix": [
    [
      50284,
      0
    ],
    [
      4,
      3
    ]
  ],
  "misclassified_samples": {
    "total_misclassified": 4,
    "per_phase": {
      "0": 0,
      "1": 0,
      "2": 0,
      "3": 0,
      "4": 4,
      "5": 0
    }
  }
}