{"accuracy": [0.9997350573539734, 0.9998527765274048, 0.9998527765274048, 0.9998527765274048, 0.9998527765274048, 0.9998674988746643, 0.9998822212219238, 0.9999116659164429, 0.9998969435691833], "loss": [0.00686620781198144, 0.0012975557474419475, 0.0009602506761439145, 0.0006518128793686628, 0.0005939187249168754, 0.0005514145013876259, 0.00046939888852648437, 0.0004072014708071947, 0.00025140083744190633], "val_accuracy": [1.0, 1.0, 1.0, 1.0, 1.0, 1.0, 1.0, 1.0, 0.9998674988746643], "val_loss": [4.580290260491893e-05, 2.480067269061692e-05, 7.17212533345446e-05, 2.1294090402079746e-05, 8.82810854818672e-05, 5.934137516305782e-05, 0.00019880117906723171, 6.216535985004157e-05, 0.0002045189030468464]}