{"accuracy": [0.9978804588317871, 0.9997203350067139, 0.9997939467430115, 0.9997939467430115, 0.999808669090271, 0.9998674988746643, 0.9998674988746643, 0.9998969435691833, 0.9998969435691833, 0.9999263882637024, 0.9999116659164429, 0.9999558329582214], "loss": [0.011704511940479279, 0.0016148845897987485, 0.0009938660077750683, 0.0006077222060412169, 0.00045870267786085606, 0.0003046955680474639, 0.0003368085017427802, 0.000300725398119539, 0.0002551396901253611, 0.00022532530419994146, 0.00020660388690885156, 0.0001238440745510161], "val_accuracy": [0.9997350573539734, 0.9997350573539734, 0.9998675584793091, 0.9998675584793091, 0.9998675584793091, 0.9998675584793091, 0.9998675584793091, 0.9998675584793091, 0.9998675584793091, 0.9998675584793091, 0.9998675584793091, 0.9998675584793091], "val_loss": [0.001604473334737122, 0.0011111286003142595, 0.0006821739953011274, 0.0003821444697678089, 0.00020992803911212832, 0.0001739537256071344, 0.00014843852841295302, 0.0004160063690505922, 0.0002645557979121804, 0.0002353809541091323, 0.00016934005543589592, 0.0009106401703320444]}