{"accuracy": 0.9999205292750283, "precision": 0.9166666666666666, "recall": 0.7857142857142857, "f1": 0.8461538461538461, "confusion_matrix": [[50318, 1], [3, 11]]}