{
  "Accuracy": 0.8014324367340443,
  "Macro Precision": 0.7135405001196405,
  "Macro Recall": 0.8758563278178431,
  "Macro F1": 0.733644014363311,
  "False Alarms": 36930,
  "False Alarm Rate": 0.2308038448558179,
  "Missed Attacks": 498,
  "Detection Rate": 0.982516500491504,
  "Confusion Matrix (actual_pred)": [
    [
      123076,
      36930
    ],
    [
      498,
      27986
    ]
  ],
  "Misclassified Info": {
    "total_misclassified": 37428,
    "per_phase": {
      "0": 36930,
      "1": 192,
      "2": 2,
      "3": 18,
      "4": 286,
      "5": 0
    }
  }
}