{
  "accuracy": 0.7313370556560097,
  "precision": 0.7131501015850295,
  "recall": 0.5611636561803071,
  "f1": 0.5871132297380819,
  "confusion_matrix": [
    [
      36782,
      0,
      0,
      2,
      1,
      0
    ],
    [
      1,
      7,
      0,
      0,
      0,
      0
    ],
    [
      5,
      0,
      2,
      2,
      0,
      0
    ],
    [
      4,
      0,
      0,
      10,
      0,
      0
    ],
    [
      4,
      0,
      0,
      0,
      5,
      0
    ],
    [
      13502,
      0,
      0,
      0,
      0,
      0
    ]
  ]
}