{
  "Accuracy": 0.9982941726737468,
  "Macro Precision": 0.8054089819183746,
  "Macro Recall": 0.9382740008764087,
  "Macro F1": 0.8501065966680711,
  "False Alarms": 17,
  "False Alarm Rate": 0.004009433962264151,
  "Missed Attacks": 8,
  "Detection Rate": 0.9994255762188554,
  "Confusion Matrix (actual_pred)": [
    [
      4223,
      1,
      2,
      4,
      10,
      0
    ],
    [
      1,
      306,
      0,
      0,
      0,
      0
    ],
    [
      0,
      0,
      7,
      3,
      0,
      0
    ],
    [
      0,
      0,
      2,
      30,
      0,
      0
    ],
    [
      0,
      0,
      0,
      0,
      7,
      0
    ],
    [
      7,
      0,
      0,
      1,
      0,
      13569
    ]
  ],
  "misclassified_indices": [
    413,
    601,
    909,
    1256,
    1257,
    1275,
    1403,
    1762,
    1764,
    1804,
    1811,
    2150,
    2154,
    2155,
    2160,
    2162,
    2272,
    2367,
    2875,
    2945,
    2980,
    2981,
    16712,
    16717,
    16718,
    16719,
    16728,
    16805,
    16806,
    17232,
    17990
  ],
  "real_flow_indices": [
    1109,
    1581,
    2361,
    3268,
    3270,
    3319,
    3676,
    4564,
    4573,
    4666,
    4685,
    5488,
    5496,
    5497,
    5507,
    5519,
    5793,
    6025,
    7321,
    7508,
    7592,
    7593,
    41893,
    41904,
    41913,
    41914,
    41931,
    42113,
    42119,
    43121,
    44978
  ],
  "y_pred": [
    4,
    0,
    1,
    3,
    2,
    3,
    3,
    2,
    3,
    2,
    3,
    4,
    4,
    4,
    4,
    4,
    3,
    4,
    4,
    4,
    0,
    3,
    0,
    0,
    0,
    0,
    3,
    0,
    0,
    4,
    2
  ],
  "y_true": [
    0,
    1,
    0,
    2,
    0,
    2,
    2,
    3,
    0,
    3,
    0,
    0,
    0,
    0,
    0,
    0,
    0,
    0,
    0,
    0,
    5,
    5,
    5,
    5,
    5,
    5,
    0,
    5,
    5,
    0,
    0
  ]
}