{
  "Accuracy": 0.99713861222693,
  "Macro Precision": 0.7706805521700094,
  "Macro Recall": 0.9375296267197815,
  "Macro F1": 0.8201517390698024,
  "False Alarms": 35,
  "False Alarm Rate": 0.008254716981132075,
  "Missed Attacks": 11,
  "Detection Rate": 0.9992101673009263,
  "Confusion Matrix (actual_pred)": [
    [
      4205,
      2,
      1,
      18,
      12,
      2
    ],
    [
      1,
      306,
      0,
      0,
      0,
      0
    ],
    [
      1,
      0,
      7,
      2,
      0,
      0
    ],
    [
      0,
      0,
      2,
      30,
      0,
      0
    ],
    [
      0,
      0,
      0,
      0,
      7,
      0
    ],
    [
      9,
      0,
      0,
      0,
      2,
      13566
    ]
  ],
  "misclassified_indices": [
    410,
    411,
    412,
    413,
    601,
    803,
    909,
    1256,
    1275,
    1403,
    1404,
    1406,
    1407,
    1762,
    1764,
    1773,
    1779,
    1784,
    1785,
    1793,
    1804,
    1811,
    1812,
    1813,
    1814,
    1816,
    1819,
    2150,
    2154,
    2160,
    2162,
    2267,
    2268,
    2272,
    2367,
    2875,
    2980,
    2981,
    2982,
    2983,
    2984,
    16551,
    16552,
    16712,
    16717,
    16718,
    16719,
    16805,
    16806,
    17232,
    17990,
    18096
  ],
  "real_flow_indices": [
    1104,
    1105,
    1107,
    1109,
    1581,
    2095,
    2361,
    3268,
    3319,
    3676,
    3677,
    3679,
    3681,
    4564,
    4573,
    4599,
    4612,
    4622,
    4623,
    4645,
    4666,
    4685,
    4686,
    4689,
    4690,
    4697,
    4701,
    5488,
    5496,
    5507,
    5519,
    5782,
    5784,
    5793,
    6025,
    7321,
    7592,
    7593,
    7595,
    7597,
    7599,
    41504,
    41507,
    41893,
    41904,
    41913,
    41914,
    42113,
    42119,
    43121,
    44978,
    45258
  ],
  "y_pred": [
    4,
    4,
    4,
    4,
    0,
    1,
    1,
    0,
    3,
    3,
    3,
    3,
    3,
    2,
    3,
    3,
    3,
    3,
    3,
    3,
    2,
    3,
    3,
    3,
    3,
    3,
    3,
    4,
    4,
    4,
    4,
    3,
    3,
    3,
    4,
    4,
    0,
    0,
    0,
    4,
    4,
    5,
    5,
    0,
    0,
    0,
    0,
    0,
    0,
    4,
    2,
    4
  ],
  "y_true": [
    0,
    0,
    0,
    0,
    1,
    0,
    0,
    2,
    2,
    2,
    0,
    0,
    0,
    3,
    0,
    0,
    0,
    0,
    0,
    0,
    3,
    0,
    0,
    0,
    0,
    0,
    0,
    0,
    0,
    0,
    0,
    0,
    0,
    0,
    0,
    0,
    5,
    5,
    5,
    5,
    5,
    0,
    0,
    5,
    5,
    5,
    5,
    5,
    5,
    0,
    0,
    0
  ]
}