{
  "Accuracy": 0.9974086122291449,
  "Macro Precision": 0.7870088796831475,
  "Macro Recall": 0.9876518732936153,
  "Macro F1": 0.8492784308354923,
  "False Alarms": 31,
  "False Alarm Rate": 0.007373929590865842,
  "Missed Attacks": 12,
  "Detection Rate": 0.9991384880465216,
  "Confusion Matrix (actual_pred)": [
    [
      4173,
      7,
      8,
      4,
      10,
      2
    ],
    [
      1,
      306,
      0,
      0,
      0,
      0
    ],
    [
      0,
      0,
      10,
      0,
      0,
      0
    ],
    [
      0,
      0,
      2,
      30,
      0,
      0
    ],
    [
      0,
      0,
      0,
      0,
      7,
      0
    ],
    [
      11,
      0,
      1,
      0,
      1,
      13564
    ]
  ],
  "misclassified_indices": [
    566,
    772,
    774,
    780,
    876,
    877,
    878,
    879,
    1076,
    1155,
    1516,
    1731,
    1732,
    1735,
    1749,
    1754,
    1796,
    2107,
    2112,
    2113,
    2119,
    2120,
    2122,
    2123,
    2125,
    2126,
    2129,
    2243,
    2950,
    2951,
    2952,
    2953,
    8483,
    16519,
    16520,
    16675,
    16676,
    16678,
    16679,
    16680,
    16719,
    16728,
    16729,
    16766,
    16979,
    17496,
    17778
  ],
  "real_flow_indices": [
    1581,
    2097,
    2099,
    2112,
    2359,
    2361,
    2362,
    2363,
    2862,
    3074,
    3993,
    4564,
    4565,
    4573,
    4612,
    4621,
    4726,
    5462,
    5470,
    5471,
    5488,
    5491,
    5495,
    5497,
    5503,
    5505,
    5513,
    5793,
    7592,
    7593,
    7595,
    7597,
    21033,
    41506,
    41513,
    41890,
    41895,
    41904,
    41905,
    41908,
    42003,
    42019,
    42020,
    42114,
    42627,
    43895,
    44569
  ],
  "y_pred": [
    0,
    1,
    1,
    1,
    1,
    1,
    1,
    1,
    2,
    2,
    2,
    2,
    2,
    3,
    3,
    3,
    3,
    2,
    4,
    4,
    4,
    4,
    4,
    4,
    4,
    4,
    4,
    2,
    0,
    0,
    2,
    4,
    5,
    5,
    4,
    0,
    0,
    0,
    0,
    0,
    0,
    0,
    0,
    0,
    2,
    2,
    2
  ],
  "y_true": [
    1,
    0,
    0,
    0,
    0,
    0,
    0,
    0,
    0,
    0,
    0,
    3,
    3,
    0,
    0,
    0,
    0,
    0,
    0,
    0,
    0,
    0,
    0,
    0,
    0,
    0,
    0,
    0,
    5,
    5,
    5,
    5,
    0,
    0,
    0,
    5,
    5,
    5,
    5,
    5,
    5,
    5,
    5,
    5,
    0,
    0,
    0
  ]
}