{
  "Accuracy": 0.9988972817996361,
  "Macro Precision": 0.9051713700145072,
  "Macro Recall": 0.988667544186824,
  "Macro F1": 0.9399592472700539,
  "False Alarms": 6,
  "False Alarm Rate": 0.0014272121788772598,
  "Missed Attacks": 11,
  "Detection Rate": 0.9992103374012922,
  "Confusion Matrix (actual_pred)": [
    [
      4198,
      1,
      0,
      1,
      3,
      1
    ],
    [
      1,
      306,
      0,
      0,
      0,
      0
    ],
    [
      0,
      0,
      10,
      0,
      0,
      0
    ],
    [
      0,
      0,
      2,
      30,
      0,
      0
    ],
    [
      0,
      0,
      0,
      0,
      7,
      0
    ],
    [
      10,
      0,
      1,
      0,
      0,
      13566
    ]
  ],
  "misclassified_indices": [
    566,
    877,
    1731,
    1732,
    1796,
    2119,
    2120,
    2122,
    2950,
    2951,
    8483,
    16675,
    16676,
    16678,
    16679,
    16680,
    16719,
    16728,
    16729,
    16766
  ],
  "real_flow_indices": [
    1581,
    2361,
    4564,
    4565,
    4726,
    5488,
    5491,
    5495,
    7592,
    7593,
    21033,
    41890,
    41895,
    41904,
    41905,
    41908,
    42003,
    42019,
    42020,
    42114
  ],
  "y_pred": [
    0,
    1,
    2,
    2,
    3,
    4,
    4,
    4,
    0,
    2,
    5,
    0,
    0,
    0,
    0,
    0,
    0,
    0,
    0,
    0
  ],
  "y_true": [
    1,
    0,
    3,
    3,
    0,
    0,
    0,
    0,
    5,
    5,
    0,
    5,
    5,
    5,
    5,
    5,
    5,
    5,
    5,
    5
  ]
}