{
  "Accuracy": 0.9824116447041958,
  "Macro Precision": 0.5793485101672774,
  "Macro Recall": 0.933632870083699,
  "Macro F1": 0.6272991105509508,
  "False Alarms": 286,
  "False Alarm Rate": 0.06803044719314938,
  "Missed Attacks": 14,
  "Detection Rate": 0.9989938191749317,
  "Confusion Matrix (actual_pred)": [
    [
      3918,
      41,
      154,
      33,
      50,
      8
    ],
    [
      1,
      306,
      0,
      0,
      0,
      0
    ],
    [
      1,
      0,
      8,
      1,
      0,
      0
    ],
    [
      0,
      0,
      4,
      28,
      0,
      0
    ],
    [
      0,
      0,
      0,
      0,
      7,
      0
    ],
    [
      12,
      0,
      0,
      0,
      14,
      13551
    ]
  ],
  "misclassified_indices": [
    91,
    161,
    168,
    169,
    170,
    204,
    290,
    291,
    554,
    566,
    772,
    774,
    780,
    876,
    877,
    878,
    879,
    880,
    881,
    882,
    883,
    884,
    885,
    886,
    887,
    888,
    889,
    890,
    891,
    892,
    893,
    894,
    895,
    896,
    897,
    898,
    899,
    900,
    901,
    902,
    903,
    904,
    905,
    906,
    907,
    908,
    909,
    910,
    911,
    912,
    913,
    914,
    915,
    974,
    975,
    976,
    995,
    1019,
    1034,
    1058,
    1071,
    1095,
    1096,
    1097,
    1098,
    1104,
    1155,
    1193,
    1194,
    1195,
    1208,
    1209,
    1213,
    1214,
    1226,
    1227,
    1228,
    1229,
    1230,
    1231,
    1232,
    1233,
    1234,
    1240,
    1241,
    1244,
    1245,
    1289,
    1309,
    1310,
    1311,
    1312,
    1313,
    1314,
    1343,
    1361,
    1373,
    1380,
    1416,
    1441,
    1442,
    1582,
    1674,
    1679,
    1680,
    1707,
    1731,
    1732,
    1733,
    1734,
    1735,
    1736,
    1739,
    1740,
    1741,
    1742,
    1743,
    1749,
    1750,
    1751,
    1754,
    1760,
    1762,
    1763,
    1764,
    1765,
    1766,
    1767,
    1768,
    1769,
    1770,
    1771,
    1784,
    1785,
    1786,
    1787,
    1789,
    1790,
    1791,
    1792,
    1793,
    1794,
    1795,
    1796,
    1797,
    1798,
    1799,
    1800,
    1834,
    1836,
    1907,
    1931,
    1939,
    1940,
    1941,
    1942,
    1943,
    1960,
    2053,
    2072,
    2073,
    2074,
    2095,
    2105,
    2106,
    2107,
    2108,
    2109,
    2110,
    2111,
    2112,
    2113,
    2114,
    2115,
    2116,
    2119,
    2120,
    2122,
    2123,
    2125,
    2126,
    2127,
    2128,
    2129,
    2133,
    2134,
    2135,
    2136,
    2233,
    2234,
    2235,
    2236,
    2237,
    2238,
    2242,
    2243,
    2441,
    2503,
    2570,
    2572,
    2573,
    2713,
    2720,
    2721,
    2722,
    2723,
    2724,
    2725,
    2726,
    2765,
    2766,
    2767,
    2790,
    2802,
    2845,
    2887,
    2888,
    2889,
    2890,
    2916,
    2943,
    2950,
    2951,
    2952,
    2953,
    2954,
    2955,
    2956,
    2957,
    2958,
    2959,
    2960,
    2961,
    2962,
    2963,
    2964,
    2965,
    2966,
    8483,
    16519,
    16520,
    16521,
    16522,
    16523,
    16524,
    16525,
    16526,
    16527,
    16528,
    16529,
    16530,
    16531,
    16532,
    16533,
    16534,
    16535,
    16536,
    16537,
    16538,
    16675,
    16676,
    16678,
    16679,
    16680,
    16718,
    16719,
    16728,
    16729,
    16766,
    16833,
    16847,
    16979,
    16995,
    16996,
    17073,
    17074,
    17084,
    17085,
    17086,
    17087,
    17088,
    17089,
    17090,
    17091,
    17092,
    17093,
    17094,
    17136,
    17183,
    17184,
    17185,
    17186,
    17197,
    17198,
    17199,
    17236,
    17305,
    17306,
    17307,
    17308,
    17386,
    17387,
    17389,
    17414,
    17439,
    17440,
    17496,
    17522,
    17779,
    17780,
    17980,
    17981,
    17982,
    18048,
    18104,
    18105,
    18106,
    18107,
    18123
  ],
  "real_flow_indices": [
    355,
    529,
    545,
    546,
    547,
    619,
    862,
    863,
    1546,
    1581,
    2097,
    2099,
    2112,
    2359,
    2361,
    2362,
    2363,
    2364,
    2371,
    2372,
    2373,
    2374,
    2376,
    2378,
    2380,
    2383,
    2387,
    2388,
    2389,
    2390,
    2391,
    2392,
    2393,
    2395,
    2396,
    2397,
    2400,
    2402,
    2405,
    2407,
    2409,
    2415,
    2416,
    2423,
    2424,
    2425,
    2426,
    2427,
    2429,
    2432,
    2436,
    2441,
    2451,
    2597,
    2601,
    2602,
    2642,
    2717,
    2766,
    2810,
    2849,
    2916,
    2918,
    2919,
    2923,
    2940,
    3074,
    3168,
    3173,
    3175,
    3214,
    3215,
    3227,
    3229,
    3269,
    3271,
    3272,
    3273,
    3274,
    3276,
    3277,
    3282,
    3284,
    3305,
    3308,
    3320,
    3324,
    3422,
    3470,
    3471,
    3477,
    3480,
    3481,
    3483,
    3556,
    3605,
    3647,
    3681,
    3778,
    3827,
    3829,
    4158,
    4406,
    4432,
    4433,
    4500,
    4564,
    4565,
    4568,
    4570,
    4573,
    4577,
    4596,
    4597,
    4598,
    4600,
    4601,
    4612,
    4613,
    4614,
    4621,
    4640,
    4642,
    4645,
    4648,
    4649,
    4652,
    4653,
    4655,
    4656,
    4660,
    4667,
    4686,
    4687,
    4688,
    4690,
    4704,
    4705,
    4709,
    4710,
    4717,
    4719,
    4723,
    4726,
    4731,
    4732,
    4737,
    4740,
    4823,
    4831,
    4984,
    5034,
    5057,
    5059,
    5060,
    5062,
    5063,
    5110,
    5330,
    5386,
    5387,
    5389,
    5431,
    5456,
    5458,
    5462,
    5463,
    5464,
    5466,
    5468,
    5470,
    5471,
    5477,
    5479,
    5483,
    5488,
    5491,
    5495,
    5497,
    5503,
    5505,
    5508,
    5511,
    5513,
    5527,
    5535,
    5539,
    5543,
    5775,
    5776,
    5777,
    5778,
    5779,
    5782,
    5792,
    5793,
    6299,
    6441,
    6621,
    6624,
    6628,
    6988,
    7006,
    7007,
    7008,
    7009,
    7010,
    7015,
    7016,
    7102,
    7104,
    7106,
    7144,
    7189,
    7309,
    7422,
    7423,
    7425,
    7427,
    7508,
    7581,
    7592,
    7593,
    7595,
    7597,
    7599,
    7600,
    7601,
    7604,
    7606,
    7607,
    7608,
    7614,
    7615,
    7618,
    7619,
    7623,
    7624,
    21033,
    41506,
    41513,
    41514,
    41517,
    41518,
    41520,
    41521,
    41526,
    41528,
    41531,
    41532,
    41536,
    41538,
    41539,
    41540,
    41541,
    41544,
    41546,
    41548,
    41549,
    41890,
    41895,
    41904,
    41905,
    41908,
    42001,
    42003,
    42019,
    42020,
    42114,
    42261,
    42294,
    42627,
    42670,
    42672,
    42849,
    42851,
    42881,
    42883,
    42884,
    42889,
    42891,
    42894,
    42895,
    42896,
    42900,
    42903,
    42905,
    42996,
    43122,
    43123,
    43125,
    43126,
    43146,
    43147,
    43150,
    43251,
    43425,
    43427,
    43428,
    43429,
    43611,
    43612,
    43614,
    43682,
    43754,
    43755,
    43895,
    43949,
    44570,
    44573,
    45068,
    45069,
    45071,
    45238,
    45361,
    45362,
    45363,
    45364,
    45407
  ],