{
  "Accuracy": 0.9961481318439444,
  "Macro Precision": 0.6165432486702379,
  "Macro Recall": 0.7314838725636427,
  "Macro F1": 0.6524901015704895,
  "False Alarms": 38,
  "False Alarm Rate": 0.008962264150943396,
  "Missed Attacks": 27,
  "Detection Rate": 0.9980614589316484,
  "Confusion Matrix (actual_pred)": [
    [
      4202,
      2,
      0,
      23,
      13,
      0
    ],
    [
      1,
      306,
      0,
      0,
      0,
      0
    ],
    [
      6,
      0,
      0,
      4,
      0,
      0
    ],
    [
      10,
      0,
      0,
      22,
      0,
      0
    ],
    [
      2,
      0,
      0,
      0,
      5,
      0
    ],
    [
      8,
      0,
      0,
      0,
      1,
      13568
    ]
  ],
  "misclassified_indices": [
    220,
    300,
    302,
    601,
    803,
    909,
    935,
    936,
    1194,
    1214,
    1233,
    1242,
    1246,
    1247,
    1248,
    1249,
    1250,
    1254,
    1255,
    1256,
    1275,
    1337,
    1365,
    1366,
    1403,
    1407,
    1762,
    1763,
    1766,
    1768,
    1779,
    1781,
    1782,
    1792,
    1804,
    1805,
    1811,
    1812,
    1817,
    2136,
    2137,
    2138,
    2139,
    2140,
    2151,
    2159,
    2267,
    2268,
    2269,
    2366,
    2594,
    2595,
    2596,
    2716,
    2717,
    2839,
    2880,
    2894,
    2980,
    2981,
    2982,
    16712,
    16717,
    16718,
    16719,
    16752,
    16805,
    16806,
    17045,
    17046
  ],
  "real_flow_indices": [
    584,
    819,
    822,
    1581,
    2095,
    2361,
    2440,
    2442,
    3101,
    3166,
    3216,
    3238,
    3249,
    3250,
    3251,
    3252,
    3253,
    3264,
    3266,
    3268,
    3319,
    3468,
    3558,
    3562,
    3676,
    3681,
    4564,
    4571,
    4578,
    4589,
    4612,
    4617,
    4618,
    4641,
    4666,
    4667,
    4685,
    4686,
    4698,
    5466,
    5468,
    5469,
    5470,
    5471,
    5492,
    5502,
    5782,
    5784,
    5786,
    6023,
    6618,
    6619,
    6621,
    6919,
    6920,
    7220,
    7332,
    7363,
    7592,
    7593,
    7595,
    41893,
    41904,
    41913,
    41914,
    42000,
    42113,
    42119,
    42694,
    42696
  ],
  "y_pred": [
    4,
    3,
    3,
    0,
    1,
    1,
    3,
    3,
    0,
    3,
    0,
    4,
    3,
    3,
    3,
    3,
    3,
    3,
    3,
    3,
    0,
    0,
    0,
    3,
    0,
    3,
    0,
    0,
    0,
    0,
    3,
    0,
    0,
    0,
    0,
    0,
    3,
    3,
    0,
    4,
    4,
    4,
    4,
    4,
    0,
    0,
    3,
    3,
    3,
    4,
    4,
    4,
    4,
    3,
    3,
    3,
    4,
    4,
    0,
    0,
    4,
    0,
    0,
    0,
    0,
    3,
    0,
    0,
    3,
    3
  ],
  "y_true": [
    0,
    0,
    0,
    1,
    0,
    0,
    0,
    0,
    2,
    0,
    2,
    0,
    0,
    0,
    0,
    0,
    0,
    2,
    2,
    2,
    2,
    2,
    2,
    2,
    2,
    0,
    3,
    3,
    3,
    3,
    0,
    3,
    3,
    3,
    3,
    3,
    0,
    0,
    3,
    0,
    0,
    0,
    0,
    0,
    4,
    4,
    0,
    0,
    0,
    0,
    0,
    0,
    0,
    0,
    0,
    0,
    0,
    0,
    5,
    5,
    5,
    5,
    5,
    5,
    5,
    0,
    5,
    5,
    0,
    0
  ]
}