{
  "Accuracy": 0.9740309863814303,
  "Macro Precision": 0.5840997665923687,
  "Macro Recall": 0.9008887862053951,
  "Macro F1": 0.6097307412847696,
  "False Alarms": 426,
  "False Alarm Rate": 0.10133206470028544,
  "Missed Attacks": 14,
  "Detection Rate": 0.998992950654582,
  "Confusion Matrix (actual_pred)": [
    [
      3778,
      13,
      184,
      27,
      175,
      27
    ],
    [
      1,
      306,
      0,
      0,
      0,
      0
    ],
    [
      2,
      0,
      7,
      1,
      0,
      0
    ],
    [
      2,
      0,
      4,
      26,
      0,
      0
    ],
    [
      0,
      0,
      0,
      0,
      7,
      0
    ],
    [
      9,
      0,
      0,
      0,
      26,
      13542
    ]
  ],
  "misclassified_indices": [
    45,
    46,
    48,
    74,
    76,
    82,
    83,
    84,
    85,
    91,
    170,
    204,
    270,
    271,
    272,
    273,
    274,
    275,
    276,
    290,
    291,
    323,
    566,
    772,
    774,
    780,
    876,
    877,
    878,
    879,
    880,
    881,
    882,
    883,
    884,
    885,
    886,
    887,
    888,
    889,
    890,
    891,
    892,
    893,
    894,
    895,
    896,
    897,
    914,
    975,
    976,
    995,
    1019,
    1058,
    1127,
    1195,
    1218,
    1219,
    1220,
    1221,
    1222,
    1223,
    1226,
    1227,
    1228,
    1246,
    1247,
    1248,
    1259,
    1289,
    1327,
    1328,
    1329,
    1343,
    1345,
    1380,
    1405,
    1406,
    1416,
    1419,
    1420,
    1421,
    1422,
    1423,
    1441,
    1442,
    1497,
    1499,
    1500,
    1533,
    1543,
    1582,
    1584,
    1585,
    1616,
    1618,
    1620,
    1674,
    1679,
    1680,
    1703,
    1704,
    1705,
    1706,
    1707,
    1723,
    1725,
    1731,
    1732,
    1734,
    1735,
    1739,
    1740,
    1741,
    1742,
    1743,
    1749,
    1750,
    1751,
    1754,
    1760,
    1762,
    1763,
    1771,
    1772,
    1773,
    1784,
    1785,
    1786,
    1787,
    1796,
    1835,
    1836,
    1839,
    1860,
    1861,
    1884,
    1900,
    1902,
    1903,
    1904,
    1905,
    1907,
    1908,
    1912,
    1914,
    1915,
    1916,
    1917,
    1918,
    1929,
    1931,
    1932,
    1933,
    1934,
    1935,
    1936,
    1937,
    1939,
    1962,
    1979,
    1992,
    1994,
    1996,
    1997,
    2011,
    2022,
    2024,
    2026,
    2027,
    2028,
    2029,
    2053,
    2073,
    2074,
    2076,
    2077,
    2078,
    2092,
    2094,
    2095,
    2096,
    2104,
    2105,
    2106,
    2107,
    2108,
    2109,
    2110,
    2111,
    2112,
    2113,
    2114,
    2115,
    2116,
    2119,
    2120,
    2122,
    2123,
    2125,
    2126,
    2127,
    2128,
    2129,
    2133,
    2134,
    2135,
    2136,
    2137,
    2138,
    2139,
    2140,
    2141,
    2142,
    2143,
    2144,
    2145,
    2146,
    2147,
    2148,
    2149,
    2150,
    2151,
    2152,
    2153,
    2154,
    2155,
    2156,
    2157,
    2158,
    2159,
    2160,
    2161,
    2162,
    2163,
    2164,
    2165,
    2168,
    2233,
    2234,
    2235,
    2236,
    2237,
    2238,
    2239,
    2240,
    2241,
    2242,
    2243,
    2536,
    2601,
    2602,
    2603,
    2604,
    2605,
    2606,
    2630,
    2653,
    2654,
    2672,
    2673,
    2674,
    2675,
    2676,
    2680,
    2681,
    2682,
    2683,
    2689,
    2690,
    2691,
    2692,
    2693,
    2694,
    2695,
    2696,
    2697,
    2698,
    2699,
    2700,
    2701,
    2702,
    2703,
    2704,
    2705,
    2706,
    2707,
    2708,
    2709,
    2710,
    2711,
    2712,
    2713,
    2714,
    2715,
    2716,
    2717,
    2718,
    2719,
    2720,
    2721,
    2722,
    2723,
    2724,
    2725,
    2726,
    2727,
    2728,
    2729,
    2730,
    2731,
    2732,
    2733,
    2736,
    2737,
    2738,
    2790,
    2791,
    2813,
    2845,
    2846,
    2854,
    2856,
    2858,
    2859,
    2860,
    2861,
    2867,
    2868,
    2869,
    2870,
    2871,
    2872,
    2873,
    2874,
    2875,
    2876,
    2877,
    2878,
    2879,
    2880,
    2881,
    2882,
    2883,
    2884,
    2885,
    2886,
    2887,
    2888,
    2889,
    2890,
    2900,
    2901,
    2902,
    2903,
    2904,
    2905,
    2906,
    2916,
    2943,
    2946,
    2947,
    2948,
    2949,
    2950,
    2951,
    2952,
    2953,
    2954,
    2955,
    2956,
    2957,
    2958,
    2959,
    2960,
    2961,
    2962,
    2963,
    2964,
    2965,
    2966,
    2967,
    2968,
    2969,
    2970,
    2971,
    2972,
    2973,
    2974,
    2975,
    8483,
    16519,
    16520,
    16521,
    16522,
    16523,
    16524,
    16525,
    16526,
    16527,
    16528,
    16529,
    16530,
    16531,
    16532,
    16533,
    16534,
    16535,
    16536,
    16537,
    16538,
    16539,
    16540,
    16558,
    16594,
    16607,
    16675,
    16676,
    16678,
    16679,
    16680,
    16685,
    16714,
    16716,
    16717,
    16718,
    16719,
    16728,
    16729,
    16766,
    16847,
    16907,
    16943,
    16944,
    16946,
    16948,
    16949,
    16995,
    16996,
    16997,
    16999,
    17001,
    17002,
    17003,
    17004,
    17005,
    17006,
    17018,
    17020,
    17125,
    17126,
    17127,
    17128,
    17186,
    17236,
    17310,
    17389,
    17390,
    17439,
    17440,
    17522,
    17589,
    17590,
    17591,
    17592,
    17593,
    17780,
    17981,
    17982,
    18106,
    18107
  ],