{
  "Accuracy": 0.9962507581187627,
  "Macro Precision": 0.594913703523809,
  "Macro Recall": 0.6231204604053006,
  "Macro F1": 0.6076127195367258,
  "False Alarms": 30,
  "False Alarm Rate": 0.007136060894386299,
  "Missed Attacks": 34,
  "Detection Rate": 0.9975590494651446,
  "Confusion Matrix (actual_pred)": [
    [
      4174,
      7,
      0,
      15,
      7,
      1
    ],
    [
      1,
      306,
      0,
      0,
      0,
      0
    ],
    [
      9,
      0,
      0,
      1,
      0,
      0
    ],
    [
      6,
      0,
      0,
      24,
      2,
      0
    ],
    [
      7,
      0,
      0,
      0,
      0,
      0
    ],
    [
      11,
      0,
      0,
      0,
      1,
      13565
    ]
  ],
  "misclassified_indices": [
    566,
    772,
    774,
    780,
    876,
    877,
    878,
    879,
    914,
    1168,
    1210,
    1219,
    1220,
    1224,
    1225,
    1226,
    1288,
    1343,
    1345,
    1346,
    1347,
    1731,
    1732,
    1734,
    1740,
    1749,
    1753,
    1761,
    1771,
    1772,
    1773,
    1784,
    1785,
    2109,
    2110,
    2111,
    2112,
    2113,
    2117,
    2118,
    2121,
    2124,
    2130,
    2131,
    2132,
    2238,
    2239,
    2240,
    2569,
    2570,
    2683,
    2950,
    2951,
    2952,
    8483,
    16675,
    16676,
    16678,
    16679,
    16680,
    16718,
    16719,
    16728,
    16729,
    16766,
    17004,
    17005,
    17006
  ],
  "real_flow_indices": [
    1581,
    2097,
    2099,
    2112,
    2359,
    2361,
    2362,
    2363,
    2441,
    3101,
    3216,
    3250,
    3251,
    3261,
    3263,
    3269,
    3420,
    3556,
    3558,
    3559,
    3560,
    4564,
    4565,
    4570,
    4597,
    4612,
    4620,
    4641,
    4667,
    4668,
    4671,
    4686,
    4687,
    5464,
    5466,
    5468,
    5470,
    5471,
    5486,
    5487,
    5494,
    5502,
    5517,
    5518,
    5522,
    5782,
    5784,
    5788,
    6619,
    6621,
    6921,
    7592,
    7593,
    7595,
    21033,
    41890,
    41895,
    41904,
    41905,
    41908,
    42001,
    42003,
    42019,
    42020,
    42114,
    42691,
    42692,
    42694
  ],
  "y_pred": [
    0,
    1,
    1,
    1,
    1,
    1,
    1,
    1,
    3,
    0,
    0,
    3,
    3,
    0,
    0,
    3,
    0,
    0,
    0,
    0,
    0,
    0,
    0,
    0,
    3,
    3,
    4,
    0,
    0,
    0,
    4,
    3,
    3,
    4,
    4,
    4,
    4,
    4,
    0,
    0,
    0,
    0,
    0,
    0,
    0,
    3,
    3,
    3,
    4,
    4,
    3,
    0,
    0,
    4,
    5,
    0,
    0,
    0,
    0,
    0,
    3,
    0,
    0,
    0,
    0,
    3,
    3,
    3
  ],
  "y_true": [
    1,
    0,
    0,
    0,
    0,
    0,
    0,
    0,
    0,
    2,
    2,
    0,
    0,
    2,
    2,
    2,
    2,
    2,
    2,
    2,
    2,
    3,
    3,
    3,
    0,
    0,
    3,
    3,
    3,
    3,
    3,
    0,
    0,
    0,
    0,
    0,
    0,
    0,
    4,
    4,
    4,
    4,
    4,
    4,
    4,
    0,
    0,
    0,
    0,
    0,
    0,
    5,
    5,
    5,
    0,
    5,
    5,
    5,
    5,
    5,
    0,
    5,
    5,
    5,
    5,
    0,
    0,
    0
  ]
}