{
  "Accuracy": 0.9966433720354372,
  "Macro Precision": 0.7160729297811379,
  "Macro Recall": 0.9486071539543807,
  "Macro F1": 0.7837514936079467,
  "False Alarms": 45,
  "False Alarm Rate": 0.01061320754716981,
  "Missed Attacks": 9,
  "Detection Rate": 0.9993537268418785,
  "Confusion Matrix (actual_pred)": [
    [
      4195,
      2,
      7,
      17,
      17,
      2
    ],
    [
      1,
      306,
      0,
      0,
      0,
      0
    ],
    [
      0,
      0,
      8,
      2,
      0,
      0
    ],
    [
      0,
      0,
      3,
      29,
      0,
      0
    ],
    [
      0,
      0,
      0,
      0,
      7,
      0
    ],
    [
      8,
      0,
      1,
      0,
      1,
      13567
    ]
  ],
  "misclassified_indices": [
    410,
    411,
    412,
    413,
    601,
    803,
    909,
    1063,
    1214,
    1217,
    1218,
    1243,
    1275,
    1403,
    1406,
    1407,
    1527,
    1697,
    1762,
    1764,
    1765,
    1771,
    1778,
    1784,
    1785,
    1793,
    1804,
    1811,
    1812,
    1813,
    1814,
    1816,
    1819,
    2108,
    2150,
    2154,
    2155,
    2160,
    2162,
    2267,
    2268,
    2367,
    2875,
    2980,
    2981,
    2982,
    2983,
    16551,
    16552,
    16712,
    16717,
    16718,
    16719,
    16805,
    16806,
    17232,
    17233,
    17240,
    17990,
    18096,
    18097
  ],
  "real_flow_indices": [
    1104,
    1105,
    1107,
    1109,
    1581,
    2095,
    2361,
    2754,
    3166,
    3171,
    3172,
    3240,
    3319,
    3676,
    3679,
    3681,
    3942,
    4396,
    4564,
    4573,
    4576,
    4595,
    4611,
    4622,
    4623,
    4645,
    4666,
    4685,
    4686,
    4689,
    4690,
    4697,
    4701,
    5381,
    5488,
    5496,
    5497,
    5507,
    5519,
    5782,
    5784,
    6025,
    7321,
    7592,
    7593,
    7595,
    7597,
    41504,
    41507,
    41893,
    41904,
    41913,
    41914,
    42113,
    42119,
    43121,
    43122,
    43149,
    44978,
    45258,
    45259
  ],
  "y_pred": [
    4,
    4,
    4,
    4,
    0,
    1,
    1,
    4,
    2,
    3,
    3,
    2,
    3,
    3,
    3,
    3,
    2,
    4,
    2,
    3,
    3,
    2,
    2,
    3,
    3,
    3,
    2,
    3,
    3,
    3,
    3,
    3,
    3,
    4,
    4,
    4,
    4,
    4,
    4,
    3,
    3,
    4,
    4,
    0,
    0,
    2,
    4,
    5,
    5,
    0,
    0,
    0,
    0,
    0,
    0,
    4,
    2,
    2,
    2,
    4,
    4
  ],
  "y_true": [
    0,
    0,
    0,
    0,
    1,
    0,
    0,
    0,
    0,
    0,
    0,
    0,
    2,
    2,
    0,
    0,
    0,
    0,
    3,
    0,
    0,
    0,
    3,
    0,
    0,
    0,
    3,
    0,
    0,
    0,
    0,
    0,
    0,
    0,
    0,
    0,
    0,
    0,
    0,
    0,
    0,
    0,
    0,
    5,
    5,
    5,
    5,
    0,
    0,
    5,
    5,
    5,
    5,
    5,
    5,
    0,
    0,
    0,
    0,
    0,
    0
  ]
}