{
  "Accuracy": 0.9721563654408116,
  "Macro Precision": 0.5094843328167663,
  "Macro Recall": 0.6270552044164023,
  "Macro F1": 0.5075706760687991,
  "False Alarms": 465,
  "False Alarm Rate": 0.11060894386298763,
  "Missed Attacks": 16,
  "Detection Rate": 0.9988496656840894,
  "Confusion Matrix (actual_pred)": [
    [
      3739,
      0,
      0,
      389,
      0,
      76
    ],
    [
      1,
      297,
      0,
      3,
      0,
      6
    ],
    [
      1,
      0,
      0,
      6,
      0,
      3
    ],
    [
      2,
      0,
      0,
      29,
      0,
      1
    ],
    [
      3,
      0,
      0,
      0,
      0,
      4
    ],
    [
      9,
      0,
      0,
      1,
      0,
      13567
    ]
  ],
  "misclassified_indices": [
    43,
    44,
    45,
    46,
    47,
    48,
    73,
    74,
    75,
    76,
    82,
    83,
    84,
    85,
    91,
    92,
    93,
    161,
    169,
    170,
    203,
    204,
    209,
    210,
    262,
    270,
    271,
    272,
    273,
    274,
    275,
    276,
    290,
    291,
    554,
    566,
    771,
    772,
    773,
    774,
    775,
    776,
    777,
    778,
    779,
    780,
    781,
    782,
    876,
    877,
    878,
    879,
    880,
    892,
    893,
    894,
    895,
    896,
    914,
    975,
    976,
    1019,
    1058,
    1071,
    1095,
    1104,
    1155,
    1168,
    1193,
    1195,
    1210,
    1217,
    1218,
    1219,
    1220,
    1221,
    1222,
    1223,
    1224,
    1225,
    1226,
    1227,
    1228,
    1288,
    1289,
    1290,
    1312,
    1313,
    1314,
    1343,
    1345,
    1346,
    1347,
    1361,
    1380,
    1402,
    1403,
    1404,
    1405,
    1406,
    1416,
    1417,
    1418,
    1419,
    1420,
    1421,
    1422,
    1423,
    1441,
    1442,
    1488,
    1495,
    1496,
    1497,
    1498,
    1499,
    1500,
    1501,
    1540,
    1541,
    1542,
    1543,
    1544,
    1545,
    1582,
    1583,
    1584,
    1585,
    1586,
    1615,
    1616,
    1617,
    1618,
    1619,
    1620,
    1673,
    1674,
    1679,
    1680,
    1702,
    1703,
    1704,
    1705,
    1706,
    1707,
    1721,
    1722,
    1723,
    1724,
    1725,
    1726,
    1731,
    1734,
    1735,
    1736,
    1739,
    1740,
    1741,
    1742,
    1743,
    1749,
    1750,
    1751,
    1754,
    1760,
    1762,
    1763,
    1771,
    1784,
    1785,
    1786,
    1787,
    1796,
    1834,
    1835,
    1836,
    1837,
    1838,
    1839,
    1847,
    1848,
    1857,
    1858,
    1859,
    1860,
    1861,
    1882,
    1883,
    1884,
    1885,
    1886,
    1887,
    1900,
    1901,
    1902,
    1903,
    1904,
    1905,
    1906,
    1907,
    1908,
    1911,
    1912,
    1913,
    1914,
    1915,
    1916,
    1917,
    1918,
    1919,
    1928,
    1929,
    1930,
    1931,
    1932,
    1933,
    1934,
    1935,
    1936,
    1937,
    1938,
    1960,
    1961,
    1962,
    1963,
    1964,
    1965,
    1978,
    1979,
    1980,
    1981,
    1989,
    1990,
    1991,
    1992,
    1993,
    1994,
    1995,
    1996,
    1997,
    2011,
    2019,
    2020,
    2021,
    2022,
    2023,
    2024,
    2025,
    2026,
    2027,
    2028,
    2029,
    2072,
    2073,
    2074,
    2075,
    2076,
    2077,
    2078,
    2079,
    2091,
    2092,
    2093,
    2094,
    2095,
    2096,
    2104,
    2105,
    2106,
    2107,
    2108,
    2109,
    2110,
    2111,
    2112,
    2113,
    2117,
    2118,
    2121,
    2124,
    2125,
    2126,
    2130,
    2131,
    2132,
    2233,
    2234,
    2235,
    2236,
    2237,
    2238,
    2239,
    2240,
    2241,
    2242,
    2243,
    2244,
    2337,
    2338,
    2504,
    2505,
    2506,
    2531,
    2532,
    2533,
    2534,
    2535,
    2536,
    2537,
    2571,
    2628,
    2629,
    2630,
    2631,
    2638,
    2639,
    2640,
    2641,
    2653,
    2654,
    2658,
    2672,
    2680,
    2681,
    2682,
    2683,
    2689,
    2690,
    2691,
    2692,
    2693,
    2694,
    2695,
    2696,
    2697,
    2698,
    2701,
    2702,
    2703,
    2704,
    2705,
    2706,
    2707,
    2708,
    2709,
    2710,
    2711,
    2712,
    2713,
    2722,
    2724,
    2765,
    2766,
    2767,
    2768,
    2770,
    2790,
    2812,
    2813,
    2818,
    2835,
    2836,
    2844,
    2845,
    2846,
    2847,
    2849,
    2853,
    2854,
    2855,
    2856,
    2857,
    2858,
    2859,
    2860,
    2861,
    2887,
    2888,
    2916,
    2936,
    2943,
    2944,
    2945,
    2946,
    2947,
    2948,
    2949,
    2950,
    8483,
    16519,
    16532,
    16547,
    16549,
    16592,
    16594,
    16605,
    16606,
    16607,
    16608,
    16609,
    16675,
    16676,
    16678,
    16679,
    16680,
    16685,
    16687,
    16714,
    16715,
    16716,
    16717,
    16718,
    16719,
    16728,
    16729,
    16741,
    16766,
    16833,
    16847,
    16907,
    16913,
    16914,
    16994,
    16995,
    16996,
    16997,
    16998,
    16999,
    17000,
    17001,
    17002,
    17003,
    17004,
    17005,
    17006,
    17016,
    17017,
    17018,
    17019,
    17020,
    17021,
    17022,
    17023,
    17081,
    17082,
    17083,
    17084,
    17085,
    17086,
    17121,
    17122,
    17123,
    17136,
    17183,
    17184,
    17185,
    17186,
    17197,
    17198,
    17199,
    17236,
    17305,
    17306,
    17307,
    17308,
    17309,
    17310,
    17358,
    17359,
    17360,
    17387,
    17388,
    17389,
    17390,
    17391,
    17439,
    17440,
    17442,
    17443,
    17496,
    17520,
    17522,
    17525,
    17563,
    17589,
    17590,
    17591,
    17592,
    17593,
    17780,
    17894,
    17895,
    17941,
    17942,
    17966,
    17980,
    17981,
    17982,
    18104,
    18105,
    18106,
    18107,
    18108,
    18123,
    18124
  ],