{
  "Accuracy": 0.9954237194684898,
  "Macro Precision": 0.7123152735130508,
  "Macro Recall": 0.9861972919942633,
  "Macro F1": 0.7953146716080352,
  "False Alarms": 68,
  "False Alarm Rate": 0.016175071360608945,
  "Missed Attacks": 13,
  "Detection Rate": 0.99906682937334,
  "Confusion Matrix (actual_pred)": [
    [
      4136,
      13,
      9,
      29,
      14,
      3
    ],
    [
      1,
      306,
      0,
      0,
      0,
      0
    ],
    [
      0,
      0,
      10,
      0,
      0,
      0
    ],
    [
      0,
      0,
      2,
      30,
      0,
      0
    ],
    [
      0,
      0,
      0,
      0,
      7,
      0
    ],
    [
      12,
      0,
      0,
      0,
      0,
      13565
    ]
  ],
  "misclassified_indices": [
    566,
    772,
    774,
    780,
    876,
    877,
    878,
    879,
    880,
    881,
    882,
    883,
    884,
    885,
    1244,
    1516,
    1731,
    1732,
    1735,
    1736,
    1739,
    1740,
    1741,
    1742,
    1743,
    1749,
    1750,
    1751,
    1754,
    1760,
    1762,
    1763,
    1764,
    1765,
    1766,
    1767,
    1768,
    1784,
    1785,
    1786,
    1787,
    1789,
    1790,
    1791,
    1792,
    1796,
    1797,
    2107,
    2110,
    2111,
    2112,
    2113,
    2119,
    2120,
    2122,
    2123,
    2125,
    2126,
    2129,
    2570,
    2678,
    2950,
    2951,
    2952,
    8483,
    16519,
    16520,
    16675,
    16676,
    16678,
    16679,
    16680,
    16719,
    16728,
    16729,
    16766,
    16979,
    17183,
    17197,
    17198,
    17496,
    17691,
    17778
  ],
  "real_flow_indices": [
    1581,
    2097,
    2099,
    2112,
    2359,
    2361,
    2362,
    2363,
    2364,
    2371,
    2372,
    2373,
    2374,
    2376,
    3320,
    3993,
    4564,
    4565,
    4573,
    4577,
    4596,
    4597,
    4598,
    4600,
    4601,
    4612,
    4613,
    4614,
    4621,
    4640,
    4642,
    4645,
    4648,
    4649,
    4652,
    4653,
    4655,
    4686,
    4687,
    4688,
    4690,
    4704,
    4705,
    4709,
    4710,
    4726,
    4731,
    5462,
    5466,
    5468,
    5470,
    5471,
    5488,
    5491,
    5495,
    5497,
    5503,
    5505,
    5513,
    6621,
    6908,
    7592,
    7593,
    7595,
    21033,
    41506,
    41513,
    41890,
    41895,
    41904,
    41905,
    41908,
    42003,
    42019,
    42020,
    42114,
    42627,
    43122,
    43146,
    43147,
    43895,
    44368,
    44569
  ],
  "y_pred": [
    0,
    1,
    1,
    1,
    1,
    1,
    1,
    1,
    1,
    1,
    1,
    1,
    1,
    1,
    2,
    2,
    2,
    2,
    3,
    3,
    3,
    3,
    3,
    3,
    3,
    3,
    3,
    3,
    3,
    3,
    3,
    3,
    3,
    3,
    3,
    3,
    3,
    3,
    3,
    3,
    3,
    3,
    3,
    3,
    3,
    3,
    3,
    2,
    4,
    4,
    4,
    4,
    4,
    4,
    4,
    4,
    4,
    4,
    4,
    4,
    2,
    0,
    0,
    0,
    5,
    5,
    5,
    0,
    0,
    0,
    0,
    0,
    0,
    0,
    0,
    0,
    2,
    2,
    4,
    4,
    2,
    2,
    2
  ],
  "y_true": [
    1,
    0,
    0,
    0,
    0,
    0,
    0,
    0,
    0,
    0,
    0,
    0,
    0,
    0,
    0,
    0,
    3,
    3,
    0,
    0,
    0,
    0,
    0,
    0,
    0,
    0,
    0,
    0,
    0,
    0,
    0,
    0,
    0,
    0,
    0,
    0,
    0,
    0,
    0,
    0,
    0,
    0,
    0,
    0,
    0,
    0,
    0,
    0,
    0,
    0,
    0,
    0,
    0,
    0,
    0,
    0,
    0,
    0,
    0,
    0,
    0,
    5,
    5,
    5,
    0,
    0,
    0,
    5,
    5,
    5,
    5,
    5,
    5,
    5,
    5,
    5,
    0,
    0,
    0,
    0,
    0,
    0,
    0
  ]
}