{
  "Accuracy": 0.994321001268126,
  "Macro Precision": 0.6901081781258673,
  "Macro Recall": 0.9854865037007555,
  "Macro F1": 0.765373998655498,
  "False Alarms": 85,
  "False Alarm Rate": 0.02021883920076118,
  "Missed Attacks": 14,
  "Detection Rate": 0.9989949027209419,
  "Confusion Matrix (actual_pred)": [
    [
      4119,
      12,
      7,
      33,
      30,
      3
    ],
    [
      1,
      306,
      0,
      0,
      0,
      0
    ],
    [
      0,
      0,
      10,
      0,
      0,
      0
    ],
    [
      0,
      0,
      2,
      30,
      0,
      0
    ],
    [
      0,
      0,
      0,
      0,
      7,
      0
    ],
    [
      13,
      0,
      0,
      0,
      2,
      13562
    ]
  ],
  "misclassified_indices": [
    566,
    772,
    774,
    780,
    876,
    877,
    878,
    879,
    880,
    881,
    882,
    883,
    884,
    885,
    886,
    887,
    888,
    889,
    890,
    891,
    892,
    893,
    894,
    895,
    896,
    897,
    900,
    901,
    902,
    1076,
    1244,
    1731,
    1732,
    1735,
    1736,
    1739,
    1740,
    1741,
    1742,
    1743,
    1749,
    1750,
    1751,
    1754,
    1760,
    1762,
    1763,
    1764,
    1765,
    1766,
    1767,
    1768,
    1769,
    1784,
    1785,
    1786,
    1787,
    1789,
    1790,
    1791,
    1792,
    1796,
    1797,
    1798,
    2053,
    2110,
    2111,
    2112,
    2113,
    2114,
    2115,
    2116,
    2119,
    2120,
    2122,
    2123,
    2125,
    2126,
    2127,
    2128,
    2129,
    2133,
    2950,
    2951,
    2952,
    2953,
    2954,
    2955,
    8483,
    16519,
    16675,
    16676,
    16678,
    16679,
    16680,
    16719,
    16728,
    16729,
    16766,
    16979,
    17183,
    17691,
    17778
  ],
  "real_flow_indices": [
    1581,
    2097,
    2099,
    2112,
    2359,
    2361,
    2362,
    2363,
    2364,
    2371,
    2372,
    2373,
    2374,
    2376,
    2378,
    2380,
    2383,
    2387,
    2388,
    2389,
    2390,
    2391,
    2392,
    2393,
    2395,
    2396,
    2402,
    2405,
    2407,
    2862,
    3320,
    4564,
    4565,
    4573,
    4577,
    4596,
    4597,
    4598,
    4600,
    4601,
    4612,
    4613,
    4614,
    4621,
    4640,
    4642,
    4645,
    4648,
    4649,
    4652,
    4653,
    4655,
    4656,
    4686,
    4687,
    4688,
    4690,
    4704,
    4705,
    4709,
    4710,
    4726,
    4731,
    4732,
    5330,
    5466,
    5468,
    5470,
    5471,
    5477,
    5479,
    5483,
    5488,
    5491,
    5495,
    5497,
    5503,
    5505,
    5508,
    5511,
    5513,
    5527,
    7592,
    7593,
    7595,
    7597,
    7599,
    7600,
    21033,
    41506,
    41890,
    41895,
    41904,
    41905,
    41908,
    42003,
    42019,
    42020,
    42114,
    42627,
    43122,
    44368,
    44569
  ],
  "y_pred": [
    0,
    1,
    1,
    1,
    1,
    1,
    1,
    1,
    1,
    1,
    1,
    1,
    1,
    5,
    3,
    3,
    4,
    4,
    4,
    4,
    4,
    4,
    4,
    4,
    4,
    4,
    4,
    4,
    4,
    2,
    2,
    2,
    2,
    3,
    3,
    3,
    3,
    3,
    3,
    3,
    3,
    3,
    3,
    3,
    3,
    3,
    3,
    3,
    3,
    3,
    3,
    3,
    3,
    3,
    3,
    3,
    3,
    3,
    3,
    3,
    3,
    3,
    3,
    3,
    2,
    4,
    4,
    4,
    4,
    4,
    4,
    4,
    4,
    4,
    4,
    4,
    4,
    4,
    4,
    4,
    4,
    4,
    0,
    0,
    0,
    0,
    4,
    4,
    5,
    5,
    0,
    0,
    0,
    0,
    0,
    0,
    0,
    0,
    0,
    2,
    2,
    2,
    2
  ],
  "y_true": [
    1,
    0,
    0,
    0,
    0,
    0,
    0,
    0,
    0,
    0,
    0,
    0,
    0,
    0,
    0,
    0,
    0,
    0,
    0,
    0,
    0,
    0,
    0,
    0,
    0,
    0,
    0,
    0,
    0,
    0,
    0,
    3,
    3,
    0,
    0,
    0,
    0,
    0,
    0,
    0,
    0,
    0,
    0,
    0,
    0,
    0,
    0,
    0,
    0,
    0,
    0,
    0,
    0,
    0,
    0,
    0,
    0,
    0,
    0,
    0,
    0,
    0,
    0,
    0,
    0,
    0,
    0,
    0,
    0,
    0,
    0,
    0,
    0,
    0,
    0,
    0,
    0,
    0,
    0,
    0,
    0,
    0,
    5,
    5,
    5,
    5,
    5,
    5,
    0,
    0,
    5,
    5,
    5,
    5,
    5,
    5,
    5,
    5,
    5,
    0,
    0,
    0,
    0
  ]
}