{
  "Accuracy": 0.9959750785686717,
  "Macro Precision": 0.7345518118337657,
  "Macro Recall": 0.9815345277530408,
  "Macro F1": 0.8108801492214618,
  "False Alarms": 53,
  "False Alarm Rate": 0.012607040913415794,
  "Missed Attacks": 12,
  "Detection Rate": 0.9991382405745063,
  "Confusion Matrix (actual_pred)": [
    [
      4151,
      8,
      5,
      20,
      11,
      9
    ],
    [
      0,
      306,
      1,
      0,
      0,
      0
    ],
    [
      0,
      0,
      10,
      0,
      0,
      0
    ],
    [
      0,
      0,
      3,
      29,
      0,
      0
    ],
    [
      0,
      0,
      0,
      0,
      7,
      0
    ],
    [
      12,
      0,
      0,
      0,
      4,
      13561
    ]
  ],
  "misclassified_indices": [
    566,
    772,
    774,
    780,
    876,
    877,
    878,
    879,
    880,
    881,
    882,
    883,
    884,
    885,
    886,
    887,
    1076,
    1155,
    1731,
    1732,
    1734,
    1735,
    1739,
    1740,
    1741,
    1742,
    1743,
    1749,
    1750,
    1751,
    1754,
    1760,
    1762,
    1763,
    1764,
    1765,
    1784,
    1785,
    1786,
    1787,
    1796,
    2107,
    2110,
    2111,
    2112,
    2113,
    2119,
    2120,
    2122,
    2123,
    2125,
    2126,
    2129,
    2950,
    2951,
    2952,
    2953,
    2954,
    2955,
    2956,
    8483,
    16519,
    16675,
    16676,
    16678,
    16679,
    16680,
    16719,
    16728,
    16729,
    16766,
    17183,
    17496
  ],
  "real_flow_indices": [
    1581,
    2097,
    2099,
    2112,
    2359,
    2361,
    2362,
    2363,
    2364,
    2371,
    2372,
    2373,
    2374,
    2376,
    2378,
    2380,
    2862,
    3074,
    4564,
    4565,
    4570,
    4573,
    4596,
    4597,
    4598,
    4600,
    4601,
    4612,
    4613,
    4614,
    4621,
    4640,
    4642,
    4645,
    4648,
    4649,
    4686,
    4687,
    4688,
    4690,
    4726,
    5462,
    5466,
    5468,
    5470,
    5471,
    5488,
    5491,
    5495,
    5497,
    5503,
    5505,
    5513,
    7592,
    7593,
    7595,
    7597,
    7599,
    7600,
    7601,
    21033,
    41506,
    41890,
    41895,
    41904,
    41905,
    41908,
    42003,
    42019,
    42020,
    42114,
    43122,
    43895
  ],
  "y_pred": [
    2,
    1,
    1,
    1,
    1,
    1,
    1,
    1,
    1,
    5,
    5,
    5,
    5,
    5,
    5,
    5,
    2,
    2,
    2,
    2,
    2,
    3,
    3,
    3,
    3,
    3,
    3,
    3,
    3,
    3,
    3,
    3,
    3,
    3,
    3,
    3,
    3,
    3,
    3,
    3,
    3,
    2,
    4,
    4,
    4,
    4,
    4,
    4,
    4,
    4,
    4,
    4,
    4,
    0,
    0,
    0,
    4,
    4,
    4,
    4,
    5,
    5,
    0,
    0,
    0,
    0,
    0,
    0,
    0,
    0,
    0,
    2,
    2
  ],
  "y_true": [
    1,
    0,
    0,
    0,
    0,
    0,
    0,
    0,
    0,
    0,
    0,
    0,
    0,
    0,
    0,
    0,
    0,
    0,
    3,
    3,
    3,
    0,
    0,
    0,
    0,
    0,
    0,
    0,
    0,
    0,
    0,
    0,
    0,
    0,
    0,
    0,
    0,
    0,
    0,
    0,
    0,
    0,
    0,
    0,
    0,
    0,
    0,
    0,
    0,
    0,
    0,
    0,
    0,
    5,
    5,
    5,
    5,
    5,
    5,
    5,
    0,
    0,
    5,
    5,
    5,
    5,
    5,
    5,
    5,
    5,
    5,
    0,
    0
  ]
}