{
  "Accuracy": 0.9925163704396632,
  "Macro Precision": 0.5526548227605307,
  "Macro Recall": 0.6885660044702991,
  "Macro F1": 0.5817283073407434,
  "False Alarms": 108,
  "False Alarm Rate": 0.02547169811320755,
  "Missed Attacks": 24,
  "Detection Rate": 0.9982769760930433,
  "Confusion Matrix (actual_pred)": [
    [
      4132,
      2,
      0,
      86,
      20,
      0
    ],
    [
      1,
      306,
      0,
      0,
      0,
      0
    ],
    [
      6,
      0,
      0,
      4,
      0,
      0
    ],
    [
      4,
      0,
      0,
      28,
      0,
      0
    ],
    [
      5,
      0,
      0,
      0,
      2,
      0
    ],
    [
      8,
      0,
      0,
      0,
      0,
      13569
    ]
  ],
  "misclassified_indices": [
    122,
    300,
    301,
    302,
    303,
    304,
    601,
    803,
    909,
    936,
    937,
    938,
    1194,
    1214,
    1215,
    1233,
    1242,
    1243,
    1246,
    1247,
    1248,
    1249,
    1250,
    1251,
    1252,
    1253,
    1254,
    1255,
    1256,
    1257,
    1275,
    1322,
    1337,
    1341,
    1365,
    1366,
    1403,
    1406,
    1407,
    1444,
    1459,
    1460,
    1475,
    1527,
    1574,
    1647,
    1650,
    1651,
    1703,
    1704,
    1762,
    1763,
    1771,
    1772,
    1773,
    1779,
    1784,
    1785,
    1793,
    1804,
    1805,
    1811,
    1812,
    1813,
    1814,
    1816,
    1819,
    1874,
    1935,
    1961,
    1963,
    1964,
    1966,
    1968,
    2110,
    2111,
    2113,
    2122,
    2132,
    2133,
    2134,
    2135,
    2136,
    2137,
    2138,
    2139,
    2140,
    2151,
    2152,
    2156,
    2158,
    2159,
    2266,
    2267,
    2268,
    2269,
    2270,
    2271,
    2272,
    2534,
    2557,
    2596,
    2597,
    2713,
    2714,
    2715,
    2716,
    2717,
    2718,
    2719,
    2720,
    2721,
    2894,
    2945,
    2977,
    2979,
    2980,
    2981,
    16551,
    16629,
    16712,
    16717,
    16718,
    16719,
    16752,
    16805,
    16806,
    17039,
    17043,
    17044,
    17045,
    17046,
    17047,
    17628,
    17629,
    18146
  ],
  "real_flow_indices": [
    322,
    819,
    820,
    822,
    825,
    826,
    1581,
    2095,
    2361,
    2442,
    2444,
    2445,
    3101,
    3166,
    3167,
    3216,
    3238,
    3240,
    3249,
    3250,
    3251,
    3252,
    3253,
    3256,
    3258,
    3259,
    3264,
    3266,
    3268,
    3270,
    3319,
    3425,
    3468,
    3481,
    3558,
    3562,
    3676,
    3679,
    3681,
    3752,
    3793,
    3794,
    3829,
    3942,
    4063,
    4263,
    4270,
    4271,
    4410,
    4411,
    4564,
    4571,
    4595,
    4597,
    4599,
    4612,
    4622,
    4623,
    4645,
    4666,
    4667,
    4685,
    4686,
    4689,
    4690,
    4697,
    4701,
    4826,
    4970,
    5034,
    5036,
    5038,
    5040,
    5042,
    5389,
    5393,
    5398,
    5430,
    5456,
    5460,
    5461,
    5464,
    5466,
    5468,
    5469,
    5470,
    5471,
    5492,
    5493,
    5499,
    5501,
    5502,
    5778,
    5782,
    5784,
    5786,
    5789,
    5790,
    5793,
    6447,
    6515,
    6621,
    6622,
    6916,
    6917,
    6918,
    6919,
    6920,
    6925,
    6926,
    6927,
    6928,
    7363,
    7508,
    7587,
    7589,
    7592,
    7593,
    41504,
    41692,
    41893,
    41904,
    41913,
    41914,
    42000,
    42113,
    42119,
    42676,
    42683,
    42687,
    42694,
    42696,
    42697,
    44113,
    44114,
    45367
  ],
  "y_pred": [
    3,
    3,
    3,
    3,
    3,
    3,
    0,
    1,
    1,
    3,
    3,
    3,
    0,
    3,
    3,
    0,
    4,
    4,
    3,
    3,
    3,
    3,
    3,
    3,
    3,
    3,
    3,
    3,
    3,
    3,
    0,
    4,
    0,
    4,
    0,
    3,
    0,
    3,
    3,
    3,
    3,
    3,
    4,
    4,
    3,
    3,
    3,
    3,
    3,
    3,
    0,
    0,
    3,
    3,
    3,
    3,
    3,
    3,
    3,
    0,
    0,
    3,
    3,
    3,
    3,
    3,
    4,
    3,
    4,
    3,
    3,
    3,
    3,
    3,
    3,
    3,
    3,
    3,
    3,
    3,
    3,
    3,
    4,
    4,
    4,
    4,
    4,
    0,
    0,
    0,
    0,
    0,
    3,
    3,
    3,
    3,
    3,
    3,
    3,
    3,
    3,
    4,
    4,
    3,
    3,
    3,
    3,
    3,
    3,
    3,
    3,
    4,
    4,
    4,
    3,
    3,
    0,
    0,
    4,
    3,
    0,
    0,
    0,
    0,
    3,
    0,
    0,
    3,
    3,
    3,
    3,
    3,
    3,
    3,
    3,
    4
  ],
  "y_true": [
    0,
    0,
    0,
    0,
    0,
    0,
    1,
    0,
    0,
    0,
    0,
    0,
    2,
    0,
    0,
    2,
    0,
    0,
    0,
    0,
    0,
    0,
    0,
    0,
    0,
    0,
    2,
    2,
    2,
    0,
    2,
    0,
    2,
    0,
    2,
    2,
    2,
    0,
    0,
    0,
    0,
    0,
    0,
    0,
    0,
    0,
    0,
    0,
    0,
    0,
    3,
    3,
    0,
    0,
    0,
    0,
    0,
    0,
    0,
    3,
    3,
    0,
    0,
    0,
    0,
    0,
    0,
    0,
    0,
    0,
    0,
    0,
    0,
    0,
    0,
    0,
    0,
    0,
    0,
    0,
    0,
    0,
    0,
    0,
    0,
    0,
    0,
    4,
    4,
    4,
    4,
    4,
    0,
    0,
    0,
    0,
    0,
    0,
    0,
    0,
    0,
    0,
    0,
    0,
    0,
    0,
    0,
    0,
    0,
    0,
    0,
    0,
    0,
    0,
    0,
    0,
    5,
    5,
    0,
    0,
    5,
    5,
    5,
    5,
    0,
    5,
    5,
    0,
    0,
    0,
    0,
    0,
    0,
    0,
    0,
    0
  ]
}