{
  "accuracy": 0.9997415044441351,
  "precision": 1.0,
  "recall": 0.9995576576270033,
  "f1": 0.9997787798859865,
  "confusion_matrix": [
    [
      20902,
      0
    ],
    [
      13,
      29376
    ]
  ],
  "misclassified_samples": {
    "total_misclassified": 13,
    "per_phase": {
      "0": 0,
      "1": 0,
      "2": 0,
      "3": 0,
      "4": 0,
      "5": 13
    }
  }
}