{
  "Accuracy": 0.9674689573056642,
  "Macro Precision": 0.8160901766670243,
  "Macro Recall": 0.9355315671380674,
  "Macro F1": 0.8645978792431461,
  "False Alarms": 3837,
  "False Alarm Rate": 0.028723929870790976,
  "Missed Attacks": 753,
  "Detection Rate": 0.8997870641469258,
  "Confusion Matrix (actual_pred)": [
    [
      129745,
      3837
    ],
    [
      753,
      6761
    ]
  ],
  "Misclassified Info": {
    "total_misclassified": 4590,
    "per_phase": {
      "0": 3837,
      "1": 432,
      "2": 10,
      "3": 81,
      "4": 230,
      "5": 0
    }
  }
}