{
  "Accuracy": 0.9366459715371095,
  "Macro Precision": 0.723705046963052,
  "Macro Recall": 0.9239003345133432,
  "Macro F1": 0.7850952384531449,
  "False Alarms": 8260,
  "False Alarm Rate": 0.061834678324924015,
  "Missed Attacks": 679,
  "Detection Rate": 0.9096353473516103,
  "Confusion Matrix (actual_pred)": [
    [
      125322,
      8260
    ],
    [
      679,
      6835
    ]
  ],
  "Misclassified Info": {
    "total_misclassified": 8939,
    "per_phase": {
      "0": 8260,
      "1": 225,
      "2": 395,
      "3": 2,
      "4": 57,
      "5": 0
    }
  }
}