{
  "accuracy": 0.6839072466071889,
  "precision": 0.5906908554789517,
  "recall": 0.8026089215100911,
  "f1": 0.6256513733287744,
  "confusion_matrix": [
    [
      20886,
      0,
      15,
      7,
      19,
      15858
    ],
    [
      0,
      7,
      1,
      0,
      0,
      0
    ],
    [
      0,
      0,
      6,
      3,
      0,
      0
    ],
    [
      0,
      0,
      1,
      13,
      0,
      0
    ],
    [
      1,
      0,
      1,
      0,
      7,
      0
    ],
    [
      2,
      0,
      0,
      0,
      0,
      13500
    ]
  ],
  "misclassified_info": {}
}