{
  "accuracy": 0.9991254397646638,
  "precision": 0.7995435735965404,
  "recall": 0.8658313699767,
  "f1": 0.7783587844463954,
  "confusion_matrix": [
    [
      20866,
      0,
      14,
      1,
      3,
      0
    ],
    [
      0,
      5,
      3,
      0,
      0,
      0
    ],
    [
      0,
      0,
      9,
      0,
      0,
      0
    ],
    [
      0,
      0,
      6,
      8,
      0,
      0
    ],
    [
      0,
      0,
      0,
      0,
      7,
      0
    ],
    [
      15,
      0,
      1,
      0,
      1,
      29372
    ]
  ]
}