{
  "accuracy": 0.9995827289526497,
  "precision": 0.8615204907240307,
  "recall": 0.9813519363810377,
  "f1": 0.9122689100000461,
  "confusion_matrix": [
    [
      20893,
      2,
      2,
      0,
      3,
      0
    ],
    [
      0,
      8,
      0,
      0,
      0,
      0
    ],
    [
      0,
      0,
      8,
      1,
      0,
      0
    ],
    [
      0,
      0,
      0,
      14,
      0,
      0
    ],
    [
      0,
      0,
      0,
      0,
      7,
      0
    ],
    [
      12,
      0,
      0,
      0,
      1,
      29376
    ]
  ]
}