{
  "accuracy": 0.9992449381047946,
  "precision": 0.8937084838518395,
  "recall": 0.6632541667043207,
  "f1": 0.7227244877796518,
  "confusion_matrix": [
    [
      20896,
      0,
      0,
      0,
      0,
      4
    ],
    [
      0,
      6,
      1,
      0,
      0,
      1
    ],
    [
      5,
      0,
      4,
      0,
      0,
      0
    ],
    [
      3,
      0,
      6,
      3,
      0,
      2
    ],
    [
      3,
      0,
      0,
      0,
      4,
      0
    ],
    [
      13,
      0,
      0,
      0,
      0,
      29376
    ]
  ],
  "misclassified_indices": [
    8714,
    8717,
    9973,
    10394,
    10489,
    10490,
    10519,
    11729,
    11731,
    11732,
    11733,
    11734,
    11736,
    11737,
    11767,
    11768,
    11772,
    11794,
    12840,
    12931,
    12945,
    15816,
    26446,
    26461,
    37272,
    45840,
    45871,
    45872,
    45873,
    45874,
    45887,
    45889,
    45891,
    46035,
    46037,
    46139,
    46141,
    46142
  ],
  "real_flow_indices": [
    21649,
    21659,
    24688,
    25739,
    25976,
    25977,
    26061,
    29049,
    29057,
    29058,
    29059,
    29061,
    29064,
    29065,
    29136,
    29137,
    29155,
    29215,
    31974,
    32216,
    32259,
    39483,
    66086,
    66119,
    93042,
    114533,
    114608,
    114612,
    114614,
    114616,
    114647,
    114655,
    114661,
    115033,
    115037,
    115298,
    115300,
    115304
  ],
  "y_pred": [
    2,
    5,
    0,
    0,
    0,
    0,
    0,
    2,
    0,
    2,
    2,
    2,
    5,
    5,
    2,
    0,
    2,
    0,
    0,
    0,
    0,
    0,
    5,
    5,
    5,
    5,
    0,
    0,
    0,
    0,
    0,
    0,
    0,
    0,
    0,
    0,
    0,
    0
  ],
  "y_true": [
    1,
    1,
    2,
    2,
    2,
    2,
    2,
    3,
    3,
    3,
    3,
    3,
    3,
    3,
    3,
    3,
    3,
    3,
    4,
    4,
    4,
    5,
    0,
    0,
    0,
    0,
    5,
    5,
    5,
    5,
    5,
    5,
    5,
    5,
    5,
    5,
    5,
    5
  ]
}