{
  "accuracy": 0.9991254397646638,
  "precision": 0.7995435735965404,
  "recall": 0.8658313699767,
  "f1": 0.7783587844463954,
  "confusion_matrix": [
    [
      20866,
      0,
      14,
      1,
      3,
      0
    ],
    [
      0,
      5,
      3,
      0,
      0,
      0
    ],
    [
      0,
      0,
      9,
      0,
      0,
      0
    ],
    [
      0,
      0,
      6,
      8,
      0,
      0
    ],
    [
      0,
      0,
      0,
      0,
      7,
      0
    ],
    [
      15,
      0,
      1,
      0,
      1,
      29372
    ]
  ],
  "misclassified_indices": [
    8116,
    8279,
    8690,
    8691,
    8708,
    8960,
    9608,
    9832,
    11717,
    11718,
    11722,
    11744,
    11745,
    11753,
    11779,
    11780,
    11781,
    13346,
    15808,
    15959,
    45841,
    45842,
    45845,
    45857,
    45858,
    45860,
    46005,
    46007,
    46009,
    46021,
    46110,
    46112,
    46114,
    46117,
    46119,
    46509,
    46924,
    47132,
    47445,
    48436,
    49846,
    49954,
    50030,
    50273
  ],
  "real_flow_indices": [
    20294,
    20670,
    21649,
    21650,
    21684,
    22310,
    23862,
    24389,
    29050,
    29059,
    29066,
    29136,
    29137,
    29152,
    29214,
    29216,
    29217,
    33331,
    39483,
    39857,
    114604,
    114608,
    114616,
    114649,
    114655,
    114659,
    115033,
    115035,
    115037,
    115068,
    115296,
    115300,
    115302,
    115306,
    115308,
    116229,
    117244,
    117803,
    118565,
    121079,
    124653,
    124946,
    125166,
    125723
  ],
  "y_pred": [
    2,
    4,
    2,
    2,
    2,
    4,
    2,
    2,
    2,
    2,
    3,
    2,
    2,
    2,
    2,
    2,
    2,
    2,
    4,
    2,
    0,
    0,
    0,
    0,
    0,
    0,
    0,
    0,
    0,
    0,
    0,
    0,
    0,
    0,
    0,
    2,
    2,
    2,
    2,
    2,
    2,
    2,
    4,
    2
  ],
  "y_true": [
    0,
    0,
    1,
    1,
    1,
    0,
    0,
    0,
    3,
    3,
    0,
    3,
    3,
    3,
    3,
    0,
    0,
    0,
    5,
    5,
    5,
    5,
    5,
    5,
    5,
    5,
    5,
    5,
    5,
    5,
    5,
    5,
    5,
    5,
    5,
    0,
    0,
    0,
    0,
    0,
    0,
    0,
    0,
    0
  ]
}