{
  "accuracy": 0.9994235852994375,
  "precision": 0.9013238280349775,
  "recall": 0.786607631718122,
  "f1": 0.8340429508986058,
  "confusion_matrix": [
    [
      20883,
      0,
      0,
      1,
      0,
      0
    ],
    [
      3,
      5,
      0,
      0,
      0,
      0
    ],
    [
      3,
      0,
      6,
      0,
      0,
      0
    ],
    [
      1,
      0,
      3,
      10,
      0,
      0
    ],
    [
      2,
      0,
      0,
      0,
      5,
      0
    ],
    [
      15,
      0,
      0,
      0,
      1,
      29373
    ]
  ],
  "misclassified_indices": [
    8690,
    8691,
    8708,
    10048,
    10472,
    10504,
    11722,
    11744,
    11752,
    11753,
    11779,
    12819,
    12905,
    15808,
    45841,
    45842,
    45845,
    45857,
    45858,
    45860,
    46005,
    46007,
    46009,
    46021,
    46110,
    46112,
    46114,
    46117,
    46119
  ],
  "real_flow_indices": [
    21649,
    21650,
    21684,
    24927,
    25976,
    26060,
    29066,
    29136,
    29151,
    29152,
    29214,
    31965,
    32189,
    39483,
    114604,
    114608,
    114616,
    114649,
    114655,
    114659,
    115033,
    115035,
    115037,
    115068,
    115296,
    115300,
    115302,
    115306,
    115308
  ],
  "y_pred": [
    0,
    0,
    0,
    0,
    0,
    0,
    3,
    2,
    0,
    2,
    2,
    0,
    0,
    4,
    0,
    0,
    0,
    0,
    0,
    0,
    0,
    0,
    0,
    0,
    0,
    0,
    0,
    0,
    0
  ],
  "y_true": [
    1,
    1,
    1,
    2,
    2,
    2,
    0,
    3,
    3,
    3,
    3,
    4,
    4,
    5,
    5,
    5,
    5,
    5,
    5,
    5,
    5,
    5,
    5,
    5,
    5,
    5,
    5,
    5,
    5
  ]
}