{
  "accuracy": 0.9996023145294387,
  "precision": 0.9221024674799345,
  "recall": 0.9099552216001507,
  "f1": 0.9038552765948328,
  "confusion_matrix": [
    [
      20861,
      2,
      1,
      0,
      0,
      0
    ],
    [
      0,
      8,
      0,
      0,
      0,
      0
    ],
    [
      0,
      0,
      8,
      1,
      0,
      0
    ],
    [
      0,
      0,
      0,
      14,
      0,
      0
    ],
    [
      3,
      0,
      0,
      0,
      4,
      0
    ],
    [
      12,
      0,
      1,
      0,
      0,
      29376
    ]
  ],
  "misclassified_indices": [
    9326,
    9327,
    9817,
    9943,
    12806,
    12808,
    12825,
    15788,
    45847,
    45851,
    45852,
    45866,
    45869,
    45870,
    45871,
    45872,
    45873,
    45890,
    46115,
    46117
  ],
  "real_flow_indices": [
    23250,
    23251,
    24389,
    24685,
    31974,
    31981,
    32016,
    39483,
    114604,
    114612,
    114614,
    114645,
    114649,
    114651,
    114653,
    114655,
    114657,
    114702,
    115296,
    115300
  ],
  "y_pred": [
    1,
    1,
    2,
    3,
    0,
    0,
    0,
    2,
    0,
    0,
    0,
    0,
    0,
    0,
    0,
    0,
    0,
    0,
    0,
    0
  ],
  "y_true": [
    0,
    0,
    0,
    2,
    4,
    4,
    4,
    5,
    5,
    5,
    5,
    5,
    5,
    5,
    5,
    5,
    5,
    5,
    5,
    5
  ]
}