{
  "accuracy": 0.9989660177765405,
  "precision": 0.7753751472974061,
  "recall": 0.8971437657386855,
  "f1": 0.8019986977193351,
  "confusion_matrix": [
    [
      20831,
      1,
      31,
      0,
      1,
      0
    ],
    [
      0,
      6,
      2,
      0,
      0,
      0
    ],
    [
      0,
      0,
      7,
      2,
      0,
      0
    ],
    [
      0,
      0,
      0,
      14,
      0,
      0
    ],
    [
      1,
      0,
      0,
      0,
      6,
      0
    ],
    [
      12,
      0,
      1,
      0,
      1,
      29375
    ]
  ],
  "misclassified_indices": [
    53,
    54,
    501,
    1027,
    5308,
    5459,
    5706,
    7478,
    8105,
    8670,
    8687,
    9215,
    9326,
    9327,
    9711,
    9817,
    9943,
    10208,
    10800,
    12118,
    12383,
    12475,
    12702,
    12825,
    14182,
    15788,
    15942,
    15943,
    45761,
    45847,
    45851,
    45852,
    45866,
    45869,
    45870,
    45871,
    45872,
    45873,
    45890,
    46115,
    46117,
    46428,
    46504,
    47132,
    47446,
    47961,
    48785,
    49375,
    49661,
    49747,
    49834,
    50254
  ],
  "real_flow_indices": [
    230,
    231,
    1338,
    2667,
    13399,
    13788,
    14424,
    18736,
    20294,
    21649,
    21685,
    22957,
    23250,
    23251,
    24136,
    24389,
    24685,
    25361,
    26827,
    30103,
    30824,
    31048,
    31661,
    32016,
    35497,
    39483,
    39856,
    39857,
    114380,
    114604,
    114612,
    114614,
    114645,
    114649,
    114651,
    114653,
    114655,
    114657,
    114702,
    115296,
    115300,
    116038,
    116229,
    117803,
    118566,
    119872,
    122027,
    123512,
    124239,
    124451,
    124653,
    125723
  ],
  "y_pred": [
    2,
    2,
    2,
    2,
    2,
    2,
    2,
    2,
    2,
    2,
    2,
    2,
    2,
    2,
    3,
    2,
    3,
    2,
    2,
    4,
    2,
    2,
    2,
    0,
    1,
    4,
    2,
    2,
    2,
    0,
    0,
    0,
    0,
    0,
    0,
    0,
    0,
    0,
    0,
    0,
    0,
    2,
    2,
    2,
    2,
    2,
    2,
    2,
    2,
    2,
    2,
    2
  ],
  "y_true": [
    0,
    0,
    0,
    0,
    0,
    0,
    0,
    0,
    0,
    1,
    1,
    0,
    0,
    0,
    2,
    0,
    2,
    0,
    0,
    0,
    0,
    0,
    0,
    4,
    0,
    5,
    0,
    5,
    0,
    5,
    5,
    5,
    5,
    5,
    5,
    5,
    5,
    5,
    5,
    5,
    5,
    0,
    0,
    0,
    0,
    0,
    0,
    0,
    0,
    0,
    0,
    0
  ]
}