{
  "accuracy": 0.9958670296262444,
  "precision": 0.5775967640425866,
  "recall": 0.9233449871898781,
  "f1": 0.6324188680319739,
  "confusion_matrix": [
    [
      20710,
      1,
      127,
      49,
      13,
      0
    ],
    [
      0,
      7,
      1,
      0,
      0,
      0
    ],
    [
      1,
      0,
      8,
      0,
      0,
      0
    ],
    [
      2,
      0,
      1,
      11,
      0,
      0
    ],
    [
      0,
      0,
      0,
      0,
      7,
      0
    ],
    [
      12,
      0,
      1,
      0,
      0,
      29376
    ]
  ],
  "misclassified_indices": [
    198,
    537,
    591,
    652,
    1049,
    1054,
    1100,
    2600,
    3257,
    3258,
    3401,
    3590,
    3599,
    4096,
    4416,
    4818,
    4832,
    5008,
    5174,
    5491,
    5498,
    5499,
    5500,
    5753,
    6004,
    6010,
    6231,
    6520,
    6642,
    7084,
    7351,
    7491,
    7512,
    7537,
    7540,
    7664,
    7857,
    7864,
    7956,
    7957,
    8117,
    8235,
    8296,
    8372,
    8462,
    8678,
    8714,
    8809,
    8920,
    8981,
    9012,
    9169,
    9242,
    9359,
    9360,
    9494,
    9622,
    9630,
    9748,
    9782,
    9783,
    9854,
    9869,
    9870,
    9871,
    9872,
    10085,
    10086,
    10181,
    10236,
    10391,
    10392,
    10460,
    10622,
    10715,
    11007,
    11070,
    11173,
    11268,
    11371,
    11482,
    11539,
    11585,
    11586,
    11729,
    11738,
    11744,
    11746,
    11747,
    11767,
    11768,
    11769,
    11771,
    11774,
    11775,
    11776,
    11802,
    11870,
    11881,
    11896,
    11910,
    12189,
    12190,
    12191,
    12209,
    12433,
    12505,
    12559,
    12712,
    12728,
    12836,
    12837,
    12922,
    12924,
    12933,
    12947,
    12948,
    12949,
    12992,
    13030,
    13451,
    13698,
    13767,
    13877,
    13878,
    13924,
    14051,
    14052,
    14237,
    14451,
    14526,
    14785,
    14904,
    15070,
    15071,
    15072,
    15185,
    15192,
    15193,
    15321,
    15388,
    15446,
    15447,
    15734,
    15773,
    15815,
    15816,
    15819,
    15964,
    45353,
    45527,
    45678,
    45856,
    45871,
    45872,
    45873,
    45874,
    45875,
    45876,
    45887,
    45889,
    45891,
    45917,
    46035,
    46037,
    46082,
    46110,
    46139,
    46141,
    46142,
    46263,
    46455,
    46493,
    46495,
    46532,
    46548,
    46741,
    46949,
    47129,
    47345,
    47477,
    47478,
    47517,
    47518,
    47609,
    47963,
    47984,
    48034,
    48223,
    48518,
    48585,
    48709,
    48724,
    48791,
    48859,
    48923,
    48924,
    49106,
    49301,
    49406,
    49553,
    49670,
    49677,
    49850,
    49968,
    49970,
    50009,
    50289
  ],
  "real_flow_indices": [
    519,
    1338,
    1482,
    1638,
    2641,
    2657,
    2785,
    6574,
    8218,
    8219,
    8596,
    9086,
    9111,
    10341,
    11073,
    12032,
    12068,
    12542,
    12974,
    13776,
    13787,
    13788,
    13789,
    14438,
    15112,
    15125,
    15672,
    16356,
    16632,
    17641,
    18306,
    18686,
    18736,
    18799,
    18808,
    19168,
    19623,
    19636,
    19887,
    19889,
    20247,
    20539,
    20670,
    20851,
    21067,
    21575,
    21649,
    21859,
    22156,
    22318,
    22385,
    22764,
    22957,
    23250,
    23252,
    23542,
    23843,
    23862,
    24136,
    24222,
    24228,
    24389,
    24426,
    24428,
    24429,
    24432,
    24977,
    24979,
    25215,
    25364,
    25730,
    25733,
    25898,
    26307,
    26559,
    27287,
    27433,
    27682,
    27922,
    28184,
    28453,
    28586,
    28719,
    28720,
    29049,
    29067,
    29086,
    29089,
    29090,
    29136,
    29137,
    29143,
    29150,
    29158,
    29160,
    29167,
    29233,
    29402,
    29429,
    29460,
    29489,
    30216,
    30217,
    30218,
    30265,
    30883,
    31047,
    31184,
    31613,
    31662,
    31968,
    31969,
    32192,
    32196,
    32223,
    32261,
    32262,
    32263,
    32373,
    32451,
    33581,
    34198,
    34394,
    34670,
    34672,
    34792,
    35067,
    35068,
    35540,
    36122,
    36322,
    37041,
    37297,
    37677,
    37678,
    37679,
    37952,
    37967,
    37968,
    38262,
    38432,
    38573,
    38575,
    39293,
    39369,
    39482,
    39483,
    39486,
    39855,
    113315,
    113742,
    114142,
    114570,
    114608,
    114612,
    114614,
    114616,
    114617,
    114618,
    114647,
    114655,
    114661,
    114711,
    115033,
    115037,
    115146,
    115231,
    115298,
    115300,
    115304,
    115567,
    116038,
    116139,
    116142,
    116229,
    116284,
    116722,
    117244,
    117703,
    118208,
    118565,
    118566,
    118677,
    118678,
    118952,
    119816,
    119872,
    120003,
    120525,
    121292,
    121464,
    121806,
    121846,
    122027,
    122192,
    122362,
    122363,
    122820,
    123290,
    123564,
    123912,
    124240,
    124259,
    124654,
    124960,
    124962,
    125067,
    125723
  ],
  "y_pred": [
    2,
    2,
    2,
    2,
    2,
    2,
    2,
    2,
    2,
    2,
    2,
    2,
    2,
    2,
    2,
    2,
    2,
    2,
    2,
    2,
    2,
    3,
    3,
    2,
    2,
    2,
    3,
    2,
    2,
    2,
    2,
    2,
    2,
    2,
    3,
    2,
    2,
    2,
    2,
    3,
    4,
    4,
    4,
    3,
    2,
    2,
    2,
    2,
    2,
    2,
    3,
    3,
    2,
    2,
    2,
    2,
    2,
    2,
    0,
    2,
    3,
    2,
    2,
    3,
    3,
    3,
    2,
    2,
    4,
    3,
    2,
    2,
    2,
    2,
    2,
    2,
    2,
    3,
    2,
    2,
    2,
    2,
    2,
    2,
    0,
    3,
    3,
    2,
    3,
    0,
    2,
    3,
    3,
    3,
    3,
    3,
    3,
    2,
    2,
    2,
    2,
    2,
    3,
    3,
    2,
    2,
    2,
    2,
    2,
    1,
    4,
    4,
    4,
    4,
    4,
    4,
    4,
    4,
    2,
    2,
    4,
    2,
    2,
    2,
    3,
    3,
    3,
    3,
    2,
    2,
    2,
    2,
    3,
    3,
    3,
    3,
    3,
    2,
    2,
    2,
    2,
    2,
    3,
    2,
    2,
    2,
    2,
    2,
    2,
    2,
    2,
    2,
    3,
    0,
    0,
    0,
    0,
    2,
    3,
    0,
    0,
    0,
    2,
    0,
    0,
    2,
    2,
    0,
    0,
    0,
    2,
    2,
    3,
    3,
    2,
    2,
    2,
    2,
    2,
    3,
    2,
    2,
    3,
    3,
    2,
    2,
    2,
    2,
    2,
    3,
    2,
    2,
    2,
    2,
    2,
    2,
    2,
    2,
    3,
    2,
    3,
    3,
    2,
    2,
    3,
    3,
    3,
    2
  ],