{
  "accuracy": 0.9988872772070658,
  "precision": 0.6957168711401122,
  "recall": 0.8835677663600258,
  "f1": 0.7623441924925142,
  "confusion_matrix": [
    [
      20864,
      2,
      7,
      22,
      4,
      1
    ],
    [
      0,
      7,
      1,
      0,
      0,
      0
    ],
    [
      0,
      0,
      9,
      0,
      0,
      0
    ],
    [
      4,
      0,
      0,
      10,
      0,
      0
    ],
    [
      2,
      0,
      0,
      0,
      5,
      0
    ],
    [
      13,
      0,
      0,
      0,
      0,
      29376
    ]
  ],
  "misclassified_indices": [
    7975,
    7995,
    8003,
    8117,
    8235,
    8296,
    8714,
    8854,
    9521,
    9764,
    9769,
    9854,
    9871,
    10262,
    10273,
    11729,
    11734,
    11767,
    11772,
    11879,
    12515,
    12712,
    12728,
    12840,
    12931,
    12949,
    15718,
    15816,
    45527,
    45840,
    45871,
    45872,
    45873,
    45874,
    45887,
    45889,
    45891,
    46035,
    46037,
    46139,
    46141,
    46142,
    46452,
    46949,
    47957,
    47972,
    48346,
    48371,
    48841,
    48957,
    49319,
    49677,
    49885,
    50008,
    50273,
    50279
  ],
  "real_flow_indices": [
    19933,
    19965,
    19987,
    20247,
    20539,
    20670,
    21649,
    21988,
    23599,
    24177,
    24193,
    24389,
    24429,
    25421,
    25443,
    29049,
    29061,
    29136,
    29155,
    29425,
    31069,
    31613,
    31662,
    31974,
    32216,
    32263,
    39245,
    39483,
    113742,
    114533,
    114608,
    114612,
    114614,
    114616,
    114647,
    114655,
    114661,
    115033,
    115037,
    115298,
    115300,
    115304,
    116032,
    117244,
    119790,
    119838,
    120830,
    120892,
    122142,
    122433,
    123354,
    124259,
    124749,
    125063,
    125686,
    125698
  ],
  "y_pred": [
    3,
    3,
    2,
    4,
    4,
    4,
    2,
    3,
    3,
    3,
    3,
    2,
    3,
    3,
    2,
    0,
    0,
    0,
    0,
    2,
    3,
    1,
    1,
    0,
    0,
    4,
    3,
    0,
    2,
    5,
    0,
    0,
    0,
    0,
    0,
    0,
    0,
    0,
    0,
    0,
    0,
    0,
    3,
    2,
    3,
    3,
    3,
    3,
    3,
    3,
    3,
    2,
    3,
    3,
    3,
    3
  ],
  "y_true": [
    0,
    0,
    0,
    0,
    0,
    0,
    1,
    0,
    0,
    0,
    0,
    0,
    0,
    0,
    0,
    3,
    3,
    3,
    3,
    0,
    0,
    0,
    0,
    4,
    4,
    0,
    0,
    5,
    0,
    0,
    5,
    5,
    5,
    5,
    5,
    5,
    5,
    5,
    5,
    5,
    5,
    5,
    0,
    0,
    0,
    0,
    0,
    0,
    0,
    0,
    0,
    0,
    0,
    0,
    0,
    0
  ]
}