{
  "accuracy": 0.9995827289526497,
  "precision": 0.8615204907240307,
  "recall": 0.9813519363810377,
  "f1": 0.9122689100000461,
  "confusion_matrix": [
    [
      20893,
      2,
      2,
      0,
      3,
      0
    ],
    [
      0,
      8,
      0,
      0,
      0,
      0
    ],
    [
      0,
      0,
      8,
      1,
      0,
      0
    ],
    [
      0,
      0,
      0,
      14,
      0,
      0
    ],
    [
      0,
      0,
      0,
      0,
      7,
      0
    ],
    [
      12,
      0,
      0,
      0,
      1,
      29376
    ]
  ],
  "misclassified_indices": [
    8117,
    8235,
    8296,
    9359,
    9973,
    12712,
    15816,
    45871,
    45872,
    45873,
    45874,
    45887,
    45889,
    45891,
    46035,
    46037,
    46139,
    46141,
    46142,
    46949,
    47132
  ],
  "real_flow_indices": [
    20247,
    20539,
    20670,
    23250,
    24688,
    31613,
    39483,
    114608,
    114612,
    114614,
    114616,
    114647,
    114655,
    114661,
    115033,
    115037,
    115298,
    115300,
    115304,
    117244,
    117708
  ],
  "y_pred": [
    4,
    4,
    4,
    1,
    3,
    1,
    4,
    0,
    0,
    0,
    0,
    0,
    0,
    0,
    0,
    0,
    0,
    0,
    0,
    2,
    2
  ],
  "y_true": [
    0,
    0,
    0,
    0,
    2,
    0,
    5,
    5,
    5,
    5,
    5,
    5,
    5,
    5,
    5,
    5,
    5,
    5,
    5,
    0,
    0
  ]
}