{
  "accuracy": 0.9994832144063922,
  "precision": 0.936324576069147,
  "recall": 0.8223219174324078,
  "f1": 0.8693643970252114,
  "confusion_matrix": [
    [
      20883,
      0,
      1,
      0,
      0,
      0
    ],
    [
      3,
      5,
      0,
      0,
      0,
      0
    ],
    [
      2,
      0,
      6,
      1,
      0,
      0
    ],
    [
      1,
      0,
      0,
      13,
      0,
      0
    ],
    [
      2,
      0,
      0,
      0,
      5,
      0
    ],
    [
      15,
      0,
      0,
      0,
      1,
      29373
    ]
  ]
}