{
  "accuracy": 0.9994235852994375,
  "precision": 0.9013238280349775,
  "recall": 0.786607631718122,
  "f1": 0.8340429508986058,
  "confusion_matrix": [
    [
      20883,
      0,
      0,
      1,
      0,
      0
    ],
    [
      3,
      5,
      0,
      0,
      0,
      0
    ],
    [
      3,
      0,
      6,
      0,
      0,
      0
    ],
    [
      1,
      0,
      3,
      10,
      0,
      0
    ],
    [
      2,
      0,
      0,
      0,
      5,
      0
    ],
    [
      15,
      0,
      0,
      0,
      1,
      29373
    ]
  ]
}