{
  "accuracy": 0.9996224690523973,
  "precision": 0.8907519166074912,
  "recall": 0.9790530705295405,
  "f1": 0.9290694521162104,
  "confusion_matrix": [
    [
      20895,
      2,
      3,
      0,
      0,
      0
    ],
    [
      0,
      7,
      1,
      0,
      0,
      0
    ],
    [
      0,
      0,
      9,
      0,
      0,
      0
    ],
    [
      0,
      0,
      0,
      14,
      0,
      0
    ],
    [
      0,
      0,
      0,
      0,
      7,
      0
    ],
    [
      12,
      0,
      0,
      0,
      1,
      29376
    ]
  ]
}