{
  "accuracy": 0.9995231188030282,
  "precision": 0.8599860103589698,
  "recall": 0.9813280129360619,
  "f1": 0.9128550161659584,
  "confusion_matrix": [
    [
      20890,
      2,
      3,
      0,
      3,
      2
    ],
    [
      0,
      8,
      0,
      0,
      0,
      0
    ],
    [
      0,
      0,
      8,
      1,
      0,
      0
    ],
    [
      0,
      0,
      0,
      14,
      0,
      0
    ],
    [
      0,
      0,
      0,
      0,
      7,
      0
    ],
    [
      13,
      0,
      0,
      0,
      0,
      29376
    ]
  ]
}