{
  "accuracy": 0.9994631246147422,
  "precision": 0.8956976242935147,
  "recall": 0.8124023115472409,
  "f1": 0.8113731733498596,
  "confusion_matrix": [
    [
      20861,
      1,
      2,
      0,
      0,
      0
    ],
    [
      0,
      7,
      1,
      0,
      0,
      0
    ],
    [
      0,
      0,
      9,
      0,
      0,
      0
    ],
    [
      0,
      0,
      6,
      8,
      0,
      0
    ],
    [
      4,
      0,
      0,
      0,
      3,
      0
    ],
    [
      13,
      0,
      0,
      0,
      0,
      29376
    ]
  ],
  "misclassified_indices": [
    8670,
    9326,
    9327,
    11693,
    11694,
    11700,
    11702,
    11703,
    11737,
    12806,
    12808,
    12825,
    12891,
    15788,
    45847,
    45851,
    45852,
    45866,
    45869,
    45870,
    45871,
    45872,
    45873,
    45890,
    46115,
    46117,
    49834
  ],
  "real_flow_indices": [
    21649,
    23250,
    23251,
    29039,
    29040,
    29049,
    29056,
    29057,
    29136,
    31974,
    31981,
    32016,
    32189,
    39483,
    114604,
    114612,
    114614,
    114645,
    114649,
    114651,
    114653,
    114655,
    114657,
    114702,
    115296,
    115300,
    124653
  ],
  "y_pred": [
    2,
    2,
    1,
    2,
    2,
    2,
    2,
    2,
    2,
    0,
    0,
    0,
    0,
    0,
    0,
    0,
    0,
    0,
    0,
    0,
    0,
    0,
    0,
    0,
    0,
    0,
    2
  ],
  "y_true": [
    1,
    0,
    0,
    3,
    3,
    3,
    3,
    3,
    3,
    4,
    4,
    4,
    4,
    5,
    5,
    5,
    5,
    5,
    5,
    5,
    5,
    5,
    5,
    5,
    5,
    5,
    0
  ]
}