model,accuracy,precision,recall,f1,total_wrong,hard_violations,soft_violations,hard_rate,soft_rate,temporal_score
multi_class_all_up_no_class_weights_w10,0.9995628589027759,0.8782637087555324,0.9694494779018705,0.9186647815622445,22,1,5,0.045454545454545456,0.22727272727272727,0.8504829633804264
multi_class_all_original_no_class_weights_w10,0.9995231188030282,0.8265846024401772,0.9152303192067892,0.8606401689810449,24,0,9,0.0,0.375,0.7856401689810448
multi_class_all_down_no_class_weights_w10,0.9995231188030282,0.8991398868747886,0.8467938872177255,0.8589061549776424,24,0,4,0.0,0.16666666666666666,0.8255728216443091
multi_class_dpl_up_no_class_weights_w10,0.9990064975063088,0.7383215344411194,0.8228032537556463,0.7732190565898757,50,8,13,0.16,0.26,0.6412190565898757
multi_class_dpl_original_no_class_weights_w10,0.9990661076559302,0.7218799063105944,0.6099735535552866,0.6471416341703004,47,1,0,0.02127659574468085,0.0,0.63650333629796
multi_class_dpl_down_no_class_weights_w10,0.9991455878554255,0.6663323941868424,0.5505078688286825,0.5886778986884283,43,0,0,0.0,0.0,0.5886778986884283
