{
  "accuracy": 0.9995627198823319,
  "precision": 0.9403428950585387,
  "recall": 0.8987015681807442,
  "f1": 0.9058873319394335,
  "confusion_matrix": [
    [
      20879,
      0,
      4,
      0,
      0,
      1
    ],
    [
      2,
      6,
      0,
      0,
      0,
      0
    ],
    [
      0,
      0,
      9,
      0,
      0,
      0
    ],
    [
      0,
      0,
      1,
      13,
      0,
      0
    ],
    [
      2,
      0,
      0,
      0,
      5,
      0
    ],
    [
      12,
      0,
      0,
      0,
      0,
      29377
    ]
  ],
  "misclassified_indices": [
    8690,
    8691,
    11779,
    11780,
    12206,
    12677,
    12819,
    12905,
    15808,
    45841,
    45842,
    46005,
    46007,
    46009,
    46021,
    46110,
    46112,
    46114,
    46117,
    46119,
    46924,
    47094
  ],
  "real_flow_indices": [
    21649,
    21650,
    29214,
    29216,
    30300,
    31548,
    31965,
    32189,
    39483,
    114604,
    114608,
    115033,
    115035,
    115037,
    115068,
    115296,
    115300,
    115302,
    115306,
    115308,
    117244,
    117708
  ],
  "y_pred": [
    0,
    0,
    2,
    2,
    5,
    2,
    0,
    0,
    0,
    0,
    0,
    0,
    0,
    0,
    0,
    0,
    0,
    0,
    0,
    0,
    2,
    2
  ],
  "y_true": [
    1,
    1,
    3,
    0,
    0,
    0,
    4,
    4,
    5,
    5,
    5,
    5,
    5,
    5,
    5,
    5,
    5,
    5,
    5,
    5,
    0,
    0
  ]
}