{
  "accuracy": 0.999304327085528,
  "precision": 0.8244595927136369,
  "recall": 0.8354878954654414,
  "f1": 0.8002754096524942,
  "confusion_matrix": [
    [
      20876,
      0,
      6,
      1,
      1,
      0
    ],
    [
      1,
      5,
      2,
      0,
      0,
      0
    ],
    [
      1,
      0,
      8,
      0,
      0,
      0
    ],
    [
      0,
      0,
      5,
      9,
      0,
      0
    ],
    [
      1,
      0,
      0,
      0,
      6,
      0
    ],
    [
      15,
      0,
      0,
      0,
      2,
      29372
    ]
  ],
  "misclassified_indices": [
    8690,
    8691,
    8708,
    9832,
    10504,
    11717,
    11722,
    11744,
    11745,
    11752,
    11779,
    11780,
    12819,
    15808,
    15959,
    45337,
    45841,
    45842,
    45845,
    45857,
    45858,
    45860,
    46005,
    46007,
    46009,
    46021,
    46110,
    46112,
    46114,
    46117,
    46119,
    46924,
    47094,
    49846,
    50020
  ],
  "real_flow_indices": [
    21649,
    21650,
    21684,
    24389,
    26060,
    29050,
    29066,
    29136,
    29137,
    29151,
    29214,
    29216,
    31965,
    39483,
    39857,
    113314,
    114604,
    114608,
    114616,
    114649,
    114655,
    114659,
    115033,
    115035,
    115037,
    115068,
    115296,
    115300,
    115302,
    115306,
    115308,
    117244,
    117708,
    124653,
    125146
  ],
  "y_pred": [
    2,
    0,
    2,
    2,
    0,
    2,
    3,
    2,
    2,
    2,
    2,
    2,
    0,
    4,
    4,
    2,
    0,
    0,
    0,
    0,
    0,
    0,
    0,
    0,
    0,
    0,
    0,
    0,
    0,
    0,
    0,
    2,
    2,
    2,
    4
  ],
  "y_true": [
    1,
    1,
    1,
    0,
    2,
    3,
    0,
    3,
    3,
    3,
    3,
    0,
    4,
    5,
    5,
    0,
    5,
    5,
    5,
    5,
    5,
    5,
    5,
    5,
    5,
    5,
    5,
    5,
    5,
    5,
    5,
    0,
    0,
    0,
    0
  ]
}