{
  "accuracy": 0.9994434616684225,
  "precision": 0.8804986092539688,
  "recall": 0.8735409377681487,
  "f1": 0.8726735271554326,
  "confusion_matrix": [
    [
      20879,
      0,
      4,
      0,
      0,
      1
    ],
    [
      2,
      6,
      0,
      0,
      0,
      0
    ],
    [
      1,
      0,
      7,
      1,
      0,
      0
    ],
    [
      0,
      0,
      0,
      14,
      0,
      0
    ],
    [
      2,
      0,
      0,
      0,
      5,
      0
    ],
    [
      15,
      0,
      0,
      0,
      2,
      29372
    ]
  ],
  "misclassified_indices": [
    8690,
    8691,
    9608,
    9955,
    10048,
    11780,
    12206,
    12819,
    12905,
    15808,
    15959,
    45841,
    45842,
    45845,
    45857,
    45858,
    45860,
    46005,
    46007,
    46009,
    46021,
    46110,
    46112,
    46114,
    46117,
    46119,
    46924,
    47094
  ],
  "real_flow_indices": [
    21649,
    21650,
    23862,
    24688,
    24927,
    29216,
    30300,
    31965,
    32189,
    39483,
    39857,
    114604,
    114608,
    114616,
    114649,
    114655,
    114659,
    115033,
    115035,
    115037,
    115068,
    115296,
    115300,
    115302,
    115306,
    115308,
    117244,
    117708
  ],
  "y_pred": [
    0,
    0,
    2,
    3,
    0,
    2,
    5,
    0,
    0,
    4,
    4,
    0,
    0,
    0,
    0,
    0,
    0,
    0,
    0,
    0,
    0,
    0,
    0,
    0,
    0,
    0,
    2,
    2
  ],
  "y_true": [
    1,
    1,
    0,
    2,
    2,
    0,
    0,
    4,
    4,
    5,
    5,
    5,
    5,
    5,
    5,
    5,
    5,
    5,
    5,
    5,
    5,
    5,
    5,
    5,
    5,
    5,
    0,
    0
  ]
}