{
  "accuracy": 0.9993440798234978,
  "precision": 0.8491904016745457,
  "recall": 0.86161223408978,
  "f1": 0.8466111203356256,
  "confusion_matrix": [
    [
      20876,
      0,
      4,
      1,
      0,
      3
    ],
    [
      1,
      6,
      1,
      0,
      0,
      0
    ],
    [
      1,
      0,
      7,
      1,
      0,
      0
    ],
    [
      1,
      0,
      2,
      11,
      0,
      0
    ],
    [
      1,
      0,
      0,
      0,
      6,
      0
    ],
    [
      15,
      0,
      0,
      0,
      2,
      29372
    ]
  ],
  "misclassified_indices": [
    8690,
    8708,
    9955,
    10504,
    11722,
    11744,
    11752,
    11779,
    11780,
    12819,
    13768,
    15808,
    15959,
    45337,
    45338,
    45811,
    45841,
    45842,
    45845,
    45857,
    45858,
    45860,
    46005,
    46007,
    46009,
    46021,
    46110,
    46112,
    46114,
    46117,
    46119,
    46521,
    47094
  ],
  "real_flow_indices": [
    21649,
    21684,
    24688,
    26060,
    29066,
    29136,
    29151,
    29214,
    29216,
    31965,
    34407,
    39483,
    39857,
    113314,
    113315,
    114533,
    114604,
    114608,
    114616,
    114649,
    114655,
    114659,
    115033,
    115035,
    115037,
    115068,
    115296,
    115300,
    115302,
    115306,
    115308,
    116274,
    117708
  ],
  "y_pred": [
    0,
    2,
    3,
    0,
    3,
    2,
    0,
    2,
    2,
    0,
    5,
    4,
    4,
    2,
    2,
    5,
    0,
    0,
    0,
    0,
    0,
    0,
    0,
    0,
    0,
    0,
    0,
    0,
    0,
    0,
    0,
    5,
    2
  ],
  "y_true": [
    1,
    1,
    2,
    2,
    0,
    3,
    3,
    3,
    0,
    4,
    0,
    5,
    5,
    0,
    0,
    0,
    5,
    5,
    5,
    5,
    5,
    5,
    5,
    5,
    5,
    5,
    5,
    5,
    5,
    5,
    5,
    0,
    0
  ]
}