{
  "accuracy": 0.9994436386035329,
  "precision": 0.7922119939489192,
  "recall": 0.9812984184350216,
  "f1": 0.8647484039426362,
  "confusion_matrix": [
    [
      20887,
      5,
      4,
      0,
      4,
      0
    ],
    [
      0,
      8,
      0,
      0,
      0,
      0
    ],
    [
      0,
      0,
      8,
      1,
      0,
      0
    ],
    [
      0,
      0,
      0,
      14,
      0,
      0
    ],
    [
      0,
      0,
      0,
      0,
      7,
      0
    ],
    [
      12,
      0,
      0,
      0,
      2,
      29375
    ]
  ],
  "misclassified_indices": [
    8117,
    8235,
    8296,
    9359,
    9854,
    9973,
    12712,
    12728,
    14215,
    15816,
    15965,
    45353,
    45871,
    45872,
    45873,
    45874,
    45887,
    45889,
    45891,
    46035,
    46037,
    46139,
    46141,
    46142,
    46569,
    46949,
    47132,
    49850
  ],
  "real_flow_indices": [
    20247,
    20539,
    20670,
    23250,
    24389,
    24688,
    31613,
    31662,
    35497,
    39483,
    39857,
    113315,
    114608,
    114612,
    114614,
    114616,
    114647,
    114655,
    114661,
    115033,
    115037,
    115298,
    115300,
    115304,
    116336,
    117244,
    117708,
    124654
  ],
  "y_pred": [
    4,
    4,
    4,
    1,
    2,
    3,
    1,
    1,
    2,
    4,
    4,
    1,
    0,
    0,
    0,
    0,
    0,
    0,
    0,
    0,
    0,
    0,
    0,
    0,
    4,
    2,
    2,
    1
  ],
  "y_true": [
    0,
    0,
    0,
    0,
    0,
    2,
    0,
    0,
    0,
    5,
    5,
    0,
    5,
    5,
    5,
    5,
    5,
    5,
    5,
    5,
    5,
    5,
    5,
    5,
    0,
    0,
    0,
    0
  ]
}