{
  "accuracy": 0.9994436386035329,
  "precision": 0.8554041635458663,
  "recall": 0.7727277876253101,
  "f1": 0.8084939168937195,
  "confusion_matrix": [
    [
      20898,
      0,
      2,
      0,
      0,
      0
    ],
    [
      0,
      7,
      1,
      0,
      0,
      0
    ],
    [
      4,
      0,
      3,
      2,
      0,
      0
    ],
    [
      0,
      0,
      4,
      10,
      0,
      0
    ],
    [
      2,
      0,
      0,
      0,
      5,
      0
    ],
    [
      13,
      0,
      0,
      0,
      0,
      29376
    ]
  ],
  "misclassified_indices": [
    8714,
    9359,
    9974,
    10394,
    10395,
    10489,
    10490,
    10519,
    11729,
    11767,
    11768,
    11794,
    12712,
    12840,
    12931,
    15816,
    45871,
    45872,
    45873,
    45874,
    45887,
    45889,
    45891,
    46035,
    46037,
    46139,
    46141,
    46142
  ],
  "real_flow_indices": [
    21649,
    23250,
    24689,
    25739,
    25740,
    25976,
    25977,
    26061,
    29049,
    29136,
    29137,
    29215,
    31613,
    31974,
    32216,
    39483,
    114608,
    114612,
    114614,
    114616,
    114647,
    114655,
    114661,
    115033,
    115037,
    115298,
    115300,
    115304
  ],
  "y_pred": [
    2,
    2,
    0,
    3,
    3,
    0,
    0,
    0,
    2,
    2,
    2,
    2,
    2,
    0,
    0,
    0,
    0,
    0,
    0,
    0,
    0,
    0,
    0,
    0,
    0,
    0,
    0,
    0
  ],
  "y_true": [
    1,
    0,
    2,
    2,
    2,
    2,
    2,
    2,
    3,
    3,
    3,
    3,
    0,
    4,
    4,
    5,
    5,
    5,
    5,
    5,
    5,
    5,
    5,
    5,
    5,
    5,
    5,
    5
  ]
}