{
  "accuracy": 0.9994631246147422,
  "precision": 0.8343630145856173,
  "recall": 0.7793415167197665,
  "f1": 0.7965663440971484,
  "confusion_matrix": [
    [
      20862,
      1,
      1,
      0,
      0,
      0
    ],
    [
      0,
      7,
      1,
      0,
      0,
      0
    ],
    [
      0,
      0,
      4,
      5,
      0,
      0
    ],
    [
      0,
      0,
      3,
      11,
      0,
      0
    ],
    [
      3,
      0,
      0,
      0,
      4,
      0
    ],
    [
      13,
      0,
      0,
      0,
      0,
      29376
    ]
  ],
  "misclassified_indices": [
    8670,
    9326,
    9327,
    9711,
    9945,
    10366,
    10367,
    10368,
    11693,
    11700,
    11737,
    12806,
    12808,
    12825,
    15788,
    45847,
    45851,
    45852,
    45866,
    45869,
    45870,
    45871,
    45872,
    45873,
    45890,
    46115,
    46117
  ],
  "real_flow_indices": [
    21649,
    23250,
    23251,
    24136,
    24688,
    25735,
    25736,
    25739,
    29039,
    29049,
    29136,
    31974,
    31981,
    32016,
    39483,
    114604,
    114612,
    114614,
    114645,
    114649,
    114651,
    114653,
    114655,
    114657,
    114702,
    115296,
    115300
  ],
  "y_pred": [
    2,
    2,
    1,
    3,
    3,
    3,
    3,
    3,
    2,
    2,
    2,
    0,
    0,
    0,
    0,
    0,
    0,
    0,
    0,
    0,
    0,
    0,
    0,
    0,
    0,
    0,
    0
  ],
  "y_true": [
    1,
    0,
    0,
    2,
    2,
    2,
    2,
    2,
    3,
    3,
    3,
    4,
    4,
    4,
    5,
    5,
    5,
    5,
    5,
    5,
    5,
    5,
    5,
    5,
    5,
    5,
    5
  ]
}