{"accuracy": [0.9942148327827454, 0.8559441566467285, 0.8141376376152039, 0.9157981276512146, 0.9755932688713074, 0.9936848878860474, 0.9965553879737854, 0.9978213310241699, 0.9983365535736084, 0.9981157779693604, 0.9980863332748413, 0.9980863332748413, 0.9976005554199219, 0.9982923865318298, 0.9985279440879822, 0.9987781643867493, 0.9985132217407227, 0.9989253878593445, 0.9990431666374207, 0.9991609454154968, 0.9996172785758972, 0.9995142221450806, 0.9992198348045349, 0.9994847774505615, 0.9991462230682373, 0.999440610408783, 0.9996761679649353], "loss": [1.2368351221084595, 0.5445486903190613, 0.4060756266117096, 0.3895455002784729, 0.13860946893692017, 0.03540193289518356, 0.019270719960331917, 0.007201047148555517, 0.00514019001275301, 0.005407556425780058, 0.0078797722235322, 0.010014829225838184, 0.010817570611834526, 0.00510924169793725, 0.006224885117262602, 0.003583973040804267, 0.010511734522879124, 0.0035975403152406216, 0.0029270269442349672, 0.0016400323947891593, 0.001360769965685904, 0.002135739428922534, 0.005586492829024792, 0.0014883714029565454, 0.003911701962351799, 0.0018609638791531324, 0.0024537397548556328], "val_accuracy": [1.0, 0.6205617189407349, 1.0, 0.9917858839035034, 0.9793322682380676, 0.9974827766418457, 0.997880220413208, 0.9981452226638794, 0.9982776641845703, 0.9970853328704834, 0.9982776641845703, 0.998410165309906, 0.9972178339958191, 0.9977477192878723, 0.9976152777671814, 0.9990726113319397, 0.9985426664352417, 0.9986751675605774, 0.9981452226638794, 0.999470055103302, 0.9996025562286377, 0.9997350573539734, 0.9988076090812683, 0.9996025562286377, 0.9985426664352417, 0.9996025562286377, 0.998940110206604], "val_loss": [0.10130522400140762, 0.14292581379413605, 0.01085597276687622, 0.029569141566753387, 0.09318133443593979, 0.006250669248402119, 0.004147978965193033, 0.004369716625660658, 0.004211877938359976, 0.005338097456842661, 0.00425125565379858, 0.003681530011817813, 0.007922756485641003, 0.007046567276120186, 0.00688958540558815, 0.0029445739928632975, 0.004212949424982071, 0.004344155080616474, 0.0031694413628429174, 0.0017334818840026855, 0.0014613702660426497, 0.0009222193039022386, 0.002580994041636586, 0.001259343815036118, 0.005167825613170862, 0.0017860352527350187, 0.0037637311033904552]}