{"accuracy": 0.9995629370629371, "precision": 0.2916666666666667, "recall": 0.5833333333333334, "f1": 0.3888888888888889, "confusion_matrix": [[50307, 17], [5, 7]]}