{
  "accuracy": 0.731535756154748,
  "precision": 0.7258263115951861,
  "recall": 0.6643518518518519,
  "f1": 0.675478687309966,
  "confusion_matrix": [
    [
      36785,
      0,
      0,
      0,
      0,
      0
    ],
    [
      0,
      7,
      1,
      0,
      0,
      0
    ],
    [
      2,
      0,
      4,
      3,
      0,
      0
    ],
    [
      0,
      0,
      0,
      14,
      0,
      0
    ],
    [
      3,
      0,
      0,
      0,
      6,
      0
    ],
    [
      13502,
      0,
      0,
      0,
      0,
      0
    ]
  ]
}