model,accuracy,precision,recall,f1,FPR,Detection Rate,total_wrong,hard_violations,soft_violations,hard_rate,soft_rate,temporal_score
ait_neg_scratch_50data_w10,0.9918616372221338,0.739856182563408,0.9634397720405723,0.7674963398294099,0.007387222979138282,0.9876421850863643,1534,0,0,0.0,0.0,0.7674963398294099
ait_neg_scratch_25data_w10,0.9895644331264258,0.6750211124445388,0.961574642498942,0.7094185039146312,0.009005912278289565,0.9815334924870103,1967,0,0,0.0,0.0,0.7094185039146312
