{
  "accuracy": 0.9077277309141069,
  "micro_f1": 0.9077277309141069,
  "macro_f1": 0.5960548559435506,
  "false_alarms": 10628,
  "false_alarm_rate": 0.026569003662362662,
  "missed_attacks": 32841,
  "detection_rate": 0.5388147732060103,
  "classes": [
    "benign",
    "phase1",
    "phase2",
    "phase3",
    "phase4"
  ],
  "per_class": {
    "benign": {
      "TP": 389387,
      "FP": 32841,
      "FN": 10628,
      "precision": 0.9222197485718616,
      "recall": 0.9734309963376373,
      "f1": 0.9471336332446734
    },
    "phase1": {
      "TP": 14314,
      "FP": 684,
      "FN": 364,
      "precision": 0.9543939191892252,
      "recall": 0.9752009810600899,
      "f1": 0.9646852675562745
    },
    "phase2": {
      "TP": 24025,
      "FP": 9512,
      "FN": 32418,
      "precision": 0.7163729612070251,
      "recall": 0.4256506564144358,
      "f1": 0.5340075572349411
    },
    "phase3": {
      "TP": 12,
      "FP": 7,
      "FN": 16,
      "precision": 0.631578947368421,
      "recall": 0.42857142857142855,
      "f1": 0.5106382978723404
    },
    "phase4": {
      "TP": 6,
      "FP": 437,
      "FN": 55,
      "precision": 0.013544018058690745,
      "recall": 0.09836065573770492,
      "f1": 0.02380952380952381
    }
  },
  "confusion_matrix": [
    [
      389387,
      684,
      9510,
      7,
      427
    ],
    [
      364,
      14314,
      0,
      0,
      0
    ],
    [
      32410,
      0,
      24025,
      0,
      8
    ],
    [
      12,
      0,
      2,
      12,
      2
    ],
    [
      55,
      0,
      0,
      0,
      6
    ]
  ]
}