{
  "Accuracy": 0.9998608100853036,
  "Macro Precision": 0.7666666666666666,
  "Macro Recall": 0.9999303939701291,
  "Macro F1": 0.8477912815189179,
  "False Alarms": 7,
  "False Alarm Rate": 0.00013921205974186106,
  "Missed Attacks": 0,
  "Detection Rate": 1.0,
  "Confusion Matrix (actual_pred)": [
    [
      50276,
      7
    ],
    [
      0,
      8
    ]
  ],
  "Misclassified Info": {
    "total_misclassified": 7,
    "per_phase": {
      "0": 6,
      "1": 0,
      "2": 1,
      "3": 0,
      "4": 0,
      "5": 0
    }
  }
}