{
  "Accuracy": 0.9998409258117754,
  "Macro Precision": 0.7142459402025069,
  "Macro Recall": 0.7142459402025069,
  "Macro F1": 0.7142459402025069,
  "False Alarms": 4,
  "False Alarm Rate": 7.954816641476414e-05,
  "Missed Attacks": 4,
  "Detection Rate": 0.42857142857142855,
  "Confusion Matrix (actual_pred)": [
    [
      50280,
      4
    ],
    [
      4,
      3
    ]
  ],
  "Misclassified Info": {
    "total_misclassified": 8,
    "per_phase": {
      "0": 4,
      "1": 0,
      "2": 0,
      "3": 0,
      "4": 4,
      "5": 0
    }
  }
}