{
  "accuracy": 0.731178095257019,
  "precision": 0.3599730752954475,
  "recall": 0.41962926464591543,
  "f1": 0.3820611079395701,
  "confusion_matrix": [
    [
      36782,
      0,
      0,
      3,
      0,
      0
    ],
    [
      1,
      7,
      0,
      0,
      0,
      0
    ],
    [
      3,
      0,
      0,
      6,
      0,
      0
    ],
    [
      5,
      0,
      0,
      9,
      0,
      0
    ],
    [
      6,
      0,
      0,
      3,
      0,
      0
    ],
    [
      13502,
      0,
      0,
      0,
      0,
      0
    ]
  ],
  "misclassified_info": {}
}