{"accuracy": [0.9997939467430115, 0.999808669090271, 0.999808669090271, 0.999808669090271, 0.99983811378479, 0.9998822212219238, 0.9998822212219238, 0.9998674988746643, 0.9998674988746643, 0.9999116659164429], "loss": [0.007719968445599079, 0.0016171802999451756, 0.001041396870277822, 0.0007321576122194529, 0.0005263644270598888, 0.00037582902587018907, 0.0004092052113264799, 0.00032961639226414263, 0.0003251063753850758, 0.000293318327749148], "val_accuracy": [0.9996026158332825, 0.9996026158332825, 0.9996026158332825, 0.9996026158332825, 0.9996026158332825, 0.9997350573539734, 0.9997350573539734, 0.9996026158332825, 0.9997350573539734, 0.9997350573539734], "val_loss": [0.00301931775175035, 0.002290882170200348, 0.0018302386160939932, 0.0012325792340561748, 0.0007746045594103634, 0.001207495923154056, 0.0008669456001371145, 0.0010285521857440472, 0.000987835112027824, 0.0009266475099138916]}