{"accuracy": 0.9999006615937854, "precision": 1.0, "recall": 0.16666666666666666, "f1": 0.2857142857142857, "confusion_matrix": [[50327, 0], [5, 1]]}