{
  "accuracy": 0.683788026307946,
  "precision": 0.5786688944948494,
  "recall": 0.8419245267034317,
  "f1": 0.6325367720580131,
  "confusion_matrix": [
    [
      20878,
      1,
      6,
      14,
      27,
      15859
    ],
    [
      0,
      8,
      0,
      0,
      0,
      0
    ],
    [
      0,
      0,
      6,
      3,
      0,
      0
    ],
    [
      0,
      0,
      1,
      13,
      0,
      0
    ],
    [
      1,
      0,
      0,
      0,
      8,
      0
    ],
    [
      2,
      0,
      0,
      0,
      0,
      13500
    ]
  ],
  "misclassified_info": {}
}