{
  "Accuracy": 0.9969797524191786,
  "Macro Precision": 0.5244502873342954,
  "Macro Recall": 0.9247848608755481,
  "Macro F1": 0.6021675904831043,
  "False Alarms": 131,
  "False Alarm Rate": 0.006267942583732058,
  "Missed Attacks": 14,
  "Detection Rate": 0.9995241332426921,
  "Confusion Matrix (actual_pred)": [
    [
      20769,
      4,
      29,
      31,
      65,
      2
    ],
    [
      0,
      8,
      0,
      0,
      0,
      0
    ],
    [
      1,
      1,
      5,
      2,
      0,
      0
    ],
    [
      0,
      0,
      0,
      14,
      0,
      0
    ],
    [
      0,
      0,
      0,
      0,
      7,
      0
    ],
    [
      13,
      0,
      0,
      1,
      3,
      29372
    ]
  ],
  "misclassified_indices": [
    1140,
    1735,
    3502,
    3593,
    3594,
    5491,
    6235,
    8108,
    8362,
    8422,
    8446,
    8447,
    8819,
    9022,
    9098,
    9262,
    9335,
    9365,
    9442,
    9453,
    9454,
    9546,
    9791,
    9796,
    9987,
    10078,
    10126,
    10127,
    10181,
    10274,
    10277,
    10383,
    10384,
    10561,
    10623,
    10706,
    10707,
    10808,
    10837,
    11071,
    11072,
    11076,
    11109,
    11388,
    11678,
    11698,
    11701,
    11702,
    11703,
    11704,
    11739,
    11741,
    11742,
    11747,
    11748,
    11778,
    11779,
    11780,
    11847,
    12060,
    12076,
    12120,
    12123,
    12398,
    12537,
    12711,
    12721,
    12738,
    12858,
    12936,
    12937,
    12944,
    12946,
    12947,
    12958,
    13302,
    13390,
    13746,
    13954,
    14367,
    14777,
    14778,
    14779,
    14802,
    14988,
    15470,
    15474,
    15484,
    15718,
    15754,
    15774,
    15775,
    15788,
    15839,
    15841,
    15973,
    15974,
    15976,
    25927,
    45349,
    45774,
    45775,
    45886,
    45887,
    45888,
    45890,
    45903,
    45906,
    45907,
    45908,
    45913,
    45926,
    45993,
    46053,
    46054,
    46066,
    46068,
    46099,
    46150,
    46153,
    46237,
    46238,
    46452,
    46536,
    46537,
    46538,
    46540,
    46731,
    47429,
    47430,
    47431,
    47434,
    47435,
    47446,
    47615,
    47857,
    48279,
    48313,
    48389,
    48788,
    48859,
    49263,
    49438,
    49796,
    49798,
    50074,
    50241,
    50242,
    50286,
    50288,
    50292,
    50294
  ],
  "real_flow_indices": [
    2788,
    4204,
    8589,
    8823,
    8824,
    13399,
    15201,
    19888,
    20539,
    20670,
    20729,
    20730,
    21663,
    22168,
    22357,
    22748,
    22957,
    23035,
    23216,
    23250,
    23252,
    23529,
    24144,
    24153,
    24688,
    24927,
    25039,
    25045,
    25173,
    25449,
    25455,
    25734,
    25735,
    26197,
    26355,
    26590,
    26591,
    26810,
    26877,
    27506,
    27507,
    27514,
    27590,
    28255,
    28997,
    29055,
    29066,
    29069,
    29072,
    29073,
    29141,
    29149,
    29150,
    29159,
    29162,
    29220,
    29221,
    29224,
    29402,
    29952,
    29987,
    30102,
    30114,
    30763,
    31151,
    31593,
    31613,
    31662,
    31973,
    32192,
    32196,
    32219,
    32223,
    32224,
    32261,
    33112,
    33331,
    34247,
    34782,
    35814,
    36797,
    36798,
    36799,
    36873,
    37290,
    38559,
    38565,
    38585,
    39191,
    39278,
    39323,
    39324,
    39374,
    39483,
    39486,
    39855,
    39859,
    39864,
    65110,
    113307,
    114379,
    114380,
    114604,
    114608,
    114612,
    114616,
    114645,
    114655,
    114657,
    114659,
    114667,
    114702,
    114887,
    115033,
    115035,
    115064,
    115069,
    115146,
    115296,
    115304,
    115528,
    115529,
    116038,
    116229,
    116230,
    116231,
    116237,
    116708,
    118565,
    118566,
    118567,
    118571,
    118574,
    118599,
    119028,
    119696,
    120782,
    120858,
    121063,
    122033,
    122189,
    123144,
    123575,
    124472,
    124479,
    125167,
    125620,
    125621,
    125713,
    125724,
    125732,
    125738
  ],
  "y_pred": [
    4,
    4,
    4,
    4,
    4,
    2,
    4,
    3,
    4,
    4,
    4,
    4,
    1,
    2,
    4,
    3,
    2,
    4,
    4,
    1,
    1,
    2,
    3,
    2,
    3,
    1,
    4,
    4,
    2,
    2,
    4,
    0,
    3,
    4,
    4,
    4,
    4,
    4,
    4,
    2,
    4,
    4,
    2,
    3,
    4,
    3,
    3,
    3,
    3,
    3,
    3,
    3,
    3,
    3,
    3,
    3,
    3,
    3,
    2,
    4,
    4,
    2,
    4,
    4,
    4,
    4,
    2,
    2,
    4,
    4,
    4,
    4,
    4,
    4,
    4,
    2,
    2,
    4,
    1,
    4,
    2,
    2,
    2,
    4,
    2,
    4,
    4,
    2,
    2,
    3,
    4,
    4,
    4,
    4,
    2,
    2,
    4,
    3,
    5,
    5,
    2,
    2,
    0,
    0,
    0,
    0,
    0,
    0,
    0,
    0,
    4,
    0,
    4,
    0,
    0,
    4,
    4,
    2,
    0,
    0,
    4,
    4,
    3,
    2,
    3,
    3,
    3,
    4,
    2,
    3,
    3,
    3,
    3,
    4,
    4,
    4,
    4,
    4,
    2,
    3,
    4,
    4,
    4,
    3,
    3,
    4,
    4,
    4,
    4,
    3,
    3,
    4
  ],
  "y_true": [
    0,
    0,
    0,
    0,
    0,
    0,
    0,
    0,
    0,
    0,
    0,
    0,
    0,
    0,
    0,
    0,
    0,
    0,
    0,
    0,
    0,
    0,
    0,
    0,
    2,
    2,
    0,
    0,
    0,
    0,
    0,
    2,
    2,
    0,
    0,
    0,
    0,
    0,
    0,
    0,
    0,
    0,
    0,
    0,
    0,
    0,
    0,
    0,
    0,
    0,
    0,
    0,
    0,
    0,
    0,
    0,
    0,
    0,
    0,
    0,
    0,
    0,
    0,
    0,
    0,
    0,
    0,
    0,
    0,
    0,
    0,
    0,
    0,
    0,
    0,
    0,
    0,
    0,
    0,
    0,
    0,
    0,
    0,
    0,
    0,
    0,
    0,
    0,
    0,
    0,
    0,
    0,
    5,
    5,
    0,
    0,
    5,
    5,
    0,
    0,
    0,
    0,
    5,
    5,
    5,
    5,
    5,
    5,
    5,
    5,
    0,
    5,
    0,
    5,
    5,
    0,
    0,
    0,
    5,
    5,
    0,
    0,
    0,
    0,
    0,
    0,
    0,
    0,
    0,
    0,
    0,
    0,
    0,
    0,
    0,
    0,
    0,
    0,
    0,
    0,
    0,
    0,
    0,
    0,
    0,
    0,
    0,
    0,
    0,
    0,
    0,
    0
  ]
}