{
  "Accuracy": 0.9967389791413971,
  "Macro Precision": 0.5377289018375415,
  "Macro Recall": 0.9008787123417301,
  "Macro F1": 0.6174678305383964,
  "False Alarms": 145,
  "False Alarm Rate": 0.0069497699386503065,
  "Missed Attacks": 13,
  "Detection Rate": 0.9995581387444342,
  "Confusion Matrix (actual_pred)": [
    [
      20719,
      9,
      17,
      12,
      99,
      8
    ],
    [
      0,
      8,
      0,
      0,
      0,
      0
    ],
    [
      0,
      1,
      5,
      2,
      1,
      0
    ],
    [
      0,
      0,
      0,
      14,
      0,
      0
    ],
    [
      1,
      0,
      0,
      0,
      6,
      0
    ],
    [
      12,
      0,
      0,
      0,
      2,
      29375
    ]
  ],
  "misclassified_indices": [
    3549,
    3658,
    4616,
    5386,
    5691,
    6022,
    6189,
    6199,
    7030,
    7120,
    7121,
    7122,
    8069,
    8176,
    8210,
    8382,
    8408,
    8531,
    8588,
    8652,
    8751,
    8796,
    8877,
    9067,
    9333,
    9423,
    9490,
    9501,
    10045,
    10144,
    10150,
    10164,
    10283,
    10435,
    10436,
    10437,
    10470,
    10526,
    10801,
    10802,
    10804,
    11039,
    11066,
    11358,
    11359,
    11416,
    11449,
    11450,
    11667,
    11672,
    11702,
    11703,
    11705,
    11708,
    11734,
    11742,
    11821,
    12087,
    12094,
    12103,
    12142,
    12166,
    12180,
    12376,
    12514,
    12663,
    12674,
    12683,
    12691,
    12706,
    12707,
    12708,
    12831,
    12916,
    12917,
    12932,
    12995,
    13004,
    13281,
    13513,
    13514,
    14112,
    14113,
    14206,
    14746,
    14747,
    14748,
    14749,
    14750,
    14782,
    15001,
    15060,
    15062,
    15200,
    15209,
    15462,
    15465,
    15629,
    15663,
    15698,
    15725,
    15767,
    15814,
    15953,
    26325,
    37252,
    45331,
    45332,
    45333,
    45334,
    45337,
    45338,
    45341,
    45342,
    45407,
    45524,
    45540,
    45689,
    45769,
    45848,
    45868,
    45886,
    45887,
    45889,
    45892,
    45896,
    45899,
    45901,
    45902,
    46047,
    46055,
    46056,
    46057,
    46061,
    46122,
    46146,
    46148,
    46235,
    46236,
    46552,
    46850,
    47179,
    47415,
    47430,
    47584,
    47585,
    47700,
    47842,
    48370,
    48392,
    48665,
    48768,
    48835,
    48836,
    48869,
    49406,
    49430,
    49740,
    50036,
    50037,
    50203,
    50204,
    50255,
    50256
  ],
  "real_flow_indices": [
    8825,
    9068,
    11392,
    13249,
    13967,
    14797,
    15201,
    15219,
    17329,
    17564,
    17565,
    17566,
    19888,
    20153,
    20247,
    20670,
    20729,
    21026,
    21204,
    21368,
    21579,
    21692,
    21909,
    22357,
    23035,
    23251,
    23439,
    23467,
    24928,
    25171,
    25190,
    25215,
    25557,
    25976,
    25977,
    25978,
    26060,
    26197,
    26877,
    26878,
    26882,
    27507,
    27590,
    28255,
    28256,
    28405,
    28497,
    28498,
    29041,
    29052,
    29142,
    29143,
    29148,
    29154,
    29217,
    29233,
    29432,
    30101,
    30115,
    30140,
    30247,
    30300,
    30325,
    30793,
    31151,
    31550,
    31570,
    31589,
    31613,
    31662,
    31663,
    31664,
    31974,
    32215,
    32219,
    32261,
    32410,
    32437,
    33113,
    33693,
    33694,
    35226,
    35227,
    35497,
    36789,
    36790,
    36794,
    36795,
    36797,
    36873,
    37386,
    37552,
    37557,
    37929,
    37945,
    38586,
    38594,
    39008,
    39100,
    39191,
    39270,
    39374,
    39483,
    39859,
    66119,
    93042,
    113300,
    113302,
    113304,
    113306,
    113310,
    113311,
    113315,
    113317,
    113483,
    113758,
    113800,
    114152,
    114361,
    114531,
    114570,
    114608,
    114614,
    114616,
    114623,
    114636,
    114647,
    114649,
    114651,
    115037,
    115064,
    115068,
    115069,
    115074,
    115228,
    115298,
    115304,
    115528,
    115529,
    116272,
    117074,
    117970,
    118566,
    118599,
    118959,
    118960,
    119285,
    119696,
    121066,
    121114,
    121774,
    122028,
    122188,
    122189,
    122250,
    123575,
    123624,
    124416,
    125166,
    125167,
    125620,
    125621,
    125737,
    125738
  ],
  "y_pred": [
    4,
    4,
    4,
    4,
    4,
    4,
    4,
    4,
    4,
    4,
    4,
    4,
    3,
    4,
    4,
    4,
    4,
    4,
    2,
    4,
    4,
    1,
    4,
    4,
    4,
    1,
    4,
    4,
    2,
    4,
    4,
    4,
    4,
    3,
    1,
    1,
    3,
    4,
    4,
    4,
    4,
    4,
    4,
    2,
    4,
    4,
    4,
    4,
    3,
    3,
    3,
    3,
    3,
    3,
    3,
    3,
    4,
    4,
    4,
    4,
    4,
    4,
    2,
    4,
    4,
    4,
    4,
    4,
    2,
    2,
    1,
    1,
    0,
    4,
    4,
    4,
    3,
    1,
    4,
    4,
    4,
    4,
    4,
    1,
    4,
    4,
    2,
    2,
    2,
    4,
    4,
    4,
    2,
    4,
    4,
    4,
    4,
    4,
    4,
    2,
    4,
    4,
    0,
    4,
    5,
    5,
    5,
    5,
    5,
    5,
    5,
    5,
    1,
    1,
    4,
    2,
    4,
    2,
    4,
    4,
    2,
    0,
    0,
    0,
    4,
    4,
    0,
    0,
    0,
    0,
    4,
    0,
    3,
    0,
    4,
    0,
    0,
    4,
    4,
    4,
    4,
    4,
    3,
    4,
    4,
    4,
    2,
    4,
    4,
    4,
    4,
    2,
    4,
    4,
    4,
    4,
    2,
    4,
    4,
    4,
    4,
    4,
    4,
    4
  ],
  "y_true": [
    0,
    0,
    0,
    0,
    0,
    0,
    0,
    0,
    0,
    0,
    0,
    0,
    0,
    0,
    0,
    0,
    0,
    0,
    0,
    0,
    0,
    0,
    0,
    0,
    0,
    0,
    0,
    0,
    0,
    2,
    0,
    0,
    0,
    2,
    2,
    0,
    2,
    0,
    0,
    0,
    0,
    0,
    0,
    0,
    0,
    0,
    0,
    0,
    0,
    0,
    0,
    0,
    0,
    0,
    0,
    0,
    0,
    0,
    0,
    0,
    0,
    0,
    0,
    0,
    0,
    0,
    0,
    0,
    0,
    0,
    0,
    0,
    4,
    0,
    0,
    0,
    0,
    0,
    0,
    0,
    0,
    0,
    0,
    0,
    0,
    0,
    0,
    0,
    0,
    0,
    0,
    0,
    0,
    0,
    0,
    0,
    0,
    0,
    0,
    0,
    0,
    5,
    5,
    5,
    0,
    0,
    0,
    0,
    0,
    0,
    0,
    0,
    0,
    0,
    0,
    0,
    0,
    0,
    0,
    0,
    0,
    5,
    5,
    5,
    0,
    0,
    5,
    5,
    5,
    5,
    0,
    5,
    0,
    5,
    0,
    5,
    5,
    0,
    0,
    0,
    0,
    0,
    0,
    0,
    0,
    0,
    0,
    0,
    0,
    0,
    0,
    0,
    0,
    0,
    0,
    0,
    0,
    0,
    0,
    0,
    0,
    0,
    0,
    0
  ]
}