{
  "Accuracy": 0.9994436386035329,
  "Macro Precision": 0.8171009529197782,
  "Macro Recall": 0.9075812590622062,
  "Macro F1": 0.856614108574437,
  "False Alarms": 9,
  "False Alarm Rate": 0.000430622009569378,
  "Missed Attacks": 17,
  "Detection Rate": 0.9994222599830076,
  "Confusion Matrix (actual_pred)": [
    [
      20891,
      2,
      3,
      1,
      3,
      0
    ],
    [
      0,
      7,
      1,
      0,
      0,
      0
    ],
    [
      0,
      0,
      9,
      0,
      0,
      0
    ],
    [
      0,
      0,
      0,
      14,
      0,
      0
    ],
    [
      3,
      0,
      0,
      0,
      4,
      0
    ],
    [
      14,
      0,
      0,
      0,
      1,
      29374
    ]
  ],
  "misclassified_indices": [
    7978,
    8446,
    8813,
    9453,
    10623,
    10837,
    11701,
    12721,
    12738,
    12855,
    12934,
    12943,
    15474,
    15788,
    15839,
    45886,
    45887,
    45888,
    45890,
    45903,
    45906,
    45907,
    45908,
    45926,
    46053,
    46054,
    46150,
    46153
  ],
  "real_flow_indices": [
    19583,
    20729,
    21650,
    23250,
    26355,
    26877,
    29066,
    31613,
    31662,
    31965,
    32189,
    32216,
    38565,
    39374,
    39483,
    114604,
    114608,
    114612,
    114616,
    114645,
    114655,
    114657,
    114659,
    114702,
    115033,
    115035,
    115296,
    115304
  ],
  "y_pred": [
    2,
    4,
    2,
    1,
    2,
    4,
    3,
    1,
    2,
    0,
    0,
    0,
    4,
    0,
    4,
    0,
    0,
    0,
    0,
    0,
    0,
    0,
    0,
    0,
    0,
    0,
    0,
    0
  ],
  "y_true": [
    0,
    0,
    1,
    0,
    0,
    0,
    0,
    0,
    0,
    4,
    4,
    4,
    0,
    5,
    5,
    5,
    5,
    5,
    5,
    5,
    5,
    5,
    5,
    5,
    5,
    5,
    5,
    5
  ]
}