{
  "Accuracy": 0.9989063649559563,
  "Macro Precision": 0.4625542117332245,
  "Macro Recall": 0.47901665820966083,
  "Macro F1": 0.4703086881213756,
  "False Alarms": 6,
  "False Alarm Rate": 0.00028757668711656444,
  "Missed Attacks": 47,
  "Detection Rate": 0.9984027187765505,
  "Confusion Matrix (actual_pred)": [
    [
      20858,
      0,
      0,
      0,
      0,
      6
    ],
    [
      1,
      7,
      0,
      0,
      0,
      0
    ],
    [
      9,
      0,
      0,
      0,
      0,
      0
    ],
    [
      14,
      0,
      0,
      0,
      0,
      0
    ],
    [
      7,
      0,
      0,
      0,
      0,
      0
    ],
    [
      16,
      2,
      0,
      0,
      0,
      29371
    ]
  ],
  "misclassified_indices": [
    8792,
    9753,
    9754,
    9955,
    10144,
    10145,
    10347,
    10435,
    10436,
    10470,
    11666,
    11670,
    11671,
    11673,
    11674,
    11675,
    11676,
    11701,
    11704,
    11706,
    11707,
    11709,
    11710,
    11711,
    12831,
    12834,
    12904,
    12905,
    12906,
    12918,
    12919,
    15767,
    15814,
    15953,
    15954,
    15955,
    15956,
    15957,
    26325,
    37252,
    45331,
    45332,
    45333,
    45334,
    45886,
    45887,
    45889,
    45899,
    45901,
    45902,
    46047,
    46056,
    46061,
    46146,
    46148
  ],
  "real_flow_indices": [
    21685,
    24135,
    24138,
    24688,
    25171,
    25172,
    25740,
    25976,
    25977,
    26060,
    29040,
    29049,
    29051,
    29058,
    29059,
    29061,
    29065,
    29136,
    29147,
    29151,
    29152,
    29155,
    29157,
    29163,
    31974,
    31981,
    32190,
    32193,
    32194,
    32221,
    32222,
    39374,
    39483,
    39859,
    39862,
    39864,
    39867,
    39870,
    66119,
    93042,
    113300,
    113302,
    113304,
    113306,
    114608,
    114614,
    114616,
    114647,
    114649,
    114651,
    115037,
    115068,
    115074,
    115298,
    115304
  ],
  "y_pred": [
    0,
    0,
    0,
    0,
    0,
    0,
    0,
    0,
    0,
    0,
    0,
    0,
    0,
    0,
    0,
    0,
    0,
    0,
    0,
    0,
    0,
    0,
    0,
    0,
    0,
    0,
    0,
    0,
    0,
    0,
    0,
    0,
    0,
    0,
    0,
    0,
    1,
    1,
    5,
    5,
    5,
    5,
    5,
    5,
    0,
    0,
    0,
    0,
    0,
    0,
    0,
    0,
    0,
    0,
    0
  ],
  "y_true": [
    1,
    2,
    2,
    2,
    2,
    2,
    2,
    2,
    2,
    2,
    3,
    3,
    3,
    3,
    3,
    3,
    3,
    3,
    3,
    3,
    3,
    3,
    3,
    3,
    4,
    4,
    4,
    4,
    4,
    4,
    4,
    5,
    5,
    5,
    5,
    5,
    5,
    5,
    0,
    0,
    0,
    0,
    0,
    0,
    5,
    5,
    5,
    5,
    5,
    5,
    5,
    5,
    5,
    5,
    5
  ]
}