{
  "Accuracy": 0.998986627456435,
  "Macro Precision": 0.49959653458617487,
  "Macro Recall": 0.416567955287983,
  "Macro F1": 0.4441931169777719,
  "False Alarms": 1,
  "False Alarm Rate": 4.784688995215311e-05,
  "Missed Attacks": 50,
  "Detection Rate": 0.9983008801440854,
  "Confusion Matrix (actual_pred)": [
    [
      20899,
      0,
      0,
      0,
      0,
      1
    ],
    [
      4,
      4,
      0,
      0,
      0,
      0
    ],
    [
      9,
      0,
      0,
      0,
      0,
      0
    ],
    [
      14,
      0,
      0,
      0,
      0,
      0
    ],
    [
      7,
      0,
      0,
      0,
      0,
      0
    ],
    [
      16,
      0,
      0,
      0,
      0,
      29373
    ]
  ],
  "misclassified_indices": [
    8813,
    8814,
    8815,
    8824,
    9789,
    9795,
    9987,
    10078,
    10383,
    10384,
    10385,
    10386,
    10471,
    11696,
    11697,
    11699,
    11700,
    11736,
    11737,
    11738,
    11740,
    11743,
    11744,
    11745,
    11746,
    11776,
    11777,
    12855,
    12856,
    12863,
    12934,
    12935,
    12943,
    12945,
    15788,
    15839,
    15974,
    25927,
    45886,
    45887,
    45888,
    45890,
    45903,
    45906,
    45907,
    45908,
    45926,
    46053,
    46054,
    46150,
    46153
  ],
  "real_flow_indices": [
    21650,
    21652,
    21654,
    21688,
    24136,
    24152,
    24688,
    24927,
    25734,
    25735,
    25739,
    25740,
    25976,
    29040,
    29050,
    29056,
    29064,
    29136,
    29138,
    29140,
    29146,
    29151,
    29153,
    29156,
    29157,
    29214,
    29215,
    31965,
    31966,
    31981,
    32189,
    32190,
    32216,
    32221,
    39374,
    39483,
    39859,
    65110,
    114604,
    114608,
    114612,
    114616,
    114645,
    114655,
    114657,
    114659,
    114702,
    115033,
    115035,
    115296,
    115304
  ],
  "y_pred": [
    0,
    0,
    0,
    0,
    0,
    0,
    0,
    0,
    0,
    0,
    0,
    0,
    0,
    0,
    0,
    0,
    0,
    0,
    0,
    0,
    0,
    0,
    0,
    0,
    0,
    0,
    0,
    0,
    0,
    0,
    0,
    0,
    0,
    0,
    0,
    0,
    0,
    5,
    0,
    0,
    0,
    0,
    0,
    0,
    0,
    0,
    0,
    0,
    0,
    0,
    0
  ],
  "y_true": [
    1,
    1,
    1,
    1,
    2,
    2,
    2,
    2,
    2,
    2,
    2,
    2,
    2,
    3,
    3,
    3,
    3,
    3,
    3,
    3,
    3,
    3,
    3,
    3,
    3,
    3,
    3,
    4,
    4,
    4,
    4,
    4,
    4,
    4,
    5,
    5,
    5,
    0,
    5,
    5,
    5,
    5,
    5,
    5,
    5,
    5,
    5,
    5,
    5,
    5,
    5
  ]
}