{
  "Accuracy": 0.9967588634149251,
  "Macro Precision": 0.5156392176368377,
  "Macro Recall": 0.9564229257851576,
  "Macro F1": 0.6035200952723996,
  "False Alarms": 145,
  "False Alarm Rate": 0.0069497699386503065,
  "Missed Attacks": 12,
  "Detection Rate": 0.9995921280717854,
  "Confusion Matrix (actual_pred)": [
    [
      20719,
      9,
      25,
      29,
      75,
      7
    ],
    [
      0,
      8,
      0,
      0,
      0,
      0
    ],
    [
      0,
      0,
      8,
      1,
      0,
      0
    ],
    [
      0,
      0,
      0,
      14,
      0,
      0
    ],
    [
      1,
      0,
      0,
      0,
      6,
      0
    ],
    [
      11,
      0,
      1,
      0,
      4,
      29373
    ]
  ],
  "misclassified_indices": [
    3549,
    3658,
    4616,
    4957,
    5691,
    6022,
    6189,
    6199,
    6643,
    7030,
    7120,
    7121,
    7122,
    7644,
    7940,
    7941,
    8069,
    8176,
    8179,
    8210,
    8382,
    8408,
    8409,
    8588,
    8751,
    8796,
    8877,
    9067,
    9226,
    9227,
    9305,
    9333,
    9408,
    9423,
    9583,
    9805,
    10150,
    10283,
    10435,
    10544,
    10801,
    11066,
    11358,
    11359,
    11416,
    11449,
    11450,
    11667,
    11672,
    11702,
    11703,
    11705,
    11708,
    11734,
    12087,
    12094,
    12103,
    12142,
    12166,
    12180,
    12412,
    12474,
    12663,
    12674,
    12683,
    12691,
    12706,
    12707,
    12831,
    12916,
    12917,
    12932,
    13004,
    13281,
    13513,
    13514,
    13698,
    14077,
    14112,
    14113,
    14206,
    14747,
    14782,
    15060,
    15061,
    15200,
    15209,
    15210,
    15386,
    15387,
    15573,
    15629,
    15663,
    15664,
    15725,
    15767,
    15814,
    15953,
    15954,
    15955,
    26325,
    37252,
    45331,
    45332,
    45333,
    45334,
    45337,
    45341,
    45407,
    45524,
    45540,
    45769,
    45848,
    45868,
    45886,
    45887,
    45889,
    45899,
    45901,
    45902,
    46047,
    46055,
    46056,
    46057,
    46061,
    46146,
    46148,
    46149,
    46235,
    46236,
    46454,
    46535,
    46536,
    46723,
    46850,
    46851,
    47414,
    47415,
    47416,
    47430,
    47584,
    47842,
    48326,
    48368,
    48369,
    48370,
    48392,
    48665,
    48768,
    48836,
    48869,
    49234,
    49406,
    49430,
    49590,
    49836,
    49952,
    50036,
    50037,
    50203,
    50204,
    50249,
    50255
  ],
  "real_flow_indices": [
    8825,
    9068,
    11392,
    12186,
    13967,
    14797,
    15201,
    15219,
    16311,
    17329,
    17564,
    17565,
    17566,
    18807,
    19583,
    19584,
    19888,
    20153,
    20159,
    20247,
    20670,
    20729,
    20734,
    21204,
    21579,
    21692,
    21909,
    22357,
    22747,
    22748,
    22957,
    23035,
    23216,
    23251,
    23718,
    24265,
    25190,
    25557,
    25976,
    26239,
    26877,
    27590,
    28255,
    28256,
    28405,
    28497,
    28498,
    29041,
    29052,
    29142,
    29143,
    29148,
    29154,
    29217,
    30101,
    30115,
    30140,
    30247,
    30300,
    30325,
    30883,
    31048,
    31550,
    31570,
    31589,
    31613,
    31662,
    31663,
    31974,
    32215,
    32219,
    32261,
    32437,
    33113,
    33693,
    33694,
    34159,
    35137,
    35226,
    35227,
    35497,
    36790,
    36873,
    37552,
    37554,
    37929,
    37945,
    37947,
    38381,
    38382,
    38861,
    39008,
    39100,
    39101,
    39270,
    39374,
    39483,
    39859,
    39862,
    39864,
    66119,
    93042,
    113300,
    113302,
    113304,
    113306,
    113310,
    113315,
    113483,
    113758,
    113800,
    114361,
    114531,
    114570,
    114608,
    114614,
    114616,
    114647,
    114649,
    114651,
    115037,
    115064,
    115068,
    115069,
    115074,
    115298,
    115304,
    115309,
    115528,
    115529,
    116038,
    116229,
    116231,
    116704,
    117074,
    117076,
    118565,
    118566,
    118567,
    118599,
    118959,
    119696,
    120928,
    121063,
    121064,
    121066,
    121114,
    121774,
    122028,
    122189,
    122250,
    123144,
    123575,
    123624,
    124033,
    124653,
    124973,
    125166,
    125167,
    125620,
    125621,
    125724,
    125737
  ],
  "y_pred": [
    4,
    4,
    4,
    4,
    4,
    4,
    4,
    4,
    4,
    4,
    4,
    4,
    4,
    4,
    1,
    1,
    3,
    4,
    4,
    4,
    4,
    4,
    4,
    4,
    2,
    1,
    4,
    3,
    3,
    3,
    2,
    4,
    3,
    1,
    4,
    2,
    4,
    4,
    3,
    4,
    4,
    2,
    2,
    1,
    4,
    4,
    4,
    3,
    3,
    3,
    3,
    3,
    3,
    3,
    4,
    4,
    4,
    4,
    2,
    2,
    3,
    3,
    4,
    4,
    4,
    2,
    2,
    1,
    0,
    4,
    4,
    4,
    4,
    2,
    4,
    4,
    2,
    4,
    4,
    4,
    1,
    4,
    4,
    4,
    4,
    4,
    4,
    4,
    2,
    2,
    4,
    4,
    4,
    4,
    3,
    4,
    2,
    4,
    4,
    4,
    5,
    5,
    5,
    5,
    5,
    5,
    5,
    1,
    4,
    2,
    2,
    2,
    4,
    2,
    0,
    0,
    0,
    0,
    0,
    0,
    0,
    4,
    0,
    4,
    0,
    0,
    0,
    2,
    4,
    4,
    3,
    3,
    3,
    3,
    4,
    4,
    3,
    3,
    3,
    4,
    2,
    4,
    2,
    2,
    2,
    2,
    3,
    4,
    3,
    4,
    4,
    3,
    4,
    3,
    2,
    1,
    3,
    2,
    3,
    4,
    4,
    3,
    4
  ],
  "y_true": [
    0,
    0,
    0,
    0,
    0,
    0,
    0,
    0,
    0,
    0,
    0,
    0,
    0,
    0,
    0,
    0,
    0,
    0,
    0,
    0,
    0,
    0,
    0,
    0,
    0,
    0,
    0,
    0,
    0,
    0,
    0,
    0,
    0,
    0,
    0,
    0,
    0,
    0,
    2,
    0,
    0,
    0,
    0,
    0,
    0,
    0,
    0,
    0,
    0,
    0,
    0,
    0,
    0,
    0,
    0,
    0,
    0,
    0,
    0,
    0,
    0,
    0,
    0,
    0,
    0,
    0,
    0,
    0,
    4,
    0,
    0,
    0,
    0,
    0,
    0,
    0,
    0,
    0,
    0,
    0,
    0,
    0,
    0,
    0,
    0,
    0,
    0,
    0,
    0,
    0,
    0,
    0,
    0,
    0,
    0,
    5,
    5,
    5,
    5,
    5,
    0,
    0,
    0,
    0,
    0,
    0,
    0,
    0,
    0,
    0,
    0,
    0,
    0,
    0,
    5,
    5,
    5,
    5,
    5,
    5,
    5,
    0,
    5,
    0,
    5,
    5,
    5,
    0,
    0,
    0,
    0,
    0,
    0,
    0,
    0,
    0,
    0,
    0,
    0,
    0,
    0,
    0,
    0,
    0,
    0,
    0,
    0,
    0,
    0,
    0,
    0,
    0,
    0,
    0,
    0,
    0,
    0,
    0,
    0,
    0,
    0,
    0,
    0
  ]
}