{
  "Accuracy": 0.9990064975063088,
  "Macro Precision": 0.5459562380889967,
  "Macro Recall": 0.5385359434401816,
  "Macro F1": 0.5397852634445933,
  "False Alarms": 8,
  "False Alarm Rate": 0.0003827751196172249,
  "Missed Attacks": 42,
  "Detection Rate": 0.9985727393210317,
  "Confusion Matrix (actual_pred)": [
    [
      20892,
      2,
      0,
      5,
      0,
      1
    ],
    [
      1,
      7,
      0,
      0,
      0,
      0
    ],
    [
      9,
      0,
      0,
      0,
      0,
      0
    ],
    [
      9,
      0,
      0,
      5,
      0,
      0
    ],
    [
      7,
      0,
      0,
      0,
      0,
      0
    ],
    [
      16,
      0,
      0,
      0,
      0,
      29373
    ]
  ],
  "misclassified_indices": [
    8813,
    8819,
    8820,
    9789,
    9790,
    9795,
    9987,
    10078,
    10383,
    10384,
    10385,
    10386,
    10471,
    11696,
    11697,
    11699,
    11701,
    11702,
    11736,
    11737,
    11738,
    11743,
    11747,
    11748,
    11776,
    11777,
    12855,
    12856,
    12863,
    12934,
    12935,
    12943,
    12945,
    15788,
    15839,
    15974,
    25927,
    45886,
    45887,
    45888,
    45890,
    45903,
    45906,
    45907,
    45908,
    45926,
    46053,
    46054,
    46150,
    46153
  ],
  "real_flow_indices": [
    21650,
    21663,
    21666,
    24136,
    24140,
    24152,
    24688,
    24927,
    25734,
    25735,
    25739,
    25740,
    25976,
    29040,
    29050,
    29056,
    29066,
    29069,
    29136,
    29138,
    29140,
    29151,
    29159,
    29162,
    29214,
    29215,
    31965,
    31966,
    31981,
    32189,
    32190,
    32216,
    32221,
    39374,
    39483,
    39859,
    65110,
    114604,
    114608,
    114612,
    114616,
    114645,
    114655,
    114657,
    114659,
    114702,
    115033,
    115035,
    115296,
    115304
  ],
  "y_pred": [
    0,
    1,
    1,
    0,
    3,
    0,
    0,
    0,
    0,
    0,
    0,
    0,
    0,
    0,
    0,
    0,
    3,
    3,
    0,
    0,
    0,
    0,
    3,
    3,
    0,
    0,
    0,
    0,
    0,
    0,
    0,
    0,
    0,
    0,
    0,
    0,
    5,
    0,
    0,
    0,
    0,
    0,
    0,
    0,
    0,
    0,
    0,
    0,
    0,
    0
  ],
  "y_true": [
    1,
    0,
    0,
    2,
    0,
    2,
    2,
    2,
    2,
    2,
    2,
    2,
    2,
    3,
    3,
    3,
    0,
    0,
    3,
    3,
    3,
    3,
    0,
    0,
    3,
    3,
    4,
    4,
    4,
    4,
    4,
    4,
    4,
    5,
    5,
    5,
    0,
    5,
    5,
    5,
    5,
    5,
    5,
    5,
    5,
    5,
    5,
    5,
    5,
    5
  ]
}