{
  "Accuracy": 0.9994038985037852,
  "Macro Precision": 0.8138923682596934,
  "Macro Recall": 0.8741897626443939,
  "Macro F1": 0.8393571501158892,
  "False Alarms": 8,
  "False Alarm Rate": 0.0003827751196172249,
  "Missed Attacks": 18,
  "Detection Rate": 0.9993882336947286,
  "Confusion Matrix (actual_pred)": [
    [
      20892,
      2,
      2,
      2,
      2,
      0
    ],
    [
      0,
      8,
      0,
      0,
      0,
      0
    ],
    [
      1,
      0,
      8,
      0,
      0,
      0
    ],
    [
      0,
      0,
      2,
      11,
      0,
      1
    ],
    [
      3,
      0,
      0,
      0,
      4,
      0
    ],
    [
      14,
      0,
      0,
      0,
      1,
      29374
    ]
  ],
  "misclassified_indices": [
    7978,
    8446,
    9098,
    9453,
    10078,
    10837,
    11701,
    11736,
    11746,
    11776,
    12721,
    12738,
    12855,
    12934,
    12943,
    15788,
    15839,
    45886,
    45887,
    45888,
    45890,
    45903,
    45906,
    45907,
    45908,
    45926,
    46053,
    46054,
    46150,
    46153
  ],
  "real_flow_indices": [
    19583,
    20729,
    22357,
    23250,
    24927,
    26877,
    29066,
    29136,
    29157,
    29214,
    31613,
    31662,
    31965,
    32189,
    32216,
    39374,
    39483,
    114604,
    114608,
    114612,
    114616,
    114645,
    114655,
    114657,
    114659,
    114702,
    115033,
    115035,
    115296,
    115304
  ],
  "y_pred": [
    2,
    4,
    3,
    1,
    0,
    4,
    3,
    2,
    5,
    2,
    1,
    2,
    0,
    0,
    0,
    0,
    4,
    0,
    0,
    0,
    0,
    0,
    0,
    0,
    0,
    0,
    0,
    0,
    0,
    0
  ],
  "y_true": [
    0,
    0,
    0,
    0,
    2,
    0,
    0,
    3,
    3,
    3,
    0,
    0,
    4,
    4,
    4,
    5,
    5,
    5,
    5,
    5,
    5,
    5,
    5,
    5,
    5,
    5,
    5,
    5,
    5,
    5
  ]
}