{
  "Accuracy": 0.9988268278618441,
  "Macro Precision": 0.33287461311088884,
  "Macro Recall": 0.3332026552297644,
  "Macro F1": 0.33303839937639196,
  "False Alarms": 5,
  "False Alarm Rate": 0.00023964723926380368,
  "Missed Attacks": 54,
  "Detection Rate": 0.9981649505556122,
  "Confusion Matrix (actual_pred)": [
    [
      20859,
      0,
      0,
      0,
      0,
      5
    ],
    [
      8,
      0,
      0,
      0,
      0,
      0
    ],
    [
      9,
      0,
      0,
      0,
      0,
      0
    ],
    [
      14,
      0,
      0,
      0,
      0,
      0
    ],
    [
      7,
      0,
      0,
      0,
      0,
      0
    ],
    [
      16,
      0,
      0,
      0,
      0,
      29373
    ]
  ],
  "misclassified_indices": [
    8781,
    8782,
    8783,
    8784,
    8792,
    8793,
    8794,
    8795,
    9753,
    9754,
    9955,
    10144,
    10145,
    10347,
    10435,
    10436,
    10470,
    11666,
    11670,
    11671,
    11673,
    11674,
    11675,
    11676,
    11701,
    11704,
    11706,
    11707,
    11709,
    11710,
    11711,
    12831,
    12834,
    12904,
    12905,
    12906,
    12918,
    12919,
    15767,
    15814,
    15953,
    15954,
    15955,
    26325,
    37252,
    45331,
    45332,
    45333,
    45886,
    45887,
    45889,
    45899,
    45901,
    45902,
    46047,
    46056,
    46061,
    46146,
    46148
  ],
  "real_flow_indices": [
    21653,
    21659,
    21660,
    21661,
    21685,
    21686,
    21687,
    21689,
    24135,
    24138,
    24688,
    25171,
    25172,
    25740,
    25976,
    25977,
    26060,
    29040,
    29049,
    29051,
    29058,
    29059,
    29061,
    29065,
    29136,
    29147,
    29151,
    29152,
    29155,
    29157,
    29163,
    31974,
    31981,
    32190,
    32193,
    32194,
    32221,
    32222,
    39374,
    39483,
    39859,
    39862,
    39864,
    66119,
    93042,
    113300,
    113302,
    113304,
    114608,
    114614,
    114616,
    114647,
    114649,
    114651,
    115037,
    115068,
    115074,
    115298,
    115304
  ],
  "y_pred": [
    0,
    0,
    0,
    0,
    0,
    0,
    0,
    0,
    0,
    0,
    0,
    0,
    0,
    0,
    0,
    0,
    0,
    0,
    0,
    0,
    0,
    0,
    0,
    0,
    0,
    0,
    0,
    0,
    0,
    0,
    0,
    0,
    0,
    0,
    0,
    0,
    0,
    0,
    0,
    0,
    0,
    0,
    0,
    5,
    5,
    5,
    5,
    5,
    0,
    0,
    0,
    0,
    0,
    0,
    0,
    0,
    0,
    0,
    0
  ],
  "y_true": [
    1,
    1,
    1,
    1,
    1,
    1,
    1,
    1,
    2,
    2,
    2,
    2,
    2,
    2,
    2,
    2,
    2,
    3,
    3,
    3,
    3,
    3,
    3,
    3,
    3,
    3,
    3,
    3,
    3,
    3,
    3,
    4,
    4,
    4,
    4,
    4,
    4,
    4,
    5,
    5,
    5,
    5,
    5,
    0,
    0,
    0,
    0,
    0,
    5,
    5,
    5,
    5,
    5,
    5,
    5,
    5,
    5,
    5,
    5
  ]
}