{
  "accuracy": 0.9999403708930452,
  "precision": 0.8666666666666667,
  "recall": 0.9285714285714286,
  "f1": 0.896551724137931,
  "confusion_matrix": [
    [
      50295,
      2
    ],
    [
      1,
      13
    ]
  ],
  "misclassified_samples": {
    "total_misclassified": 3,
    "per_phase": {
      "0": 0,
      "1": 0,
      "2": 2,
      "3": 1,
      "4": 0,
      "5": 0
    }
  }
}