{
  "accuracy": 0.9999403708930452,
  "precision": 1.0,
  "recall": 0.625,
  "f1": 0.7692307692307693,
  "confusion_matrix": [
    [
      50303,
      0
    ],
    [
      3,
      5
    ]
  ],
  "misclassified_samples": {
    "total_misclassified": 3,
    "per_phase": {
      "0": 0,
      "1": 3,
      "2": 0,
      "3": 0,
      "4": 0,
      "5": 0
    }
  }
}