{
  "accuracy": 0.999304327085528,
  "precision": 0.20454545454545456,
  "recall": 1.0,
  "f1": 0.33962264150943394,
  "confusion_matrix": [
    [
      50267,
      35
    ],
    [
      0,
      9
    ]
  ],
  "misclassified_samples": {
    "total_misclassified": 35,
    "per_phase": {
      "0": 18,
      "1": 4,
      "2": 0,
      "3": 13,
      "4": 0,
      "5": 0
    }
  }
}