{
  "accuracy": 0.9996819780962414,
  "precision": 1.0,
  "recall": 0.9994555786178502,
  "f1": 0.9997277151900889,
  "confusion_matrix": [
    [
      20922,
      0
    ],
    [
      16,
      29373
    ]
  ],
  "misclassified_samples": {
    "total_misclassified": 16,
    "per_phase": {
      "0": 0,
      "1": 0,
      "2": 0,
      "3": 0,
      "4": 0,
      "5": 16
    }
  }
}