{
  "accuracy": 0.9999204945240604,
  "precision": 0.7142857142857143,
  "recall": 0.7142857142857143,
  "f1": 0.7142857142857143,
  "confusion_matrix": [
    [
      50302,
      2
    ],
    [
      2,
      5
    ]
  ],
  "misclassified_samples": {
    "total_misclassified": 4,
    "per_phase": {
      "0": 1,
      "1": 0,
      "2": 0,
      "3": 0,
      "4": 2,
      "5": 1
    }
  }
}