{
  "accuracy": 0.9994633380374073,
  "precision": 0.9601181840887231,
  "recall": 0.7852928609865729,
  "f1": 0.8469245185514217,
  "confusion_matrix": [
    [
      20884,
      0,
      0,
      0,
      0,
      0
    ],
    [
      3,
      5,
      0,
      0,
      0,
      0
    ],
    [
      4,
      0,
      4,
      1,
      0,
      0
    ],
    [
      1,
      0,
      0,
      13,
      0,
      0
    ],
    [
      2,
      0,
      0,
      0,
      5,
      0
    ],
    [
      15,
      0,
      0,
      0,
      1,
      29373
    ]
  ],
  "misclassified_indices": [
    8690,
    8691,
    8708,
    9955,
    10048,
    10472,
    10504,
    10505,
    11752,
    12819,
    12905,
    15808,
    45841,
    45842,
    45845,
    45857,
    45858,
    45860,
    46005,
    46007,
    46009,
    46021,
    46110,
    46112,
    46114,
    46117,
    46119
  ],
  "real_flow_indices": [
    21649,
    21650,
    21684,
    24688,
    24927,
    25976,
    26060,
    26061,
    29151,
    31965,
    32189,
    39483,
    114604,
    114608,
    114616,
    114649,
    114655,
    114659,
    115033,
    115035,
    115037,
    115068,
    115296,
    115300,
    115302,
    115306,
    115308
  ],
  "y_pred": [
    0,
    0,
    0,
    3,
    0,
    0,
    0,
    0,
    0,
    0,
    0,
    4,
    0,
    0,
    0,
    0,
    0,
    0,
    0,
    0,
    0,
    0,
    0,
    0,
    0,
    0,
    0
  ],
  "y_true": [
    1,
    1,
    1,
    2,
    2,
    2,
    2,
    2,
    3,
    4,
    4,
    5,
    5,
    5,
    5,
    5,
    5,
    5,
    5,
    5,
    5,
    5,
    5,
    5,
    5,
    5,
    5
  ]
}