Model,Macro F1,Macro F1 Std,Weighted F1,Weighted F1 Std,Accuracy,Accuracy Std,Detection Rate,Detection Rate Std,False Alarm Rate,False Alarm Rate Std,Causal Rate,Causal Rate Std,Regression Rate,Regression Rate Std
darpa_temp_context_endtoend_base_w10_full_0.001lr,0.9397473627553666,0.013627516831602553,0.9995185639479488,1.1092149719654487e-05,0.9995142844526869,1.2489191172075252e-05,0.9992750339827822,3.699576714671391e-05,0.00014885699096225415,3.0073653638981284e-05,0.0,0.0,0.0,0.0
darpa_temp_context_pretrained_base_w10_full_0.001lr,0.8921508268208452,0.0063383854518974546,0.9995014096591763,1.4503090538531121e-05,0.9994877908773789,1.2489191172127589e-05,0.9991844132306298,0.0,8.506113769271665e-05,3.007365363898129e-05,0.0,0.0,0.0,0.0
darpa_temp_context_baseline_endtoend_base_w10_full_0.001lr,0.890776197345224,0.07858241840021421,0.9627616773917193,3.7563650391318424e-05,0.9624321102132732,7.493514703260853e-05,0.9998187584956956,0.0001281570967261396,0.090207336523126,0.0,0.0,0.0,0.0007052214196603812,1.4046953467038225e-06
darpa_temp_pretrained_base_w10_full_0.001lr,0.8716325391967352,0.01297199686512693,0.9994477619149985,5.112450648962408e-05,0.9994348037267629,4.995676468840568e-05,0.9991844132306298,3.699576714671391e-05,0.0002126528442317916,0.00013108801707536368,0.0,0.0,0.0,0.0
darpa_temp_endtoend_base_w10_full_0.001lr,0.8388997755219472,0.019182010507012823,0.9994501166649146,4.202373085224044e-05,0.9994259725349935,4.503041916009113e-05,0.9991239993958617,5.651196778087619e-05,0.00014885699096225412,3.0073653638981284e-05,0.0,0.0,0.013888888888888888,0.019641855032959652
multiclass_basefeatures_w10_fulldata_0.001lr,0.8265029707125162,0.016491788119987985,0.999350236347845,1.8587410358817558e-05,0.9993464918090696,1.2489191172075252e-05,0.9991844132306298,6.407854836309597e-05,0.00029771398192450824,7.956740854383714e-05,0.02722222222222222,0.01926103980373302,0.08111111111111112,0.0015713484026367692
ensemble_basefeatures_w10_fulldata_0.001lr,0.8198881112790595,0.013631640398337449,0.9993306891383756,2.4328424003226133e-05,0.999328829425531,1.2489191172127589e-05,0.9991693097719377,5.6511967780925644e-05,0.00031897926634768745,5.208909607194423e-05,0.05282051282051282,0.019229059753079668,0.09230769230769231,0.0196216681740605
darpa_temp_baseline_endtoend_base_w10_full_0.001lr,0.5576113260276802,0.0,0.6552880840522012,0.0,0.5854020400052987,0.0,1.0,0.0,0.998341307814992,0.0,0.0,0.0,0.14429036999169276,0.0
