,macro_f1,accuracy,detection_rate,false_alarm_rate,num_wrong,num_causal,num_regression,error_rate,causal_rate,regression_rate,temp_score
darpa_temp_context_baseline_endtoend_base_w10_full_0.001lr,0.946342358278054,0.9624850973638892,0.9999093792478477,0.090207336523126,1416.0,0.0,1.0,0.03751490263611074,0.0,0.0007062146892655367,0.9462011153402009
darpa_temp_context_endtoend_base_w10_full_0.001lr,0.9235834682755049,0.9994966220691482,0.9992297236067059,0.00012759170653907497,19.0,0.0,0.0,0.0005033779308517684,0.0,0.0,0.9235834682755049
darpa_temp_context_pretrained_base_w10_full_0.001lr,0.8966372900877121,0.9994966220691482,0.9991844132306298,6.379585326953749e-05,19.0,0.0,0.0,0.0005033779308517684,0.0,0.0,0.8966372900877121
darpa_temp_pretrained_base_w10_full_0.001lr,0.8545396519180309,0.9993641541926083,0.9991844132306298,0.0003827751196172249,24.0,0.0,0.0,0.0006358458073917075,0.0,0.0,0.8545396519180309
multiclass_basefeatures_w10_fulldata_0.001lr,0.8414855626224141,0.9993641541926083,0.9992297236067059,0.0003189792663476874,24.0,1.0,2.0,0.0006358458073917075,0.041666666666666664,0.08333333333333333,0.803985562622414
darpa_temp_endtoend_base_w10_full_0.001lr,0.8170228684187828,0.9993641541926083,0.9990484821024015,0.00019138755980861245,24.0,0.0,1.0,0.0006358458073917075,0.0,0.041666666666666664,0.8086895350854495
ensemble_basefeatures_w10_fulldata_0.001lr,0.8020080818994327,0.9993111670419923,0.9990937924784775,0.00025518341307814995,26.0,1.0,2.0,0.0006888329580076832,0.038461538461538464,0.07692307692307693,0.7673926972840481
darpa_temp_baseline_endtoend_base_w10_full_0.001lr,0.5576113260276802,0.5854020400052987,1.0,0.998341307814992,15649.0,0.0,2258.0,0.4145979599947013,0.0,0.14429036999169276,0.5287532520293416
