{
  "Accuracy": 0.9995597864964508,
  "Macro Precision": 0.9990583804143126,
  "Macro Recall": 0.9997129117921482,
  "Macro F1": 0.9993851611400187,
  "False Alarms": 0,
  "False Alarm Rate": 0.0,
  "Missed Attacks": 8,
  "Detection Rate": 0.9994258235842963,
  "Confusion Matrix (actual_pred)": [
    [
      4240,
      0
    ],
    [
      8,
      13925
    ]
  ],
  "Misclassified Info": {
    "total_misclassified": 8,
    "per_phase": {
      "0": 0,
      "1": 1,
      "2": 0,
      "3": 0,
      "4": 0,
      "5": 7
    }
  }
}