{
  "accuracy": 0.9998609096508833,
  "precision": 0.5333333333333333,
  "recall": 1.0,
  "f1": 0.6956521739130435,
  "confusion_matrix": [
    [
      50312,
      7
    ],
    [
      0,
      8
    ]
  ],
  "misclassified_samples": {
    "total_misclassified": 7,
    "per_phase": {
      "0": 7,
      "1": 0,
      "2": 0,
      "3": 0,
      "4": 0,
      "5": 0
    }
  }
}