{
  "Accuracy": 0.9993840284539114,
  "Macro Precision": 0.999314156478859,
  "Macro Recall": 0.999417814873331,
  "Macro F1": 0.9993658889044239,
  "False Alarms": 8,
  "False Alarm Rate": 0.0003827751196172249,
  "Missed Attacks": 23,
  "Detection Rate": 0.9992184048662792,
  "Confusion Matrix (actual_pred)": [
    [
      20892,
      8
    ],
    [
      23,
      29404
    ]
  ],
  "Misclassified Info": {
    "total_misclassified": 31,
    "per_phase": {
      "0": 8,
      "1": 1,
      "2": 2,
      "3": 3,
      "4": 3,
      "5": 14
    }
  }
}