{
  "accuracy": 0.6846225684026467,
  "precision": 0.7546067936271502,
  "recall": 0.821286019159596,
  "f1": 0.7599695372765716,
  "confusion_matrix": [
    [
      20921,
      1,
      2,
      3,
      2,
      15856
    ],
    [
      0,
      7,
      1,
      0,
      0,
      0
    ],
    [
      1,
      1,
      7,
      0,
      0,
      0
    ],
    [
      1,
      0,
      0,
      13,
      0,
      0
    ],
    [
      2,
      0,
      0,
      0,
      7,
      0
    ],
    [
      2,
      0,
      0,
      0,
      0,
      13500
    ]
  ],
  "misclassified_info": {}
}