{
  "Accuracy": 0.999085687026694,
  "Macro Precision": 0.9990171190759369,
  "Macro Recall": 0.9991002450904727,
  "Macro F1": 0.9990586201026224,
  "False Alarms": 17,
  "False Alarm Rate": 0.0008140203026240183,
  "Missed Attacks": 29,
  "Detection Rate": 0.9990145104835695,
  "Confusion Matrix (actual_pred)": [
    [
      20867,
      17
    ],
    [
      29,
      29398
    ]
  ],
  "Misclassified Info": {
    "total_misclassified": 46,
    "per_phase": {
      "0": 17,
      "1": 1,
      "2": 2,
      "3": 6,
      "4": 4,
      "5": 16
    }
  }
}