{
  "Accuracy": 0.9996819780962414,
  "Macro Precision": 0.7221625717738497,
  "Macro Recall": 0.7856148762067604,
  "Macro F1": 0.749920469231534,
  "False Alarms": 10,
  "False Alarm Rate": 0.00019881901505059945,
  "Missed Attacks": 6,
  "Detection Rate": 0.5714285714285714,
  "Confusion Matrix (actual_pred)": [
    [
      50287,
      10
    ],
    [
      6,
      8
    ]
  ],
  "Misclassified Info": {
    "total_misclassified": 16,
    "per_phase": {
      "0": 10,
      "1": 0,
      "2": 0,
      "3": 6,
      "4": 0,
      "5": 0
    }
  }
}