{
  "Accuracy": 0.9996621017272564,
  "Macro Precision": 0.9996008794669535,
  "Macro Recall": 0.9997038910200426,
  "Macro F1": 0.999652288493591,
  "False Alarms": 1,
  "False Alarm Rate": 4.7796577765032026e-05,
  "Missed Attacks": 16,
  "Detection Rate": 0.9994555786178502,
  "Confusion Matrix (actual_pred)": [
    [
      20921,
      1
    ],
    [
      16,
      29373
    ]
  ],
  "Misclassified Info": {
    "total_misclassified": 17,
    "per_phase": {
      "0": 1,
      "1": 0,
      "2": 0,
      "3": 0,
      "4": 0,
      "5": 16
    }
  }
}