{
  "Accuracy": 0.9999006181550755,
  "Macro Precision": 0.8333035152238015,
  "Macro Recall": 0.7856944065794256,
  "Macro F1": 0.8076674590207177,
  "False Alarms": 2,
  "False Alarm Rate": 3.9758269720101784e-05,
  "Missed Attacks": 3,
  "Detection Rate": 0.5714285714285714,
  "Confusion Matrix (actual_pred)": [
    [
      50302,
      2
    ],
    [
      3,
      4
    ]
  ],
  "Misclassified Info": {
    "total_misclassified": 5,
    "per_phase": {
      "0": 2,
      "1": 0,
      "2": 0,
      "3": 0,
      "4": 3,
      "5": 0
    }
  }
}