{
  "Accuracy": 0.9991254397646638,
  "Macro Precision": 0.5849056603773585,
  "Macro Recall": 0.9995626416444674,
  "Macro F1": 0.644942515461801,
  "False Alarms": 44,
  "False Alarm Rate": 0.0008747167110651664,
  "Missed Attacks": 0,
  "Detection Rate": 1.0,
  "Confusion Matrix (actual_pred)": [
    [
      50258,
      44
    ],
    [
      0,
      9
    ]
  ],
  "Misclassified Info": {
    "total_misclassified": 44,
    "per_phase": {
      "0": 42,
      "1": 2,
      "2": 0,
      "3": 0,
      "4": 0,
      "5": 0
    }
  }
}