{
  "Accuracy": 0.9999403708930452,
  "Macro Precision": 0.9285515494365685,
  "Macro Recall": 0.874990060234976,
  "Macro F1": 0.899985090500661,
  "False Alarms": 1,
  "False Alarm Rate": 1.9879530047909668e-05,
  "Missed Attacks": 2,
  "Detection Rate": 0.75,
  "Confusion Matrix (actual_pred)": [
    [
      50302,
      1
    ],
    [
      2,
      6
    ]
  ],
  "Misclassified Info": {
    "total_misclassified": 3,
    "per_phase": {
      "0": 1,
      "1": 2,
      "2": 0,
      "3": 0,
      "4": 0,
      "5": 0
    }
  }
}