{
  "accuracy": 0.9976936746190782,
  "micro_f1": 0.9976936746190782,
  "macro_f1": 0.8850611152140182,
  "false_alarms": 206,
  "false_alarm_rate": 0.002056647664307179,
  "missed_attacks": 37,
  "detection_rate": 0.9934315639978697,
  "classes": [
    "benign",
    "phase1",
    "phase2",
    "phase3",
    "phase4"
  ],
  "per_class": {
    "benign": {
      "TP": 99957,
      "FP": 37,
      "FN": 206,
      "precision": 0.9996299777986679,
      "recall": 0.9979433523356929,
      "f1": 0.9987859530268739
    },
    "phase1": {
      "TP": 3833,
      "FP": 124,
      "FN": 23,
      "precision": 0.9686631286328027,
      "recall": 0.9940352697095436,
      "f1": 0.9811852041469347
    },
    "phase2": {
      "TP": 1696,
      "FP": 50,
      "FN": 5,
      "precision": 0.9713631156930126,
      "recall": 0.9970605526161082,
      "f1": 0.9840440963156367
    },
    "phase3": {
      "TP": 7,
      "FP": 5,
      "FN": 1,
      "precision": 0.5833333333333334,
      "recall": 0.875,
      "f1": 0.7000000000000001
    },
    "phase4": {
      "TP": 59,
      "FP": 28,
      "FN": 9,
      "precision": 0.6781609195402298,
      "recall": 0.8676470588235294,
      "f1": 0.7612903225806451
    }
  },
  "confusion_matrix": [
    [
      99957,
      124,
      50,
      4,
      28
    ],
    [
      23,
      3833,
      0,
      0,
      0
    ],
    [
      5,
      0,
      1696,
      0,
      0
    ],
    [
      1,
      0,
      0,
      7,
      0
    ],
    [
      8,
      0,
      0,
      1,
      59
    ]
  ]
}