{
  "accuracy": 0.9978260047638852,
  "micro_f1": 0.9978260047638852,
  "macro_f1": 0.8333518712501624,
  "false_alarms": 165,
  "false_alarm_rate": 0.001647314876750896,
  "missed_attacks": 64,
  "detection_rate": 0.9886383809692881,
  "classes": [
    "benign",
    "phase1",
    "phase2",
    "phase3",
    "phase4"
  ],
  "per_class": {
    "benign": {
      "TP": 99998,
      "FP": 64,
      "FN": 165,
      "precision": 0.9993603965541364,
      "recall": 0.9983526851232492,
      "f1": 0.9988562866774879
    },
    "phase1": {
      "TP": 3808,
      "FP": 70,
      "FN": 48,
      "precision": 0.9819494584837545,
      "recall": 0.9875518672199171,
      "f1": 0.9847426945952935
    },
    "phase2": {
      "TP": 1694,
      "FP": 46,
      "FN": 7,
      "precision": 0.9735632183908046,
      "recall": 0.9958847736625515,
      "f1": 0.984597500726533
    },
    "phase3": {
      "TP": 6,
      "FP": 11,
      "FN": 2,
      "precision": 0.35294117647058826,
      "recall": 0.75,
      "f1": 0.48
    },
    "phase4": {
      "TP": 60,
      "FP": 39,
      "FN": 8,
      "precision": 0.6060606060606061,
      "recall": 0.8823529411764706,
      "f1": 0.7185628742514971
    }
  },
  "confusion_matrix": [
    [
      99998,
      70,
      46,
      10,
      39
    ],
    [
      48,
      3808,
      0,
      0,
      0
    ],
    [
      7,
      0,
      1694,
      0,
      0
    ],
    [
      2,
      0,
      0,
      6,
      0
    ],
    [
      7,
      0,
      0,
      1,
      60
    ]
  ]
}