{
  "accuracy": 0.6808844564526383,
  "precision": 0.4567562996786741,
  "recall": 0.9998519176662224,
  "f1": 0.6270576489981659,
  "confusion_matrix": [
    [
      20769,
      16061
    ],
    [
      2,
      13504
    ]
  ],
  "misclassified_info": {
    "total_misclassified": 16063,
    "per_phase": {
      "0": 16061,
      "1": 0,
      "2": 0,
      "3": 0,
      "4": 0,
      "5": 2
    }
  }
}