{
  "accuracy": 0.9998013350286078,
  "precision": 0.5263157894736842,
  "recall": 0.9090909090909091,
  "f1": 0.6666666666666666,
  "confusion_matrix": [
    [
      50316,
      9
    ],
    [
      1,
      10
    ]
  ],
  "misclassified_info": {
    "total_misclassified": 10,
    "per_phase": {
      "0": 3,
      "1": 2,
      "2": 1,
      "3": 3,
      "4": 0,
      "5": 1
    }
  }
}