{
  "accuracy": 0.9999602670057216,
  "precision": 0.8888888888888888,
  "recall": 1.0,
  "f1": 0.9411764705882353,
  "confusion_matrix": [
    [
      50318,
      2
    ],
    [
      0,
      16
    ]
  ],
  "misclassified_info": {
    "total_misclassified": 2,
    "per_phase": {
      "0": 0,
      "1": 0,
      "2": 1,
      "3": 0,
      "4": 1,
      "5": 0
    }
  }
}