{"accuracy": [0.6866278052330017, 0.6868486404418945, 0.6868486404418945, 0.6868486404418945, 0.6868191957473755, 0.6868486404418945, 0.6868486404418945, 0.6868486404418945, 0.686863362789154, 0.6868486404418945, 0.6868486404418945, 0.686833918094635, 0.6868486404418945, 0.6868486404418945, 0.6868780255317688], "loss": [0.44078752398490906, 0.4375338852405548, 0.43744364380836487, 0.43697601556777954, 0.4368862211704254, 0.4366667568683624, 0.4366424083709717, 0.4364912509918213, 0.4365008771419525, 0.4365163743495941, 0.4363671839237213, 0.436248779296875, 0.4364401400089264, 0.436131089925766, 0.43623316287994385], "val_accuracy": [0.6886592507362366, 0.6886592507362366, 0.6886592507362366, 0.6886592507362366, 0.6886592507362366, 0.6886592507362366, 0.6886592507362366, 0.6886592507362366, 0.6886592507362366, 0.6886592507362366, 0.6886592507362366, 0.6886592507362366, 0.6886592507362366, 0.6886592507362366, 0.6886592507362366], "val_loss": [0.438375324010849, 0.4384377896785736, 0.4397330582141876, 0.43760260939598083, 0.43735793232917786, 0.4372096061706543, 0.43713995814323425, 0.438014417886734, 0.4372828006744385, 0.43699562549591064, 0.4375087022781372, 0.43806523084640503, 0.43800657987594604, 0.43789276480674744, 0.4374412000179291]}