{"accuracy": 0.6807453909726637, "precision": 0.4562406931095167, "recall": 0.9997775140907742, "f1": 0.6265569808514594, "confusion_matrix": [[20785, 16067], [3, 13481]]}