{
  "Accuracy": 0.9987676651229354,
  "Macro Precision": 0.7770571687366092,
  "Macro Recall": 0.8293200385506013,
  "Macro F1": 0.7640086700152707,
  "False Alarms": 35,
  "False Alarm Rate": 0.0016759241524612143,
  "Missed Attacks": 27,
  "Detection Rate": 0.9990824752778061,
  "Confusion Matrix (actual_pred)": [
    [
      20849,
      0,
      14,
      21,
      0,
      0
    ],
    [
      1,
      7,
      0,
      0,
      0,
      0
    ],
    [
      1,
      0,
      8,
      0,
      0,
      0
    ],
    [
      5,
      0,
      0,
      9,
      0,
      0
    ],
    [
      3,
      0,
      0,
      0,
      4,
      0
    ],
    [
      17,
      0,
      0,
      0,
      0,
      29372
    ]
  ],
  "missclassified_indices": [
    3529,
    5985,
    5986,
    8033,
    8353,
    8690,
    8838,
    9148,
    9358,
    9832,
    9954,
    10048,
    10104,
    10375,
    10814,
    11327,
    11712,
    11719,
    11722,
    11744,
    11749,
    11751,
    11752,
    11755,
    11756,
    11757,
    11779,
    12819,
    12905,
    12912,
    13380,
    13722,
    14800,
    15440,
    15808,
    15959,
    45423,
    45521,
    45522,
    45757,
    45841,
    45842,
    45845,
    45857,
    45858,
    45860,
    46005,
    46007,
    46009,
    46021,
    46110,
    46112,
    46114,
    46117,
    46119,
    46868,
    48407,
    49388,
    49752,
    49753,
    49754,
    49821
  ],
  "real_flow_indices": [
    8975,
    15125,
    15126,
    20105,
    20853,
    21649,
    21996,
    22763,
    23294,
    24389,
    24686,
    24927,
    25074,
    25738,
    26827,
    28107,
    29041,
    29061,
    29066,
    29136,
    29144,
    29148,
    29151,
    29159,
    29161,
    29169,
    29214,
    31965,
    32189,
    32221,
    33441,
    34280,
    37055,
    38556,
    39483,
    39857,
    113510,
    113742,
    113743,
    114379,
    114604,
    114608,
    114616,
    114649,
    114655,
    114659,
    115033,
    115035,
    115037,
    115068,
    115296,
    115300,
    115302,
    115306,
    115308,
    117110,
    121007,
    123512,
    124450,
    124451,
    124452,
    124606
  ],
  "y_pred": [
    3,
    3,
    3,
    3,
    3,
    0,
    3,
    3,
    3,
    2,
    2,
    0,
    3,
    2,
    2,
    2,
    3,
    0,
    3,
    0,
    0,
    3,
    0,
    3,
    3,
    3,
    0,
    0,
    0,
    0,
    2,
    2,
    2,
    2,
    0,
    0,
    3,
    2,
    2,
    3,
    0,
    0,
    0,
    0,
    0,
    0,
    0,
    0,
    0,
    0,
    0,
    0,
    0,
    0,
    0,
    3,
    2,
    2,
    3,
    3,
    3,
    2
  ],
  "y_true": [
    0,
    0,
    0,
    0,
    0,
    1,
    0,
    0,
    0,
    0,
    0,
    2,
    0,
    0,
    0,
    0,
    0,
    3,
    0,
    3,
    3,
    0,
    3,
    0,
    0,
    0,
    3,
    4,
    4,
    4,
    0,
    0,
    0,
    0,
    5,
    5,
    0,
    0,
    0,
    0,
    5,
    5,
    5,
    5,
    5,
    5,
    5,
    5,
    5,
    5,
    5,
    5,
    5,
    5,
    5,
    0,
    0,
    0,
    0,
    0,
    0,
    0
  ]
}