{
  "Accuracy": 0.9993840284539114,
  "Macro Precision": 0.7920174745058969,
  "Macro Recall": 0.9997827356013108,
  "Macro F1": 0.8681513952084142,
  "False Alarms": 18,
  "False Alarm Rate": 0.000861244019138756,
  "Missed Attacks": 12,
  "Detection Rate": 0.9995921973764698,
  "Confusion Matrix (actual_pred)": [
    [
      20882,
      6,
      5,
      0,
      5,
      2
    ],
    [
      0,
      8,
      0,
      0,
      0,
      0
    ],
    [
      0,
      0,
      9,
      0,
      0,
      0
    ],
    [
      0,
      0,
      0,
      14,
      0,
      0
    ],
    [
      0,
      0,
      0,
      0,
      7,
      0
    ],
    [
      12,
      0,
      0,
      0,
      1,
      29376
    ]
  ],
  "missclassified_indices": [
    8117,
    8235,
    8296,
    8734,
    9359,
    9360,
    9854,
    12712,
    12728,
    12922,
    12947,
    14215,
    15816,
    26446,
    26461,
    45353,
    45871,
    45872,
    45873,
    45874,
    45887,
    45889,
    45891,
    46035,
    46037,
    46139,
    46141,
    46142,
    46949,
    47132,
    49850
  ],
  "real_flow_indices": [
    20247,
    20539,
    20670,
    21691,
    23250,
    23252,
    24389,
    31613,
    31662,
    32192,
    32261,
    35497,
    39483,
    66086,
    66119,
    113315,
    114608,
    114612,
    114614,
    114616,
    114647,
    114655,
    114661,
    115033,
    115037,
    115298,
    115300,
    115304,
    117244,
    117708,
    124654
  ],
  "y_pred": [
    4,
    4,
    4,
    1,
    1,
    1,
    2,
    2,
    1,
    4,
    4,
    2,
    4,
    5,
    5,
    1,
    0,
    0,
    0,
    0,
    0,
    0,
    0,
    0,
    0,
    0,
    0,
    0,
    2,
    2,
    1
  ],
  "y_true": [
    0,
    0,
    0,
    0,
    0,
    0,
    0,
    0,
    0,
    0,
    0,
    0,
    5,
    0,
    0,
    0,
    5,
    5,
    5,
    5,
    5,
    5,
    5,
    5,
    5,
    5,
    5,
    5,
    0,
    0,
    0
  ]
}