{
  "Accuracy": 0.9990459342887241,
  "Macro Precision": 0.6702844626500539,
  "Macro Recall": 0.5428690682627223,
  "Macro F1": 0.5825927049276507,
  "False Alarms": 3,
  "False Alarm Rate": 0.00014365064163953265,
  "Missed Attacks": 44,
  "Detection Rate": 0.9985047237137226,
  "Confusion Matrix (actual_pred)": [
    [
      20881,
      1,
      0,
      0,
      2,
      0
    ],
    [
      1,
      6,
      1,
      0,
      0,
      0
    ],
    [
      7,
      0,
      2,
      0,
      0,
      0
    ],
    [
      14,
      0,
      0,
      0,
      0,
      0
    ],
    [
      5,
      0,
      0,
      0,
      2,
      0
    ],
    [
      17,
      0,
      0,
      0,
      0,
      29372
    ]
  ],
  "missclassified_indices": [
    8279,
    8690,
    8708,
    9724,
    9955,
    10048,
    10373,
    10374,
    10472,
    10504,
    11717,
    11718,
    11719,
    11720,
    11721,
    11744,
    11745,
    11746,
    11749,
    11750,
    11752,
    11753,
    11754,
    11779,
    12819,
    12821,
    12905,
    12906,
    12912,
    15808,
    15959,
    45338,
    45841,
    45842,
    45845,
    45857,
    45858,
    45860,
    46005,
    46007,
    46009,
    46021,
    46110,
    46112,
    46114,
    46117,
    46119,
    50020
  ],
  "real_flow_indices": [
    20670,
    21649,
    21684,
    24137,
    24688,
    24927,
    25734,
    25735,
    25976,
    26060,
    29050,
    29059,
    29061,
    29064,
    29065,
    29136,
    29137,
    29140,
    29144,
    29146,
    29151,
    29152,
    29156,
    29214,
    31965,
    31967,
    32189,
    32194,
    32221,
    39483,
    39857,
    113315,
    114604,
    114608,
    114616,
    114649,
    114655,
    114659,
    115033,
    115035,
    115037,
    115068,
    115296,
    115300,
    115302,
    115306,
    115308,
    125146
  ],
  "y_pred": [
    4,
    0,
    2,
    0,
    0,
    0,
    0,
    0,
    0,
    0,
    0,
    0,
    0,
    0,
    0,
    0,
    0,
    0,
    0,
    0,
    0,
    0,
    0,
    0,
    0,
    0,
    0,
    0,
    0,
    0,
    0,
    1,
    0,
    0,
    0,
    0,
    0,
    0,
    0,
    0,
    0,
    0,
    0,
    0,
    0,
    0,
    0,
    4
  ],
  "y_true": [
    0,
    1,
    1,
    2,
    2,
    2,
    2,
    2,
    2,
    2,
    3,
    3,
    3,
    3,
    3,
    3,
    3,
    3,
    3,
    3,
    3,
    3,
    3,
    3,
    4,
    4,
    4,
    4,
    4,
    5,
    5,
    0,
    5,
    5,
    5,
    5,
    5,
    5,
    5,
    5,
    5,
    5,
    5,
    5,
    5,
    5,
    5,
    0
  ]
}