{
  "Accuracy": 0.9988276670574443,
  "Macro Precision": 0.6889842345317362,
  "Macro Recall": 0.8650356023037844,
  "Macro F1": 0.7409752614295958,
  "False Alarms": 37,
  "False Alarm Rate": 0.0017703349282296652,
  "Missed Attacks": 20,
  "Detection Rate": 0.999320305862362,
  "Confusion Matrix (actual_pred)": [
    [
      20863,
      0,
      13,
      17,
      7,
      0
    ],
    [
      0,
      7,
      1,
      0,
      0,
      0
    ],
    [
      1,
      0,
      8,
      0,
      0,
      0
    ],
    [
      4,
      0,
      0,
      10,
      0,
      0
    ],
    [
      2,
      0,
      0,
      0,
      5,
      0
    ],
    [
      13,
      0,
      1,
      0,
      0,
      29375
    ]
  ],
  "missclassified_indices": [
    3599,
    4563,
    7975,
    7995,
    8003,
    8084,
    8117,
    8235,
    8296,
    8714,
    9459,
    9521,
    9564,
    9630,
    9764,
    9870,
    9871,
    9973,
    10393,
    11729,
    11734,
    11746,
    11767,
    11769,
    11772,
    11879,
    12712,
    12836,
    12840,
    12922,
    12931,
    13698,
    14719,
    15816,
    15965,
    45527,
    45871,
    45872,
    45873,
    45874,
    45887,
    45889,
    45891,
    46035,
    46037,
    46139,
    46141,
    46142,
    46452,
    46949,
    47957,
    47972,
    48491,
    48957,
    49319,
    49415,
    49677,
    49885,
    50056
  ],
  "real_flow_indices": [
    9111,
    11401,
    19933,
    19965,
    19987,
    20159,
    20247,
    20539,
    20670,
    21649,
    23476,
    23599,
    23711,
    23862,
    24177,
    24428,
    24429,
    24688,
    25738,
    29049,
    29061,
    29089,
    29136,
    29143,
    29155,
    29425,
    31613,
    31968,
    31974,
    32192,
    32216,
    34198,
    36873,
    39483,
    39857,
    113742,
    114608,
    114612,
    114614,
    114616,
    114647,
    114655,
    114661,
    115033,
    115037,
    115298,
    115300,
    115304,
    116032,
    117244,
    119790,
    119838,
    121213,
    122433,
    123354,
    123584,
    124259,
    124749,
    125187
  ],
  "y_pred": [
    2,
    2,
    3,
    3,
    2,
    3,
    4,
    4,
    4,
    2,
    2,
    3,
    3,
    2,
    3,
    3,
    3,
    0,
    2,
    0,
    0,
    3,
    0,
    3,
    0,
    2,
    2,
    4,
    0,
    4,
    0,
    2,
    4,
    2,
    0,
    2,
    0,
    0,
    0,
    0,
    0,
    0,
    0,
    0,
    0,
    0,
    0,
    0,
    3,
    2,
    3,
    3,
    4,
    3,
    3,
    2,
    2,
    3,
    3
  ],
  "y_true": [
    0,
    0,
    0,
    0,
    0,
    0,
    0,
    0,
    0,
    1,
    0,
    0,
    0,
    0,
    0,
    0,
    0,
    2,
    0,
    3,
    3,
    0,
    3,
    0,
    3,
    0,
    0,
    0,
    4,
    0,
    4,
    0,
    0,
    5,
    5,
    0,
    5,
    5,
    5,
    5,
    5,
    5,
    5,
    5,
    5,
    5,
    5,
    5,
    0,
    0,
    0,
    0,
    0,
    0,
    0,
    0,
    0,
    0,
    0
  ]
}