{
  "Accuracy": 0.999403471794158,
  "Macro Precision": 0.7924991106915399,
  "Macro Recall": 0.7198200243812017,
  "Macro F1": 0.7431887797203305,
  "False Alarms": 1,
  "False Alarm Rate": 4.792944785276074e-05,
  "Missed Attacks": 20,
  "Detection Rate": 0.9993201441294446,
  "Confusion Matrix (actual_pred)": [
    [
      20863,
      1,
      0,
      0,
      0,
      0
    ],
    [
      1,
      7,
      0,
      0,
      0,
      0
    ],
    [
      1,
      0,
      4,
      4,
      0,
      0
    ],
    [
      0,
      0,
      4,
      10,
      0,
      0
    ],
    [
      5,
      0,
      0,
      0,
      2,
      0
    ],
    [
      13,
      0,
      0,
      0,
      1,
      29375
    ]
  ],
  "missclassified_indices": [
    8670,
    9327,
    9711,
    9943,
    10366,
    10367,
    10368,
    11693,
    11700,
    11702,
    11737,
    12806,
    12808,
    12825,
    12891,
    12914,
    15788,
    15943,
    45847,
    45851,
    45852,
    45866,
    45869,
    45870,
    45871,
    45872,
    45873,
    45890,
    46115,
    46117
  ],
  "real_flow_indices": [
    21649,
    23251,
    24136,
    24685,
    25735,
    25736,
    25739,
    29039,
    29049,
    29056,
    29136,
    31974,
    31981,
    32016,
    32189,
    32259,
    39483,
    39857,
    114604,
    114612,
    114614,
    114645,
    114649,
    114651,
    114653,
    114655,
    114657,
    114702,
    115296,
    115300
  ],
  "y_pred": [
    0,
    1,
    3,
    0,
    3,
    3,
    3,
    2,
    2,
    2,
    2,
    0,
    0,
    0,
    0,
    0,
    0,
    4,
    0,
    0,
    0,
    0,
    0,
    0,
    0,
    0,
    0,
    0,
    0,
    0
  ],
  "y_true": [
    1,
    0,
    2,
    2,
    2,
    2,
    2,
    3,
    3,
    3,
    3,
    4,
    4,
    4,
    4,
    4,
    5,
    5,
    5,
    5,
    5,
    5,
    5,
    5,
    5,
    5,
    5,
    5,
    5,
    5
  ]
}