{
  "Accuracy": 0.9984898762095893,
  "Macro Precision": 0.6062334950146674,
  "Macro Recall": 0.8701990158882507,
  "Macro F1": 0.6784285613332767,
  "False Alarms": 53,
  "False Alarm Rate": 0.002535885167464115,
  "Missed Attacks": 20,
  "Detection Rate": 0.9993202827623708,
  "Confusion Matrix (actual_pred)": [
    [
      20847,
      3,
      16,
      12,
      19,
      3
    ],
    [
      0,
      7,
      1,
      0,
      0,
      0
    ],
    [
      2,
      0,
      7,
      0,
      0,
      0
    ],
    [
      6,
      0,
      0,
      8,
      0,
      0
    ],
    [
      0,
      0,
      0,
      0,
      7,
      0
    ],
    [
      12,
      0,
      2,
      0,
      0,
      29375
    ]
  ],
  "missclassified_indices": [
    8084,
    8085,
    8117,
    8235,
    8296,
    8323,
    8683,
    8714,
    9308,
    9359,
    9360,
    9361,
    9485,
    9748,
    9755,
    9797,
    9854,
    9871,
    9879,
    9973,
    10181,
    10327,
    11729,
    11732,
    11734,
    11738,
    11739,
    11746,
    11767,
    11768,
    11769,
    11774,
    11775,
    11794,
    12150,
    12712,
    12728,
    12836,
    12922,
    12933,
    12947,
    12948,
    12949,
    14215,
    15070,
    15071,
    15185,
    15454,
    15816,
    15949,
    15965,
    26446,
    26461,
    37272,
    45353,
    45527,
    45682,
    45856,
    45871,
    45872,
    45873,
    45874,
    45887,
    45889,
    45891,
    46035,
    46037,
    46139,
    46141,
    46142,
    46566,
    46949,
    48491,
    49369,
    49415,
    49850
  ],
  "real_flow_indices": [
    20159,
    20160,
    20247,
    20539,
    20670,
    20730,
    21585,
    21649,
    23133,
    23250,
    23252,
    23254,
    23524,
    24136,
    24153,
    24266,
    24389,
    24429,
    24442,
    24688,
    25215,
    25564,
    29049,
    29058,
    29061,
    29067,
    29070,
    29089,
    29136,
    29137,
    29143,
    29158,
    29160,
    29215,
    30110,
    31613,
    31662,
    31968,
    32192,
    32223,
    32261,
    32262,
    32263,
    35497,
    37677,
    37678,
    37952,
    38596,
    39483,
    39819,
    39857,
    66086,
    66119,
    93042,
    113315,
    113742,
    114152,
    114570,
    114608,
    114612,
    114614,
    114616,
    114647,
    114655,
    114661,
    115033,
    115037,
    115298,
    115300,
    115304,
    116329,
    117244,
    121213,
    123475,
    123584,
    124654
  ],
  "y_pred": [
    4,
    4,
    4,
    4,
    4,
    4,
    2,
    2,
    2,
    2,
    2,
    3,
    2,
    0,
    2,
    2,
    2,
    3,
    2,
    0,
    4,
    4,
    0,
    0,
    0,
    3,
    3,
    3,
    0,
    0,
    3,
    3,
    3,
    0,
    2,
    2,
    1,
    4,
    4,
    4,
    4,
    4,
    4,
    2,
    3,
    3,
    4,
    2,
    2,
    4,
    2,
    5,
    5,
    5,
    1,
    2,
    4,
    3,
    0,
    0,
    0,
    0,
    0,
    0,
    0,
    0,
    0,
    0,
    0,
    0,
    3,
    2,
    4,
    4,
    2,
    1
  ],
  "y_true": [
    0,
    0,
    0,
    0,
    0,
    0,
    0,
    1,
    0,
    0,
    0,
    0,
    0,
    2,
    0,
    0,
    0,
    0,
    0,
    2,
    0,
    0,
    3,
    3,
    3,
    0,
    0,
    0,
    3,
    3,
    0,
    0,
    0,
    3,
    0,
    0,
    0,
    0,
    0,
    0,
    0,
    0,
    0,
    0,
    0,
    0,
    0,
    0,
    5,
    0,
    5,
    0,
    0,
    0,
    0,
    0,
    0,
    0,
    5,
    5,
    5,
    5,
    5,
    5,
    5,
    5,
    5,
    5,
    5,
    5,
    0,
    0,
    0,
    0,
    0,
    0
  ]
}