{
  "Accuracy": 0.9928615458034241,
  "Macro Precision": 0.4838474806588271,
  "Macro Recall": 0.7647949641270387,
  "Macro F1": 0.5272950848919633,
  "False Alarms": 332,
  "False Alarm Rate": 0.015912576687116563,
  "Missed Attacks": 25,
  "Detection Rate": 0.9991503823279524,
  "Confusion Matrix (actual_pred)": [
    [
      20532,
      4,
      89,
      218,
      18,
      3
    ],
    [
      0,
      7,
      1,
      0,
      0,
      0
    ],
    [
      5,
      0,
      4,
      0,
      0,
      0
    ],
    [
      4,
      0,
      0,
      10,
      0,
      0
    ],
    [
      3,
      0,
      0,
      0,
      4,
      0
    ],
    [
      13,
      0,
      0,
      1,
      0,
      29375
    ]
  ],
  "missclassified_indices": [
    32,
    53,
    54,
    165,
    173,
    501,
    561,
    620,
    641,
    999,
    1016,
    1017,
    1027,
    1074,
    2570,
    2571,
    2574,
    2575,
    3227,
    3367,
    3518,
    3571,
    4062,
    4371,
    4380,
    4381,
    4773,
    4790,
    4791,
    5123,
    5131,
    5132,
    5308,
    5455,
    5459,
    5460,
    5461,
    5706,
    5715,
    5963,
    6491,
    6497,
    6599,
    6600,
    6609,
    6874,
    6875,
    7044,
    7315,
    7459,
    7478,
    7508,
    7509,
    7634,
    7928,
    8040,
    8041,
    8042,
    8105,
    8336,
    8337,
    8429,
    8445,
    8670,
    8674,
    8675,
    8691,
    8697,
    8772,
    8773,
    8793,
    8794,
    8833,
    8946,
    8949,
    8954,
    8977,
    9104,
    9105,
    9215,
    9310,
    9326,
    9327,
    9405,
    9417,
    9418,
    9420,
    9421,
    9446,
    9448,
    9454,
    9536,
    9552,
    9612,
    9710,
    9711,
    9712,
    9750,
    9753,
    9817,
    9835,
    9943,
    9946,
    10055,
    10208,
    10209,
    10210,
    10211,
    10267,
    10363,
    10364,
    10365,
    10366,
    10367,
    10430,
    10431,
    10432,
    10462,
    10467,
    10468,
    10587,
    10632,
    10682,
    10683,
    10684,
    10793,
    10800,
    10973,
    10995,
    10998,
    10999,
    11039,
    11140,
    11141,
    11142,
    11236,
    11347,
    11430,
    11448,
    11676,
    11693,
    11700,
    11701,
    11702,
    11707,
    11708,
    11709,
    11716,
    11717,
    11718,
    11719,
    11720,
    11721,
    11737,
    11738,
    11739,
    11743,
    11746,
    11747,
    11748,
    11770,
    11771,
    11772,
    11838,
    11874,
    12061,
    12078,
    12079,
    12161,
    12177,
    12360,
    12383,
    12425,
    12468,
    12469,
    12475,
    12476,
    12512,
    12513,
    12702,
    12800,
    12808,
    12825,
    12891,
    12892,
    12893,
    12905,
    12915,
    12990,
    12991,
    13238,
    13307,
    13308,
    13309,
    13337,
    13352,
    13353,
    13426,
    13574,
    13575,
    13576,
    13657,
    13658,
    13710,
    13853,
    13896,
    13897,
    13998,
    14011,
    14019,
    14020,
    14039,
    14184,
    14396,
    14423,
    14502,
    14674,
    14703,
    14760,
    14766,
    14767,
    14791,
    14873,
    14874,
    14875,
    14915,
    14920,
    14921,
    15043,
    15044,
    15045,
    15046,
    15062,
    15068,
    15106,
    15107,
    15164,
    15288,
    15289,
    15290,
    15404,
    15410,
    15658,
    15703,
    15706,
    15707,
    15788,
    15790,
    15928,
    15942,
    15943,
    26035,
    37248,
    45350,
    45403,
    45505,
    45668,
    45698,
    45699,
    45760,
    45761,
    45831,
    45847,
    45851,
    45852,
    45853,
    45854,
    45866,
    45869,
    45870,
    45871,
    45872,
    45873,
    45890,
    45893,
    45894,
    46055,
    46056,
    46115,
    46117,
    46118,
    46228,
    46415,
    46428,
    46468,
    46504,
    46505,
    46506,
    46529,
    46544,
    46667,
    46668,
    46718,
    46728,
    46864,
    46907,
    47051,
    47052,
    47085,
    47132,
    47301,
    47445,
    47446,
    47447,
    47470,
    47487,
    47585,
    47935,
    47936,
    47961,
    47962,
    48008,
    48016,
    48195,
    48196,
    48309,
    48424,
    48441,
    48442,
    48504,
    48505,
    48700,
    48717,
    48785,
    48788,
    48789,
    48845,
    48846,
    48847,
    48864,
    48905,
    48911,
    48962,
    49090,
    49287,
    49288,
    49340,
    49375,
    49398,
    49661,
    49666,
    49747,
    49748,
    49759,
    49830,
    49834,
    49835,
    49944,
    49950,
    49989,
    50024,
    50025,
    50046,
    50228,
    50250,
    50254,
    50255,
    50257,
    50258
  ],