{
  "Accuracy": 0.9995231188030282,
  "Macro Precision": 0.8991398868747886,
  "Macro Recall": 0.8467938872177255,
  "Macro F1": 0.8589061549776426,
  "False Alarms": 3,
  "False Alarm Rate": 0.00014354066985645933,
  "Missed Attacks": 16,
  "Detection Rate": 0.9994561892461423,
  "Confusion Matrix (actual_pred)": [
    [
      20897,
      0,
      3,
      0,
      0,
      0
    ],
    [
      0,
      7,
      1,
      0,
      0,
      0
    ],
    [
      0,
      0,
      7,
      2,
      0,
      0
    ],
    [
      0,
      0,
      2,
      12,
      0,
      0
    ],
    [
      3,
      0,
      0,
      0,
      4,
      0
    ],
    [
      13,
      0,
      0,
      0,
      0,
      29376
    ]
  ],
  "missclassified_indices": [
    8714,
    9359,
    10394,
    10395,
    11729,
    11767,
    12712,
    12840,
    12931,
    12946,
    15816,
    45871,
    45872,
    45873,
    45874,
    45887,
    45889,
    45891,
    46035,
    46037,
    46139,
    46141,
    46142,
    46949
  ],
  "real_flow_indices": [
    21649,
    23250,
    25739,
    25740,
    29049,
    29136,
    31613,
    31974,
    32216,
    32260,
    39483,
    114608,
    114612,
    114614,
    114616,
    114647,
    114655,
    114661,
    115033,
    115037,
    115298,
    115300,
    115304,
    117244
  ],
  "y_pred": [
    2,
    2,
    3,
    3,
    2,
    2,
    2,
    0,
    0,
    0,
    0,
    0,
    0,
    0,
    0,
    0,
    0,
    0,
    0,
    0,
    0,
    0,
    0,
    2
  ],
  "y_true": [
    1,
    0,
    2,
    2,
    3,
    3,
    0,
    4,
    4,
    4,
    5,
    5,
    5,
    5,
    5,
    5,
    5,
    5,
    5,
    5,
    5,
    5,
    5,
    0
  ]
}