{
  "Accuracy": 0.9994832144063922,
  "Macro Precision": 0.9192849548112706,
  "Macro Recall": 0.8973584421688746,
  "Macro F1": 0.9019233330321798,
  "False Alarms": 4,
  "False Alarm Rate": 0.0001915341888527102,
  "Missed Attacks": 20,
  "Detection Rate": 0.999320305862362,
  "Confusion Matrix (actual_pred)": [
    [
      20880,
      0,
      4,
      0,
      0,
      0
    ],
    [
      2,
      6,
      0,
      0,
      0,
      0
    ],
    [
      1,
      0,
      7,
      1,
      0,
      0
    ],
    [
      0,
      0,
      0,
      14,
      0,
      0
    ],
    [
      1,
      0,
      0,
      0,
      6,
      0
    ],
    [
      16,
      0,
      1,
      0,
      0,
      29372
    ]
  ],
  "missclassified_indices": [
    8690,
    8691,
    10048,
    10504,
    11780,
    12819,
    15808,
    15959,
    45337,
    45338,
    45841,
    45842,
    45845,
    45857,
    45858,
    45860,
    46005,
    46007,
    46009,
    46021,
    46110,
    46112,
    46114,
    46117,
    46119,
    47094
  ],
  "real_flow_indices": [
    21649,
    21650,
    24927,
    26060,
    29216,
    31965,
    39483,
    39857,
    113314,
    113315,
    114604,
    114608,
    114616,
    114649,
    114655,
    114659,
    115033,
    115035,
    115037,
    115068,
    115296,
    115300,
    115302,
    115306,
    115308,
    117708
  ],
  "y_pred": [
    0,
    0,
    0,
    3,
    2,
    0,
    0,
    2,
    2,
    2,
    0,
    0,
    0,
    0,
    0,
    0,
    0,
    0,
    0,
    0,
    0,
    0,
    0,
    0,
    0,
    2
  ],
  "y_true": [
    1,
    1,
    2,
    2,
    0,
    4,
    5,
    5,
    0,
    0,
    5,
    5,
    5,
    5,
    5,
    5,
    5,
    5,
    5,
    5,
    5,
    5,
    5,
    5,
    5,
    0
  ]
}