{
  "Accuracy": 0.9932839231426471,
  "Macro Precision": 0.5094005176732996,
  "Macro Recall": 0.9156968513860861,
  "Macro F1": 0.5711385402927871,
  "False Alarms": 319,
  "False Alarm Rate": 0.015263157894736841,
  "Missed Attacks": 16,
  "Detection Rate": 0.9994562262098967,
  "Confusion Matrix (actual_pred)": [
    [
      20581,
      4,
      59,
      233,
      19,
      4
    ],
    [
      0,
      7,
      1,
      0,
      0,
      0
    ],
    [
      2,
      0,
      7,
      0,
      0,
      0
    ],
    [
      2,
      0,
      0,
      12,
      0,
      0
    ],
    [
      0,
      0,
      0,
      0,
      7,
      0
    ],
    [
      12,
      0,
      1,
      1,
      0,
      29375
    ]
  ],
  "missclassified_indices": [
    65,
    94,
    1026,
    2600,
    2601,
    3258,
    3590,
    3994,
    4563,
    5495,
    5498,
    5499,
    5500,
    5501,
    5503,
    5753,
    5756,
    5896,
    5897,
    6004,
    6227,
    6353,
    6731,
    6915,
    7540,
    7664,
    7806,
    7956,
    7957,
    8084,
    8085,
    8086,
    8087,
    8088,
    8117,
    8235,
    8296,
    8372,
    8462,
    8463,
    8479,
    8679,
    8683,
    8684,
    8714,
    8734,
    8865,
    8888,
    8923,
    8981,
    8982,
    9012,
    9013,
    9164,
    9169,
    9170,
    9172,
    9359,
    9360,
    9361,
    9363,
    9447,
    9460,
    9485,
    9494,
    9564,
    9623,
    9647,
    9748,
    9750,
    9751,
    9755,
    9783,
    9797,
    9854,
    9855,
    9864,
    9869,
    9870,
    9871,
    9872,
    9873,
    9879,
    9973,
    10086,
    10181,
    10235,
    10236,
    10274,
    10301,
    10302,
    10327,
    10460,
    10497,
    10623,
    10625,
    11002,
    11036,
    11070,
    11071,
    11101,
    11124,
    11173,
    11174,
    11269,
    11371,
    11540,
    11541,
    11585,
    11586,
    11587,
    11726,
    11729,
    11738,
    11739,
    11740,
    11741,
    11744,
    11746,
    11747,
    11767,
    11769,
    11771,
    11774,
    11775,
    11776,
    11777,
    11802,
    12141,
    12144,
    12149,
    12150,
    12189,
    12190,
    12191,
    12193,
    12194,
    12389,
    12433,
    12459,
    12460,
    12462,
    12505,
    12559,
    12702,
    12712,
    12728,
    12729,
    12833,
    12834,
    12835,
    12836,
    12922,
    12947,
    12948,
    12949,
    12950,
    13031,
    13033,
    13034,
    13035,
    13271,
    13339,
    13340,
    13376,
    13377,
    13380,
    13449,
    13450,
    13451,
    13602,
    13681,
    13698,
    13699,
    13767,
    13877,
    13878,
    13924,
    13963,
    14051,
    14052,
    14237,
    14452,
    14526,
    14527,
    14722,
    14786,
    14901,
    14902,
    14904,
    14905,
    14906,
    14948,
    15068,
    15069,
    15070,
    15071,
    15072,
    15132,
    15193,
    15194,
    15321,
    15323,
    15324,
    15350,
    15376,
    15388,
    15436,
    15446,
    15447,
    15628,
    15630,
    15686,
    15696,
    15734,
    15815,
    15816,
    15820,
    15949,
    15965,
    26446,
    26461,
    37272,
    45344,
    45353,
    45374,
    45434,
    45435,
    45436,
    45527,
    45528,
    45681,
    45707,
    45778,
    45795,
    45856,
    45871,
    45872,
    45873,
    45874,
    45875,
    45876,
    45887,
    45889,
    45891,
    45917,
    45920,
    46035,
    46037,
    46082,
    46139,
    46141,
    46142,
    46263,
    46265,
    46455,
    46456,
    46493,
    46495,
    46497,
    46533,
    46548,
    46565,
    46566,
    46569,
    46701,
    46741,
    46753,
    46754,
    46905,
    46928,
    46949,
    47090,
    47129,
    47132,
    47173,
    47236,
    47345,
    47348,
    47477,
    47478,
    47517,
    47518,
    47519,
    47520,
    47609,
    47629,
    47963,
    47984,
    47985,
    48014,
    48223,
    48225,
    48393,
    48518,
    48519,
    48585,
    48586,
    48589,
    48590,
    48591,
    48709,
    48724,
    48725,
    48791,
    48795,
    48862,
    48924,
    48972,
    49106,
    49107,
    49301,
    49369,
    49406,
    49408,
    49409,
    49415,
    49553,
    49555,
    49596,
    49670,
    49671,
    49773,
    49846,
    49850,
    49960,
    49966,
    49967,
    49968,
    49970,
    50009,
    50010,
    50046,
    50257,
    50283,
    50290,
    50292,
    50295
  ],