{
  "Accuracy": 0.995627198823319,
  "Macro Precision": 0.5267762425100455,
  "Macro Recall": 0.8112009543809894,
  "Macro F1": 0.577467243961825,
  "False Alarms": 190,
  "False Alarm Rate": 0.009097873970503736,
  "Missed Attacks": 23,
  "Detection Rate": 0.9992182188987083,
  "Confusion Matrix (actual_pred)": [
    [
      20694,
      0,
      26,
      149,
      13,
      2
    ],
    [
      0,
      6,
      2,
      0,
      0,
      0
    ],
    [
      4,
      0,
      5,
      0,
      0,
      0
    ],
    [
      2,
      0,
      0,
      12,
      0,
      0
    ],
    [
      2,
      0,
      0,
      0,
      5,
      0
    ],
    [
      15,
      3,
      2,
      0,
      0,
      29369
    ]
  ],
  "missclassified_indices": [
    75,
    189,
    638,
    3529,
    4401,
    5476,
    5477,
    5731,
    5732,
    5976,
    5979,
    5986,
    6504,
    6511,
    6893,
    7070,
    7334,
    7494,
    7521,
    7522,
    7936,
    8116,
    8117,
    8279,
    8350,
    8351,
    8441,
    8655,
    8656,
    8690,
    8708,
    8787,
    8904,
    8905,
    8992,
    8993,
    9149,
    9338,
    9339,
    9438,
    9469,
    9832,
    9850,
    9955,
    10067,
    10143,
    10218,
    10251,
    10280,
    10373,
    10374,
    10504,
    10696,
    10697,
    10806,
    10832,
    10979,
    11015,
    11105,
    11249,
    11357,
    11380,
    11460,
    11712,
    11722,
    11727,
    11729,
    11744,
    11751,
    11755,
    11756,
    11779,
    11877,
    12126,
    12194,
    12387,
    12439,
    12440,
    12481,
    12486,
    12531,
    12677,
    12693,
    12814,
    12819,
    12905,
    12911,
    12929,
    12930,
    13007,
    13347,
    13597,
    13679,
    13692,
    13733,
    13874,
    13924,
    14041,
    14042,
    14795,
    14906,
    14951,
    15072,
    15074,
    15075,
    15076,
    15087,
    15090,
    15091,
    15130,
    15193,
    15345,
    15381,
    15382,
    15440,
    15445,
    15627,
    15681,
    15683,
    15721,
    15731,
    15765,
    15808,
    15811,
    15812,
    15958,
    15959,
    15960,
    15961,
    15962,
    26044,
    26458,
    45337,
    45338,
    45423,
    45521,
    45694,
    45695,
    45697,
    45757,
    45758,
    45841,
    45842,
    45845,
    45846,
    45847,
    45857,
    45858,
    45860,
    45881,
    46005,
    46007,
    46009,
    46021,
    46049,
    46052,
    46081,
    46110,
    46112,
    46114,
    46117,
    46119,
    46234,
    46426,
    46427,
    46436,
    46467,
    46510,
    46526,
    46527,
    46664,
    46665,
    46868,
    46908,
    46924,
    47089,
    47132,
    47305,
    47445,
    47447,
    47469,
    47574,
    47883,
    47998,
    48178,
    48198,
    48382,
    48508,
    48509,
    48705,
    48719,
    48790,
    48857,
    48921,
    48969,
    48970,
    49142,
    49251,
    49303,
    49409,
    49661,
    49662,
    49668,
    49669,
    49753,
    49754,
    49764,
    49766,
    49842,
    49846,
    49948,
    49954,
    49958,
    49959,
    50020,
    50030,
    50267,
    50273,
    50277,
    50278
  ],
  "real_flow_indices": [
    232,
    539,
    1638,
    8975,
    11074,
    13788,
    13789,
    14438,
    14439,
    15109,
    15113,
    15126,
    16357,
    16376,
    17281,
    17655,
    18317,
    18737,
    18804,
    18805,
    19889,
    20294,
    20295,
    20670,
    20849,
    20851,
    21068,
    21576,
    21578,
    21649,
    21684,
    21864,
    22168,
    22169,
    22384,
    22385,
    22764,
    23252,
    23253,
    23473,
    23543,
    24389,
    24429,
    24688,
    24979,
    25173,
    25363,
    25445,
    25514,
    25734,
    25735,
    26060,
    26560,
    26561,
    26809,
    26881,
    27276,
    27349,
    27558,
    27923,
    28186,
    28254,
    28454,
    29041,
    29066,
    29087,
    29090,
    29136,
    29148,
    29159,
    29161,
    29214,
    29461,
    30093,
    30265,
    30794,
    30935,
    30936,
    31033,
    31049,
    31146,
    31548,
    31603,
    31953,
    31965,
    32189,
    32220,
    32261,
    32262,
    32453,
    33332,
    33937,
    34160,
    34198,
    34304,
    34670,
    34786,
    35067,
    35068,
    37042,
    37292,
    37397,
    37673,
    37676,
    37677,
    37678,
    37711,
    37715,
    37716,
    37828,
    37967,
    38326,
    38402,
    38403,
    38556,
    38573,
    39015,
    39164,
    39173,
    39267,
    39288,
    39369,
    39483,
    39487,
    39489,
    39856,
    39857,
    39860,
    39861,
    39862,
    65110,
    66119,
    113314,
    113315,
    113510,
    113742,
    114228,
    114229,
    114233,
    114379,
    114380,
    114604,
    114608,
    114616,
    114617,
    114619,
    114649,
    114655,
    114659,
    114704,
    115033,
    115035,
    115037,
    115068,
    115146,
    115154,
    115232,
    115296,
    115300,
    115302,
    115306,
    115308,
    115568,
    116038,
    116039,
    116060,
    116136,
    116230,
    116284,
    116285,
    116613,
    116614,
    117110,
    117206,
    117244,
    117694,
    117803,
    118207,
    118565,
    118569,
    118629,
    118953,
    119695,
    119987,
    120473,
    120525,
    120936,
    121292,
    121293,
    121806,
    121847,
    122042,
    122195,
    122363,
    122469,
    122470,
    122901,
    123138,
    123290,
    123566,
    124239,
    124241,
    124259,
    124260,
    124451,
    124452,
    124481,
    124483,
    124644,
    124653,
    124932,
    124946,
    124953,
    124955,
    125146,
    125166,
    125710,
    125723,
    125734,
    125735
  ],
  "y_pred": [
    3,
    3,
    2,
    3,
    3,
    3,
    3,
    3,
    3,
    3,
    3,
    3,
    3,
    3,
    3,
    3,
    3,
    3,
    3,
    3,
    3,
    2,
    3,
    4,
    3,
    3,
    3,
    3,
    3,
    2,
    2,
    3,
    3,
    3,
    3,
    3,
    3,
    2,
    2,
    4,
    3,
    2,
    3,
    0,
    3,
    2,
    3,
    2,
    3,
    0,
    0,
    0,
    3,
    3,
    3,
    3,
    3,
    3,
    3,
    3,
    3,
    3,
    3,
    3,
    3,
    3,
    3,
    0,
    3,
    3,
    3,
    0,
    3,
    3,
    2,
    3,
    3,
    3,
    3,
    3,
    3,
    3,
    3,
    3,
    0,
    0,
    4,
    4,
    4,
    3,
    3,
    3,
    3,
    2,
    3,
    3,
    3,
    3,
    3,
    3,
    3,
    3,
    3,
    3,
    3,
    3,
    4,
    3,
    3,
    3,
    2,
    4,
    3,
    3,
    2,
    3,
    3,
    2,
    3,
    2,
    2,
    3,
    2,
    3,
    3,
    3,
    2,
    1,
    1,
    1,
    5,
    5,
    4,
    2,
    3,
    2,
    3,
    3,
    3,
    3,
    3,
    0,
    0,
    0,
    3,
    3,
    0,
    0,
    0,
    3,
    0,
    0,
    0,
    0,
    3,
    3,
    3,
    0,
    0,
    0,
    0,
    0,
    3,
    3,
    3,
    2,
    2,
    3,
    3,
    3,
    3,
    3,
    3,
    3,
    2,
    3,
    2,
    3,
    2,
    4,
    2,
    3,
    3,
    3,
    3,
    3,
    3,
    3,
    3,
    3,
    3,
    3,
    3,
    3,
    3,
    3,
    3,
    4,
    3,
    3,
    3,
    3,
    2,
    3,
    3,
    3,
    3,
    3,
    2,
    2,
    3,
    3,
    3,
    3,
    4,
    4,
    4,
    2,
    3,
    3
  ],