{
  "Accuracy": 0.9988670469678599,
  "Macro Precision": 0.6922096205854759,
  "Macro Recall": 0.7278866610326614,
  "Macro F1": 0.6945358610066569,
  "False Alarms": 24,
  "False Alarm Rate": 0.0011492051331162612,
  "Missed Attacks": 30,
  "Detection Rate": 0.9989804241435563,
  "Confusion Matrix (actual_pred)": [
    [
      20860,
      0,
      7,
      6,
      9,
      2
    ],
    [
      0,
      6,
      2,
      0,
      0,
      0
    ],
    [
      6,
      0,
      3,
      0,
      0,
      0
    ],
    [
      6,
      0,
      0,
      8,
      0,
      0
    ],
    [
      2,
      0,
      0,
      0,
      5,
      0
    ],
    [
      16,
      0,
      0,
      0,
      1,
      29372
    ]
  ],
  "missclassified_indices": [
    5262,
    8279,
    8690,
    8708,
    9338,
    9339,
    9724,
    9725,
    9832,
    9955,
    10373,
    10374,
    10472,
    10504,
    11719,
    11722,
    11744,
    11745,
    11749,
    11751,
    11752,
    11755,
    11756,
    11779,
    12819,
    12905,
    12911,
    12929,
    12930,
    15345,
    15808,
    15959,
    26044,
    26458,
    45337,
    45338,
    45521,
    45841,
    45842,
    45845,
    45857,
    45858,
    45860,
    46005,
    46007,
    46009,
    46021,
    46110,
    46112,
    46114,
    46117,
    46119,
    46924,
    49846,
    50020,
    50030,
    50230
  ],
  "real_flow_indices": [
    13249,
    20670,
    21649,
    21684,
    23252,
    23253,
    24137,
    24140,
    24389,
    24688,
    25734,
    25735,
    25976,
    26060,
    29061,
    29066,
    29136,
    29137,
    29144,
    29148,
    29151,
    29159,
    29161,
    29214,
    31965,
    32189,
    32220,
    32261,
    32262,
    38326,
    39483,
    39857,
    65110,
    66119,
    113314,
    113315,
    113742,
    114604,
    114608,
    114616,
    114649,
    114655,
    114659,
    115033,
    115035,
    115037,
    115068,
    115296,
    115300,
    115302,
    115306,
    115308,
    117244,
    124653,
    125146,
    125166,
    125621
  ],
  "y_pred": [
    4,
    4,
    2,
    2,
    2,
    3,
    0,
    3,
    2,
    0,
    0,
    0,
    0,
    0,
    0,
    3,
    0,
    0,
    0,
    3,
    0,
    3,
    3,
    0,
    0,
    0,
    4,
    4,
    4,
    4,
    4,
    0,
    5,
    5,
    2,
    2,
    2,
    0,
    0,
    0,
    0,
    0,
    0,
    0,
    0,
    0,
    0,
    0,
    0,
    0,
    0,
    0,
    2,
    2,
    4,
    4,
    4
  ],
  "y_true": [
    0,
    0,
    1,
    1,
    0,
    0,
    2,
    0,
    0,
    2,
    2,
    2,
    2,
    2,
    3,
    0,
    3,
    3,
    3,
    0,
    3,
    0,
    0,
    3,
    4,
    4,
    0,
    0,
    0,
    0,
    5,
    5,
    0,
    0,
    0,
    0,
    0,
    5,
    5,
    5,
    5,
    5,
    5,
    5,
    5,
    5,
    5,
    5,
    5,
    5,
    5,
    5,
    0,
    0,
    0,
    0,
    0
  ]
}