{
  "Accuracy": 0.9991455878554255,
  "Macro Precision": 0.6663323941868424,
  "Macro Recall": 0.5505078688286825,
  "Macro F1": 0.5886778986884283,
  "False Alarms": 1,
  "False Alarm Rate": 4.784688995215311e-05,
  "Missed Attacks": 42,
  "Detection Rate": 0.9985727393210317,
  "Confusion Matrix (actual_pred)": [
    [
      20899,
      0,
      0,
      1,
      0,
      0
    ],
    [
      1,
      7,
      0,
      0,
      0,
      0
    ],
    [
      9,
      0,
      0,
      0,
      0,
      0
    ],
    [
      14,
      0,
      0,
      0,
      0,
      0
    ],
    [
      4,
      0,
      0,
      0,
      3,
      0
    ],
    [
      14,
      0,
      0,
      0,
      0,
      29375
    ]
  ],
  "missclassified_indices": [
    8714,
    9748,
    9749,
    9973,
    9974,
    10394,
    10395,
    10489,
    10490,
    10519,
    11729,
    11731,
    11732,
    11733,
    11734,
    11735,
    11736,
    11737,
    11767,
    11768,
    11769,
    11770,
    11772,
    11773,
    11794,
    12840,
    12923,
    12931,
    12932,
    15816,
    15965,
    45871,
    45872,
    45873,
    45874,
    45887,
    45889,
    45891,
    46035,
    46037,
    46139,
    46141,
    46142
  ],
  "real_flow_indices": [
    21649,
    24136,
    24138,
    24688,
    24689,
    25739,
    25740,
    25976,
    25977,
    26061,
    29049,
    29057,
    29058,
    29059,
    29061,
    29063,
    29064,
    29065,
    29136,
    29137,
    29143,
    29147,
    29155,
    29156,
    29215,
    31974,
    32194,
    32216,
    32222,
    39483,
    39857,
    114608,
    114612,
    114614,
    114616,
    114647,
    114655,
    114661,
    115033,
    115037,
    115298,
    115300,
    115304
  ],
  "y_pred": [
    0,
    0,
    0,
    0,
    0,
    0,
    0,
    0,
    0,
    0,
    0,
    0,
    0,
    0,
    0,
    0,
    0,
    0,
    0,
    0,
    3,
    0,
    0,
    0,
    0,
    0,
    0,
    0,
    0,
    0,
    0,
    0,
    0,
    0,
    0,
    0,
    0,
    0,
    0,
    0,
    0,
    0,
    0
  ],
  "y_true": [
    1,
    2,
    2,
    2,
    2,
    2,
    2,
    2,
    2,
    2,
    3,
    3,
    3,
    3,
    3,
    3,
    3,
    3,
    3,
    3,
    0,
    3,
    3,
    3,
    3,
    4,
    4,
    4,
    4,
    5,
    5,
    5,
    5,
    5,
    5,
    5,
    5,
    5,
    5,
    5,
    5,
    5,
    5
  ]
}