{
  "Accuracy": 0.9995628589027759,
  "Macro Precision": 0.9316094464703593,
  "Macro Recall": 0.9575447159971087,
  "Macro F1": 0.9419889826343257,
  "False Alarms": 6,
  "False Alarm Rate": 0.00028708133971291867,
  "Missed Attacks": 15,
  "Detection Rate": 0.9994902467205873,
  "Confusion Matrix (actual_pred)": [
    [
      20894,
      2,
      0,
      0,
      1,
      3
    ],
    [
      0,
      8,
      0,
      0,
      0,
      0
    ],
    [
      0,
      0,
      8,
      1,
      0,
      0
    ],
    [
      0,
      0,
      0,
      14,
      0,
      0
    ],
    [
      1,
      0,
      0,
      0,
      6,
      0
    ],
    [
      14,
      0,
      0,
      0,
      0,
      29375
    ]
  ],
  "missclassified_indices": [
    8117,
    9359,
    9973,
    12840,
    13774,
    15776,
    15816,
    15965,
    45840,
    45871,
    45872,
    45873,
    45874,
    45887,
    45889,
    45891,
    46035,
    46037,
    46139,
    46141,
    46142,
    46949
  ],
  "real_flow_indices": [
    20247,
    23250,
    24688,
    31974,
    34407,
    39376,
    39483,
    39857,
    114533,
    114608,
    114612,
    114614,
    114616,
    114647,
    114655,
    114661,
    115033,
    115037,
    115298,
    115300,
    115304,
    117244
  ],
  "y_pred": [
    4,
    1,
    3,
    0,
    5,
    5,
    0,
    0,
    5,
    0,
    0,
    0,
    0,
    0,
    0,
    0,
    0,
    0,
    0,
    0,
    0,
    1
  ],
  "y_true": [
    0,
    0,
    2,
    4,
    0,
    0,
    5,
    5,
    0,
    5,
    5,
    5,
    5,
    5,
    5,
    5,
    5,
    5,
    5,
    5,
    5,
    0
  ]
}