{
  "Accuracy": 0.9996221988029668,
  "Macro Precision": 0.9790229953865556,
  "Macro Recall": 0.9076507122118896,
  "Macro F1": 0.933596556974012,
  "False Alarms": 1,
  "False Alarm Rate": 4.792944785276074e-05,
  "Missed Attacks": 18,
  "Detection Rate": 0.9993883168518707,
  "Confusion Matrix (actual_pred)": [
    [
      20863,
      1,
      0,
      0,
      0,
      0
    ],
    [
      1,
      7,
      0,
      0,
      0,
      0
    ],
    [
      0,
      0,
      9,
      0,
      0,
      0
    ],
    [
      0,
      0,
      0,
      14,
      0,
      0
    ],
    [
      3,
      0,
      0,
      0,
      4,
      0
    ],
    [
      14,
      0,
      0,
      0,
      0,
      29375
    ]
  ],
  "missclassified_indices": [
    8670,
    9327,
    12806,
    12808,
    12825,
    15788,
    15943,
    45847,
    45851,
    45852,
    45866,
    45869,
    45870,
    45871,
    45872,
    45873,
    45890,
    46115,
    46117
  ],
  "real_flow_indices": [
    21649,
    23251,
    31974,
    31981,
    32016,
    39483,
    39857,
    114604,
    114612,
    114614,
    114645,
    114649,
    114651,
    114653,
    114655,
    114657,
    114702,
    115296,
    115300
  ],
  "y_pred": [
    0,
    1,
    0,
    0,
    0,
    0,
    0,
    0,
    0,
    0,
    0,
    0,
    0,
    0,
    0,
    0,
    0,
    0,
    0
  ],
  "y_true": [
    1,
    0,
    4,
    4,
    4,
    5,
    5,
    5,
    5,
    5,
    5,
    5,
    5,
    5,
    5,
    5,
    5,
    5,
    5
  ]
}