{
  "Accuracy": 0.9991449762382931,
  "Macro Precision": 0.7685896105416653,
  "Macro Recall": 0.738234695762706,
  "Macro F1": 0.7451557102434198,
  "False Alarms": 14,
  "False Alarm Rate": 0.0006710122699386503,
  "Missed Attacks": 28,
  "Detection Rate": 0.9990484605450962,
  "Confusion Matrix (actual_pred)": [
    [
      20850,
      1,
      5,
      7,
      1,
      0
    ],
    [
      0,
      7,
      1,
      0,
      0,
      0
    ],
    [
      4,
      0,
      5,
      0,
      0,
      0
    ],
    [
      6,
      0,
      0,
      8,
      0,
      0
    ],
    [
      4,
      0,
      0,
      0,
      3,
      0
    ],
    [
      14,
      0,
      0,
      0,
      0,
      29375
    ]
  ],
  "missclassified_indices": [
    7952,
    8041,
    8670,
    9327,
    9710,
    9711,
    9817,
    9943,
    9945,
    10364,
    10365,
    10800,
    11693,
    11694,
    11700,
    11701,
    11702,
    11737,
    11738,
    11739,
    11744,
    11746,
    11748,
    12806,
    12808,
    12825,
    12891,
    15788,
    15943,
    45847,
    45851,
    45852,
    45866,
    45869,
    45870,
    45871,
    45872,
    45873,
    45890,
    46115,
    46117,
    49375,
    50240
  ],
  "real_flow_indices": [
    19967,
    20158,
    21649,
    23251,
    24135,
    24136,
    24389,
    24685,
    24688,
    25732,
    25733,
    26827,
    29039,
    29040,
    29049,
    29052,
    29056,
    29136,
    29142,
    29143,
    29152,
    29159,
    29165,
    31974,
    31981,
    32016,
    32189,
    39483,
    39857,
    114604,
    114612,
    114614,
    114645,
    114649,
    114651,
    114653,
    114655,
    114657,
    114702,
    115296,
    115300,
    123512,
    125686
  ],
  "y_pred": [
    3,
    4,
    2,
    1,
    0,
    0,
    2,
    0,
    0,
    2,
    2,
    2,
    0,
    0,
    0,
    3,
    0,
    0,
    3,
    3,
    0,
    3,
    3,
    0,
    0,
    0,
    0,
    0,
    0,
    0,
    0,
    0,
    0,
    0,
    0,
    0,
    0,
    0,
    0,
    0,
    0,
    2,
    3
  ],
  "y_true": [
    0,
    0,
    1,
    0,
    2,
    2,
    0,
    2,
    2,
    0,
    0,
    0,
    3,
    3,
    3,
    0,
    3,
    3,
    0,
    0,
    3,
    0,
    0,
    4,
    4,
    4,
    4,
    5,
    5,
    5,
    5,
    5,
    5,
    5,
    5,
    5,
    5,
    5,
    5,
    5,
    5,
    0,
    0
  ]
}