{
  "Accuracy": 0.9987671750412599,
  "Macro Precision": 0.651636107293409,
  "Macro Recall": 0.7218792154741352,
  "Macro F1": 0.6658174775441684,
  "False Alarms": 33,
  "False Alarm Rate": 0.0015816717791411043,
  "Missed Attacks": 27,
  "Detection Rate": 0.9990824129141886,
  "Confusion Matrix (actual_pred)": [
    [
      20831,
      2,
      3,
      25,
      3,
      0
    ],
    [
      0,
      8,
      0,
      0,
      0,
      0
    ],
    [
      6,
      0,
      3,
      0,
      0,
      0
    ],
    [
      4,
      0,
      0,
      10,
      0,
      0
    ],
    [
      4,
      0,
      0,
      1,
      2,
      0
    ],
    [
      13,
      0,
      0,
      0,
      1,
      29375
    ]
  ],
  "missclassified_indices": [
    9215,
    9326,
    9327,
    9710,
    9711,
    9817,
    9943,
    9945,
    10267,
    10366,
    10367,
    10682,
    10683,
    10684,
    11693,
    11700,
    11701,
    11702,
    11707,
    11708,
    11709,
    11717,
    11719,
    11720,
    11737,
    11738,
    11739,
    11743,
    11746,
    11747,
    11748,
    12702,
    12806,
    12808,
    12825,
    12891,
    12892,
    12914,
    12915,
    13352,
    13426,
    15044,
    15788,
    15943,
    45847,
    45851,
    45852,
    45866,
    45869,
    45870,
    45871,
    45872,
    45873,
    45890,
    46115,
    46117,
    48469,
    49398,
    49747,
    49834,
    50257,
    50258
  ],
  "real_flow_indices": [
    22957,
    23250,
    23251,
    24135,
    24136,
    24389,
    24685,
    24688,
    25513,
    25735,
    25736,
    26559,
    26561,
    26562,
    29039,
    29049,
    29052,
    29056,
    29069,
    29070,
    29072,
    29086,
    29089,
    29092,
    29136,
    29142,
    29143,
    29149,
    29159,
    29162,
    29165,
    31661,
    31974,
    31981,
    32016,
    32189,
    32192,
    32259,
    32263,
    33401,
    33581,
    37674,
    39483,
    39857,
    114604,
    114612,
    114614,
    114645,
    114649,
    114651,
    114653,
    114655,
    114657,
    114702,
    115296,
    115300,
    121183,
    123566,
    124451,
    124653,
    125734,
    125735
  ],
  "y_pred": [
    3,
    1,
    1,
    0,
    0,
    2,
    0,
    0,
    3,
    0,
    0,
    3,
    3,
    3,
    0,
    0,
    3,
    0,
    3,
    3,
    3,
    3,
    3,
    3,
    0,
    3,
    3,
    3,
    3,
    3,
    3,
    2,
    0,
    0,
    0,
    0,
    4,
    3,
    3,
    3,
    4,
    3,
    4,
    0,
    0,
    0,
    0,
    0,
    0,
    0,
    0,
    0,
    0,
    0,
    0,
    0,
    4,
    3,
    3,
    2,
    3,
    3
  ],
  "y_true": [
    0,
    0,
    0,
    2,
    2,
    0,
    2,
    2,
    0,
    2,
    2,
    0,
    0,
    0,
    3,
    3,
    0,
    3,
    0,
    0,
    0,
    0,
    0,
    0,
    3,
    0,
    0,
    0,
    0,
    0,
    0,
    0,
    4,
    4,
    4,
    4,
    0,
    4,
    0,
    0,
    0,
    0,
    5,
    5,
    5,
    5,
    5,
    5,
    5,
    5,
    5,
    5,
    5,
    5,
    5,
    5,
    0,
    0,
    0,
    0,
    0,
    0
  ]
}