{
  "Accuracy": 0.9991648605118212,
  "Macro Precision": 0.7349661954264475,
  "Macro Recall": 0.8727607369221827,
  "Macro F1": 0.7809351199434659,
  "False Alarms": 22,
  "False Alarm Rate": 0.0010544478527607362,
  "Missed Attacks": 17,
  "Detection Rate": 0.9994222403480152,
  "Confusion Matrix (actual_pred)": [
    [
      20842,
      8,
      2,
      0,
      9,
      3
    ],
    [
      0,
      8,
      0,
      0,
      0,
      0
    ],
    [
      1,
      0,
      6,
      2,
      0,
      0
    ],
    [
      0,
      0,
      0,
      14,
      0,
      0
    ],
    [
      3,
      0,
      0,
      0,
      4,
      0
    ],
    [
      13,
      0,
      0,
      0,
      1,
      29375
    ]
  ],
  "missclassified_indices": [
    8041,
    8674,
    8675,
    8676,
    8677,
    8691,
    8692,
    8946,
    9326,
    9327,
    9664,
    9711,
    9817,
    10366,
    10367,
    11739,
    12118,
    12702,
    12806,
    12808,
    12825,
    12892,
    14182,
    15659,
    15788,
    15943,
    45402,
    45529,
    45847,
    45851,
    45852,
    45866,
    45869,
    45870,
    45871,
    45872,
    45873,
    45890,
    46115,
    46117,
    49834,
    49835
  ],
  "real_flow_indices": [
    20158,
    21662,
    21663,
    21664,
    21665,
    21692,
    21693,
    22310,
    23250,
    23251,
    24032,
    24136,
    24389,
    25735,
    25736,
    29143,
    30103,
    31661,
    31974,
    31981,
    32016,
    32192,
    35497,
    39179,
    39483,
    39857,
    113509,
    113795,
    114604,
    114612,
    114614,
    114645,
    114649,
    114651,
    114653,
    114655,
    114657,
    114702,
    115296,
    115300,
    124653,
    124655
  ],
  "y_pred": [
    4,
    1,
    1,
    5,
    5,
    1,
    5,
    4,
    1,
    1,
    4,
    3,
    2,
    3,
    0,
    4,
    4,
    1,
    0,
    0,
    0,
    4,
    2,
    4,
    0,
    4,
    4,
    4,
    0,
    0,
    0,
    0,
    0,
    0,
    0,
    0,
    0,
    0,
    0,
    0,
    1,
    1
  ],
  "y_true": [
    0,
    0,
    0,
    0,
    0,
    0,
    0,
    0,
    0,
    0,
    0,
    2,
    0,
    2,
    2,
    0,
    0,
    0,
    4,
    4,
    4,
    0,
    0,
    0,
    5,
    5,
    0,
    0,
    5,
    5,
    5,
    5,
    5,
    5,
    5,
    5,
    5,
    5,
    5,
    5,
    0,
    0
  ]
}