{
  "Accuracy": 0.9993840284539114,
  "Macro Precision": 0.7637640438419258,
  "Macro Recall": 0.9627639509531858,
  "Macro F1": 0.8380168811283123,
  "False Alarms": 15,
  "False Alarm Rate": 0.0007177033492822966,
  "Missed Attacks": 12,
  "Detection Rate": 0.9995921557964857,
  "Confusion Matrix (actual_pred)": [
    [
      20885,
      7,
      3,
      0,
      5,
      0
    ],
    [
      0,
      8,
      0,
      0,
      0,
      0
    ],
    [
      0,
      0,
      7,
      2,
      0,
      0
    ],
    [
      0,
      0,
      0,
      14,
      0,
      0
    ],
    [
      0,
      0,
      0,
      0,
      7,
      0
    ],
    [
      12,
      0,
      1,
      0,
      1,
      29375
    ]
  ],
  "missclassified_indices": [
    8117,
    8235,
    8296,
    9359,
    9854,
    9973,
    9974,
    12712,
    12728,
    12922,
    12947,
    14215,
    15816,
    15964,
    15965,
    45353,
    45871,
    45872,
    45873,
    45874,
    45887,
    45889,
    45891,
    46035,
    46037,
    46139,
    46141,
    46142,
    46949,
    47132,
    49850
  ],
  "real_flow_indices": [
    20247,
    20539,
    20670,
    23250,
    24389,
    24688,
    24689,
    31613,
    31662,
    32192,
    32261,
    35497,
    39483,
    39855,
    39857,
    113315,
    114608,
    114612,
    114614,
    114616,
    114647,
    114655,
    114661,
    115033,
    115037,
    115298,
    115300,
    115304,
    117244,
    117708,
    124654
  ],
  "y_pred": [
    4,
    4,
    4,
    1,
    2,
    3,
    3,
    1,
    1,
    4,
    4,
    1,
    4,
    2,
    2,
    1,
    0,
    0,
    0,
    0,
    0,
    0,
    0,
    0,
    0,
    0,
    0,
    0,
    1,
    2,
    1
  ],
  "y_true": [
    0,
    0,
    0,
    0,
    0,
    2,
    2,
    0,
    0,
    0,
    0,
    0,
    5,
    0,
    5,
    0,
    5,
    5,
    5,
    5,
    5,
    5,
    5,
    5,
    5,
    5,
    5,
    5,
    0,
    0,
    0
  ]
}