{
  "Accuracy": 0.9995227774353264,
  "Macro Precision": 0.8832055888223552,
  "Macro Recall": 0.8891002407281358,
  "Macro F1": 0.8719551901103856,
  "False Alarms": 5,
  "False Alarm Rate": 0.00023964723926380368,
  "Missed Attacks": 16,
  "Detection Rate": 0.9994562262098967,
  "Confusion Matrix (actual_pred)": [
    [
      20859,
      3,
      2,
      0,
      0,
      0
    ],
    [
      0,
      7,
      1,
      0,
      0,
      0
    ],
    [
      0,
      0,
      8,
      1,
      0,
      0
    ],
    [
      0,
      0,
      0,
      14,
      0,
      0
    ],
    [
      3,
      0,
      0,
      0,
      4,
      0
    ],
    [
      13,
      0,
      1,
      0,
      0,
      29375
    ]
  ],
  "missclassified_indices": [
    8670,
    8675,
    8677,
    9326,
    9327,
    9943,
    12806,
    12808,
    12825,
    14182,
    15788,
    15943,
    45847,
    45851,
    45852,
    45866,
    45869,
    45870,
    45871,
    45872,
    45873,
    45890,
    46115,
    46117
  ],
  "real_flow_indices": [
    21649,
    21663,
    21665,
    23250,
    23251,
    24685,
    31974,
    31981,
    32016,
    35497,
    39483,
    39857,
    114604,
    114612,
    114614,
    114645,
    114649,
    114651,
    114653,
    114655,
    114657,
    114702,
    115296,
    115300
  ],
  "y_pred": [
    2,
    1,
    1,
    2,
    1,
    3,
    0,
    0,
    0,
    2,
    0,
    2,
    0,
    0,
    0,
    0,
    0,
    0,
    0,
    0,
    0,
    0,
    0,
    0
  ],
  "y_true": [
    1,
    0,
    0,
    0,
    0,
    2,
    4,
    4,
    4,
    0,
    5,
    5,
    5,
    5,
    5,
    5,
    5,
    5,
    5,
    5,
    5,
    5,
    5,
    5
  ]
}