{
  "Accuracy": 0.9994037089304526,
  "Macro Precision": 0.8447797668432361,
  "Macro Recall": 0.8950117049892511,
  "Macro F1": 0.8490488158485316,
  "False Alarms": 8,
  "False Alarm Rate": 0.0003830683777054204,
  "Missed Attacks": 16,
  "Detection Rate": 0.9994561707623806,
  "Confusion Matrix (actual_pred)": [
    [
      20876,
      0,
      6,
      1,
      1,
      0
    ],
    [
      0,
      5,
      3,
      0,
      0,
      0
    ],
    [
      0,
      0,
      8,
      1,
      0,
      0
    ],
    [
      0,
      0,
      0,
      14,
      0,
      0
    ],
    [
      1,
      0,
      0,
      0,
      6,
      0
    ],
    [
      15,
      0,
      1,
      0,
      1,
      29372
    ]
  ],
  "missclassified_indices": [
    8279,
    8690,
    8691,
    8708,
    9832,
    9955,
    11722,
    11780,
    12819,
    15808,
    15959,
    45337,
    45338,
    45841,
    45842,
    45845,
    45857,
    45858,
    45860,
    46005,
    46007,
    46009,
    46021,
    46110,
    46112,
    46114,
    46117,
    46119,
    46924,
    49846
  ],
  "real_flow_indices": [
    20670,
    21649,
    21650,
    21684,
    24389,
    24688,
    29066,
    29216,
    31965,
    39483,
    39857,
    113314,
    113315,
    114604,
    114608,
    114616,
    114649,
    114655,
    114659,
    115033,
    115035,
    115037,
    115068,
    115296,
    115300,
    115302,
    115306,
    115308,
    117244,
    124653
  ],
  "y_pred": [
    4,
    2,
    2,
    2,
    2,
    3,
    3,
    2,
    0,
    4,
    2,
    2,
    2,
    0,
    0,
    0,
    0,
    0,
    0,
    0,
    0,
    0,
    0,
    0,
    0,
    0,
    0,
    0,
    2,
    2
  ],
  "y_true": [
    0,
    1,
    1,
    1,
    0,
    2,
    0,
    0,
    4,
    5,
    5,
    0,
    0,
    5,
    5,
    5,
    5,
    5,
    5,
    5,
    5,
    5,
    5,
    5,
    5,
    5,
    5,
    5,
    0,
    0
  ]
}