{
  "Accuracy": 0.99938358752063,
  "Macro Precision": 0.776261101527059,
  "Macro Recall": 0.8913591378537892,
  "Macro F1": 0.8264279891882342,
  "False Alarms": 12,
  "False Alarm Rate": 0.0005751533742331289,
  "Missed Attacks": 16,
  "Detection Rate": 0.9994562262098967,
  "Confusion Matrix (actual_pred)": [
    [
      20852,
      2,
      4,
      0,
      6,
      0
    ],
    [
      0,
      8,
      0,
      0,
      0,
      0
    ],
    [
      0,
      0,
      7,
      2,
      0,
      0
    ],
    [
      0,
      0,
      0,
      14,
      0,
      0
    ],
    [
      3,
      0,
      0,
      0,
      4,
      0
    ],
    [
      13,
      0,
      1,
      0,
      0,
      29375
    ]
  ],
  "missclassified_indices": [
    8946,
    9326,
    9327,
    9817,
    9943,
    10366,
    12118,
    12702,
    12806,
    12808,
    12825,
    12892,
    14182,
    15659,
    15788,
    15943,
    45402,
    45529,
    45847,
    45851,
    45852,
    45866,
    45869,
    45870,
    45871,
    45872,
    45873,
    45890,
    46115,
    46117,
    49834
  ],
  "real_flow_indices": [
    22310,
    23250,
    23251,
    24389,
    24685,
    25735,
    30103,
    31661,
    31974,
    31981,
    32016,
    32192,
    35497,
    39179,
    39483,
    39857,
    113509,
    113795,
    114604,
    114612,
    114614,
    114645,
    114649,
    114651,
    114653,
    114655,
    114657,
    114702,
    115296,
    115300,
    124653
  ],
  "y_pred": [
    4,
    1,
    1,
    2,
    3,
    3,
    4,
    2,
    0,
    0,
    0,
    4,
    2,
    4,
    0,
    2,
    4,
    4,
    0,
    0,
    0,
    0,
    0,
    0,
    0,
    0,
    0,
    0,
    0,
    0,
    2
  ],
  "y_true": [
    0,
    0,
    0,
    0,
    2,
    2,
    0,
    0,
    4,
    4,
    4,
    0,
    0,
    0,
    5,
    5,
    0,
    0,
    5,
    5,
    5,
    5,
    5,
    5,
    5,
    5,
    5,
    5,
    5,
    5,
    0
  ]
}