{
  "Accuracy": 0.9994830088882702,
  "Macro Precision": 0.8401500516226544,
  "Macro Recall": 0.7780187653970151,
  "Macro F1": 0.784885432416237,
  "False Alarms": 2,
  "False Alarm Rate": 9.585889570552147e-05,
  "Missed Attacks": 16,
  "Detection Rate": 0.9994561337910874,
  "Confusion Matrix (actual_pred)": [
    [
      20862,
      1,
      1,
      0,
      0,
      0
    ],
    [
      0,
      7,
      1,
      0,
      0,
      0
    ],
    [
      0,
      0,
      2,
      7,
      0,
      0
    ],
    [
      0,
      0,
      0,
      14,
      0,
      0
    ],
    [
      3,
      0,
      0,
      0,
      4,
      0
    ],
    [
      13,
      0,
      0,
      0,
      0,
      29376
    ]
  ],
  "missclassified_indices": [
    8670,
    9326,
    9327,
    9710,
    9711,
    9943,
    9945,
    10366,
    10367,
    10368,
    12806,
    12808,
    12825,
    15788,
    45847,
    45851,
    45852,
    45866,
    45869,
    45870,
    45871,
    45872,
    45873,
    45890,
    46115,
    46117
  ],
  "real_flow_indices": [
    21649,
    23250,
    23251,
    24135,
    24136,
    24685,
    24688,
    25735,
    25736,
    25739,
    31974,
    31981,
    32016,
    39483,
    114604,
    114612,
    114614,
    114645,
    114649,
    114651,
    114653,
    114655,
    114657,
    114702,
    115296,
    115300
  ],
  "y_pred": [
    2,
    2,
    1,
    3,
    3,
    3,
    3,
    3,
    3,
    3,
    0,
    0,
    0,
    0,
    0,
    0,
    0,
    0,
    0,
    0,
    0,
    0,
    0,
    0,
    0,
    0
  ],
  "y_true": [
    1,
    0,
    0,
    2,
    2,
    2,
    2,
    2,
    2,
    2,
    4,
    4,
    4,
    5,
    5,
    5,
    5,
    5,
    5,
    5,
    5,
    5,
    5,
    5,
    5,
    5
  ]
}