{
  "Accuracy": 0.9990661076559302,
  "Macro Precision": 0.7218799063105944,
  "Macro Recall": 0.6099735535552866,
  "Macro F1": 0.6471416341703004,
  "False Alarms": 9,
  "False Alarm Rate": 0.000430622009569378,
  "Missed Attacks": 38,
  "Detection Rate": 0.9987086689095048,
  "Confusion Matrix (actual_pred)": [
    [
      20891,
      0,
      0,
      2,
      0,
      7
    ],
    [
      1,
      7,
      0,
      0,
      0,
      0
    ],
    [
      9,
      0,
      0,
      0,
      0,
      0
    ],
    [
      13,
      0,
      0,
      1,
      0,
      0
    ],
    [
      2,
      0,
      0,
      0,
      5,
      0
    ],
    [
      13,
      0,
      0,
      0,
      0,
      29376
    ]
  ],
  "missclassified_indices": [
    8714,
    9748,
    9749,
    9973,
    9974,
    10394,
    10395,
    10489,
    10490,
    10519,
    10827,
    11729,
    11731,
    11732,
    11733,
    11734,
    11735,
    11736,
    11767,
    11768,
    11769,
    11770,
    11772,
    11773,
    11774,
    11794,
    12840,
    12931,
    13774,
    15776,
    15816,
    45353,
    45840,
    45871,
    45872,
    45873,
    45874,
    45887,
    45889,
    45891,
    46035,
    46037,
    46139,
    46141,
    46142,
    46545,
    47491
  ],
  "real_flow_indices": [
    21649,
    24136,
    24138,
    24688,
    24689,
    25739,
    25740,
    25976,
    25977,
    26061,
    26813,
    29049,
    29057,
    29058,
    29059,
    29061,
    29063,
    29064,
    29136,
    29137,
    29143,
    29147,
    29155,
    29156,
    29158,
    29215,
    31974,
    32216,
    34407,
    39376,
    39483,
    113315,
    114533,
    114608,
    114612,
    114614,
    114616,
    114647,
    114655,
    114661,
    115033,
    115037,
    115298,
    115300,
    115304,
    116274,
    118602
  ],
  "y_pred": [
    0,
    0,
    0,
    0,
    0,
    0,
    0,
    0,
    0,
    0,
    5,
    0,
    0,
    0,
    0,
    0,
    0,
    0,
    0,
    0,
    3,
    0,
    0,
    0,
    3,
    0,
    0,
    0,
    5,
    5,
    0,
    5,
    5,
    0,
    0,
    0,
    0,
    0,
    0,
    0,
    0,
    0,
    0,
    0,
    0,
    5,
    5
  ],
  "y_true": [
    1,
    2,
    2,
    2,
    2,
    2,
    2,
    2,
    2,
    2,
    0,
    3,
    3,
    3,
    3,
    3,
    3,
    3,
    3,
    3,
    0,
    3,
    3,
    3,
    0,
    3,
    4,
    4,
    0,
    0,
    5,
    0,
    0,
    5,
    5,
    5,
    5,
    5,
    5,
    5,
    5,
    5,
    5,
    5,
    5,
    0,
    0
  ]
}