{
  "Accuracy": 0.9995231188030282,
  "Macro Precision": 0.8265846024401772,
  "Macro Recall": 0.9152303192067892,
  "Macro F1": 0.8606401689810449,
  "False Alarms": 5,
  "False Alarm Rate": 0.00023923444976076556,
  "Missed Attacks": 12,
  "Detection Rate": 0.9995921142080217,
  "Confusion Matrix (actual_pred)": [
    [
      20895,
      5,
      0,
      0,
      0,
      0
    ],
    [
      0,
      8,
      0,
      0,
      0,
      0
    ],
    [
      0,
      0,
      7,
      2,
      0,
      0
    ],
    [
      0,
      0,
      4,
      10,
      0,
      0
    ],
    [
      0,
      0,
      0,
      0,
      7,
      0
    ],
    [
      12,
      0,
      0,
      0,
      1,
      29376
    ]
  ],
  "missclassified_indices": [
    9359,
    10394,
    10395,
    11729,
    11767,
    11768,
    11794,
    12712,
    12728,
    15816,
    45871,
    45872,
    45873,
    45874,
    45887,
    45889,
    45891,
    46035,
    46037,
    46139,
    46141,
    46142,
    46949,
    49850
  ],
  "real_flow_indices": [
    23250,
    25739,
    25740,
    29049,
    29136,
    29137,
    29215,
    31613,
    31662,
    39483,
    114608,
    114612,
    114614,
    114616,
    114647,
    114655,
    114661,
    115033,
    115037,
    115298,
    115300,
    115304,
    117244,
    124654
  ],
  "y_pred": [
    1,
    3,
    3,
    2,
    2,
    2,
    2,
    1,
    1,
    4,
    0,
    0,
    0,
    0,
    0,
    0,
    0,
    0,
    0,
    0,
    0,
    0,
    1,
    1
  ],
  "y_true": [
    0,
    2,
    2,
    3,
    3,
    3,
    3,
    0,
    0,
    5,
    5,
    5,
    5,
    5,
    5,
    5,
    5,
    5,
    5,
    5,
    5,
    5,
    0,
    0
  ]
}