{
  "accuracy": 0.9999801299501262,
  "precision": 0.9333333333333333,
  "recall": 1.0,
  "f1": 0.9655172413793104,
  "confusion_matrix": [
    [
      50312,
      1
    ],
    [
      0,
      14
    ]
  ],
  "misclassified_samples": {
    "total_misclassified": 1,
    "per_phase": {
      "0": 0,
      "1": 0,
      "2": 1,
      "3": 0,
      "4": 0,
      "5": 0
    }
  }
}