{
  "accuracy": 0.9997019492518926,
  "precision": 0.9999319218462795,
  "recall": 0.9995576576270033,
  "f1": 0.9997447547092756,
  "confusion_matrix": [
    [
      20936,
      2
    ],
    [
      13,
      29376
    ]
  ],
  "misclassified_samples": {
    "total_misclassified": 15,
    "per_phase": {
      "0": 2,
      "1": 0,
      "2": 0,
      "3": 0,
      "4": 0,
      "5": 13
    }
  }
}