{
  "Accuracy": 0.9991257178055517,
  "Macro Precision": 0.9990174851689058,
  "Macro Recall": 0.9991830647992282,
  "Macro F1": 0.9991000273634781,
  "False Alarms": 10,
  "False Alarm Rate": 0.0004784688995215311,
  "Missed Attacks": 34,
  "Detection Rate": 0.998844598497978,
  "Confusion Matrix (actual_pred)": [
    [
      20890,
      10
    ],
    [
      34,
      29393
    ]
  ],
  "Misclassified Info": {
    "total_misclassified": 44,
    "per_phase": {
      "0": 10,
      "1": 0,
      "2": 4,
      "3": 13,
      "4": 4,
      "5": 13
    }
  }
}