{
  "accuracy": 0.9992250680549208,
  "precision": 0.9997279281730377,
  "recall": 0.9989465456893329,
  "f1": 0.9993370841903079,
  "confusion_matrix": [
    [
      20892,
      8
    ],
    [
      31,
      29396
    ]
  ],
  "misclassified_samples": {
    "total_misclassified": 39,
    "per_phase": {
      "0": 8,
      "1": 0,
      "2": 4,
      "3": 13,
      "4": 1,
      "5": 13
    }
  }
}