{
  "accuracy": 0.9942575555864646,
  "precision": 0.02702702702702703,
  "recall": 0.8888888888888888,
  "f1": 0.05245901639344262,
  "confusion_matrix": [
    [
      50030,
      288
    ],
    [
      1,
      8
    ]
  ],
  "misclassified_samples": {
    "total_misclassified": 289,
    "per_phase": {
      "0": 274,
      "1": 8,
      "2": 1,
      "3": 5,
      "4": 0,
      "5": 1
    }
  }
}