{
  "Accuracy": 0.9998609096508833,
  "Macro Precision": 0.7666666666666666,
  "Macro Recall": 0.9999304437687553,
  "Macro F1": 0.8477913064216965,
  "False Alarms": 7,
  "False Alarm Rate": 0.00013911246248931816,
  "Missed Attacks": 0,
  "Detection Rate": 1.0,
  "Confusion Matrix (actual_pred)": [
    [
      50312,
      7
    ],
    [
      0,
      8
    ]
  ],
  "Misclassified Info": {
    "total_misclassified": 7,
    "per_phase": {
      "0": 7,
      "1": 0,
      "2": 0,
      "3": 0,
      "4": 0,
      "5": 0
    }
  }
}