{
  "Accuracy": 0.9992466443843174,
  "Macro Precision": 0.8223165241824664,
  "Macro Recall": 0.9036449092848565,
  "Macro F1": 0.8563246566875788,
  "False Alarms": 108,
  "False Alarm Rate": 0.0006749746884491831,
  "Missed Attacks": 34,
  "Detection Rate": 0.9988063474231147,
  "Confusion Matrix (actual_pred)": [
    [
      159898,
      49,
      3,
      26,
      30
    ],
    [
      21,
      22556,
      0,
      0,
      0
    ],
    [
      0,
      0,
      11,
      0,
      0
    ],
    [
      12,
      0,
      0,
      13,
      0
    ],
    [
      1,
      0,
      0,
      0,
      5870
    ]
  ],
  "misclassified_indices": [
    7,
    63,
    537,
    593,
    594,
    609,
    610,
    740,
    1178,
    2006,
    2412,
    6058,
    9877,
    32744,
    32745,
    32747,
    48411,
    57227,
    63416,
    63417,
    63419,
    64000,
    88112,
    94946,
    94948,
    94958,
    94962,
    94973,
    95018,
    95031,
    95057,
    96125,
    121619,
    122157,
    122221,
    122272,
    122291,
    128142,
    128648,
    129781,
    129782,
    130896,
    132464,
    132700,
    132701,
    133034,
    133035,
    133382,
    133383,
    139993,
    140297,
    144878,
    144886,
    148616,
    148622,
    148626,
    148635,
    148639,
    148654,
    148708,
    148710,
    148719,
    148720,
    148721,
    148723,
    148724,
    148726,
    148727,
    148731,
    148733,
    148734,
    148739,
    148741,
    148743,
    148746,
    148750,
    148752,
    148756,
    148759,
    148762,
    149081,
    149082,
    149083,
    149616,
    150433,
    151706,
    152031,
    152711,
    152788,
    152789,
    152974,
    153005,
    153006,
    153046,
    153051,
    153868,
    153869,
    153882,
    153911,
    153931,
    153932,
    153956,
    153957,
    153984,
    154077,
    154078,
    154100,
    154396,
    154566,
    154568,
    154592,
    154735,
    155258,
    155384,
    160176,
    160274,
    160336,
    160454,
    160680,
    160682,
    160740,
    160741,
    160798,
    160940,
    160999,
    161000,
    161636,
    162134,
    163021,
    163303,
    163310,
    163689,
    163724,
    169701,
    170217,
    170218,
    170421,
    171043,
    171349,
    171516,
    179960,
    185872
  ],
  "real_flow_indices": [
    30,
    181,
    1394,
    1546,
    1549,
    1594,
    1598,
    1858,
    2947,
    5098,
    6155,
    15270,
    24961,
    82319,
    82323,
    82326,
    121171,
    143156,
    158680,
    158681,
    158684,
    160128,
    220241,
    237203,
    237206,
    237233,
    237240,
    237263,
    237382,
    237424,
    237486,
    240145,
    303957,
    305358,
    305517,
    305677,
    305718,
    320390,
    321687,
    324405,
    324406,
    327097,
    330879,
    331444,
    331445,
    332259,
    332260,
    333149,
    333150,
    349908,
    350599,
    362032,
    362060,
    371333,
    371339,
    371347,
    371370,
    371379,
    371416,
    371523,
    371526,
    371553,
    371556,
    371562,
    371569,
    371577,
    371580,
    371583,
    371599,
    371602,
    371605,
    371630,
    371633,
    371636,
    371639,
    371648,
    371654,
    371663,
    371669,
    371687,
    372439,
    372440,
    372442,
    373755,
    375845,
    379073,
    379903,
    381655,
    381823,
    381826,
    382269,
    382352,
    382353,
    382459,
    382475,
    384593,
    384594,
    384622,
    384685,
    384741,
    384742,
    384800,
    384801,
    384873,
    385107,
    385108,
    385147,
    385830,
    386319,
    386324,
    386398,
    386724,
    388004,
    388302,
    400291,
    400560,
    400715,
    401052,
    401716,
    401721,
    401869,
    401876,
    402009,
    402382,
    402549,
    402550,
    404054,
    405332,
    407546,
    408257,
    408266,
    409291,
    409371,
    424494,
    425780,
    425781,
    426286,
    427789,
    428526,
    428987,
    450149,
    464914
  ],
  "y_pred": [
    4,
    4,
    4,
    4,
    4,
    4,
    4,
    4,
    4,
    0,
    4,
    4,
    4,
    4,
    4,
    4,
    4,
    4,
    4,
    4,
    4,
    4,
    4,
    2,
    4,
    4,
    4,
    4,
    4,
    4,
    4,
    1,
    1,
    1,
    1,
    1,
    1,
    1,
    1,
    0,
    0,
    0,
    0,
    0,
    0,
    0,
    0,
    0,
    0,
    1,
    1,
    1,
    1,
    1,
    1,
    1,
    1,
    1,
    1,
    1,
    0,
    1,
    1,
    1,
    1,
    1,
    1,
    1,
    1,
    1,
    1,
    1,
    1,
    1,
    1,
    1,
    1,
    1,
    1,
    1,
    0,
    0,
    0,
    1,
    0,
    0,
    1,
    1,
    0,
    0,
    0,
    0,
    0,
    1,
    1,
    4,
    2,
    2,
    0,
    0,
    0,
    0,
    0,
    0,
    0,
    0,
    0,
    0,
    0,
    0,
    1,
    3,
    1,
    1,
    3,
    3,
    3,
    3,
    3,
    3,
    3,
    3,
    3,
    3,
    3,
    3,
    3,
    3,
    3,
    3,
    3,
    3,
    3,
    1,
    3,
    3,
    1,
    3,
    3,
    1,
    3,
    3
  ],
  "y_true": [
    0,
    0,
    0,
    0,
    0,
    0,
    0,
    0,
    0,
    4,
    0,
    0,
    0,
    0,
    0,
    0,
    0,
    0,
    0,
    0,
    0,
    0,
    0,
    0,
    0,
    0,
    0,
    0,
    0,
    0,
    0,
    0,
    0,
    0,
    0,
    0,
    0,
    0,
    0,
    1,
    1,
    1,
    1,
    1,
    1,
    1,
    1,
    1,
    1,
    0,
    0,
    0,
    0,
    0,
    0,
    0,
    0,
    0,
    0,
    0,
    1,
    0,
    0,
    0,
    0,
    0,
    0,
    0,
    0,
    0,
    0,
    0,
    0,
    0,
    0,
    0,
    0,
    0,
    0,
    0,
    1,
    1,
    1,
    0,
    1,
    1,
    0,
    0,
    1,
    1,
    1,
    1,
    1,
    0,
    0,
    0,
    0,
    0,
    3,
    3,
    3,
    3,
    3,
    3,
    3,
    3,
    3,
    3,
    3,
    3,
    0,
    0,
    0,
    0,
    0,
    0,
    0,
    0,
    0,
    0,
    0,
    0,
    0,
    0,
    0,
    0,
    0,
    0,
    0,
    0,
    0,
    0,
    0,
    0,
    0,
    0,
    0,
    0,
    0,
    0,
    0,
    0
  ]
}