{
  "Accuracy": 0.9980402823109326,
  "Macro Precision": 0.6865081744805167,
  "Macro Recall": 0.8568765169669348,
  "Macro F1": 0.7480699712620725,
  "False Alarms": 131,
  "False Alarm Rate": 0.0010743516984598226,
  "Missed Attacks": 150,
  "Detection Rate": 0.9930082968211056,
  "Confusion Matrix (actual_pred)": [
    [
      121803,
      88,
      3,
      39,
      1
    ],
    [
      133,
      21285,
      0,
      0,
      0
    ],
    [
      0,
      0,
      11,
      0,
      0
    ],
    [
      17,
      0,
      0,
      7,
      0
    ],
    [
      0,
      0,
      0,
      0,
      1
    ]
  ],
  "missclassified_indices": [
    691,
    2505,
    2506,
    7084,
    7085,
    8275,
    15743,
    16113,
    16847,
    18836,
    20375,
    21678,
    21680,
    21682,
    22433,
    27536,
    29096,
    29097,
    29098,
    29099,
    29100,
    29101,
    29102,
    29103,
    29115,
    29121,
    29122,
    29125,
    29126,
    29127,
    29128,
    29130,
    29132,
    32447,
    34708,
    34709,
    34786,
    34942,
    34945,
    35329,
    37280,
    38479,
    38480,
    39142,
    39530,
    39531,
    39931,
    43504,
    43797,
    45568,
    47226,
    49030,
    56011,
    59312,
    59315,
    59592,
    61222,
    61766,
    63930,
    64191,
    64192,
    64430,
    65091,
    70055,
    72840,
    73266,
    76313,
    76638,
    76754,
    76793,
    77057,
    77415,
    80258,
    80810,
    80811,
    80812,
    81101,
    81179,
    82204,
    85018,
    85019,
    85020,
    85021,
    86104,
    86276,
    87129,
    92656,
    93305,
    97306,
    98154,
    99945,
    99946,
    99960,
    99961,
    99963,
    99964,
    99967,
    99973,
    99976,
    99988,
    100010,
    100125,
    100128,
    100134,
    100135,
    100136,
    100137,
    100148,
    100213,
    100214,
    100215,
    100223,
    100224,
    100225,
    100226,
    100228,
    100233,
    100234,
    100235,
    100242,
    100244,
    100245,
    100247,
    100248,
    100249,
    100250,
    100311,
    102977,
    102978,
    102987,
    102989,
    102990,
    102991,
    102992,
    102993,
    102994,
    102995,
    102999,
    103001,
    103002,
    103008,
    103014,
    103015,
    103022,
    103024,
    103063,
    103073,
    105179,
    105180,
    105181,
    105182,
    105188,
    105189,
    105190,
    105193,
    105194,
    105195,
    105196,
    105197,
    105198,
    105199,
    105200,
    105201,
    105202,
    105203,
    105204,
    105205,
    105206,
    105211,
    105239,
    105288,
    105289,
    105296,
    105303,
    105348,
    105349,
    105350,
    105355,
    105363,
    105364,
    105414,
    105416,
    105417,
    105420,
    105483,
    105484,
    105539,
    105634,
    106124,
    106238,
    106291,
    106292,
    106361,
    106658,
    106701,
    106702,
    106706,
    106707,
    106708,
    106813,
    106814,
    106819,
    106927,
    106996,
    107078,
    107104,
    107105,
    107139,
    107279,
    107293,
    107379,
    107380,
    107394,
    107395,
    107397,
    107536,
    107700,
    107707,
    107709,
    108007,
    108009,
    108013,
    108014,
    108105,
    108111,
    108115,
    108161,
    108162,
    108163,
    108168,
    108199,
    108247,
    108250,
    108285,
    108532,
    108787,
    108788,
    108794,
    108805,
    108807,
    108809,
    108811,
    108812,
    108814,
    108815,
    108839,
    108867,
    108882,
    108883,
    108927,
    108957,
    109239,
    109374,
    109419,
    109420,
    109439,
    110670,
    112566,
    112567,
    112568,
    115350,
    115854,
    116250,
    116605,
    117919,
    118960,
    121154,
    123302,
    124741,
    125259,
    128149,
    128896,
    129203,
    131501,
    131621,
    131622,
    136172,
    139828,
    139829,
    141231,
    142760
  ],
  "real_flow_indices": [
    1743,
    6448,
    6449,
    17751,
    17752,
    20792,
    39521,
    40423,
    42181,
    46978,
    50989,
    54259,
    54262,
    54272,
    56176,
    68606,
    72621,
    72622,
    72625,
    72626,
    72630,
    72633,
    72634,
    72636,
    72665,
    72684,
    72685,
    72689,
    72690,
    72691,
    72693,
    72700,
    72709,
    80965,
    86770,
    86776,
    86943,
    87308,
    87314,
    88288,
    93194,
    96269,
    96270,
    97886,
    98826,
    98827,
    99781,
    108600,
    109297,
    113836,
    117829,
    122373,
    139869,
    148305,
    148310,
    149004,
    152990,
    154379,
    159975,
    160611,
    160612,
    161203,
    162801,
    175078,
    182051,
    183106,
    190828,
    191709,
    191978,
    192083,
    192728,
    193635,
    200629,
    202008,
    202009,
    202011,
    202730,
    202914,
    205459,
    212644,
    212646,
    212651,
    212652,
    215362,
    215746,
    217906,
    231622,
    233349,
    243167,
    245356,
    249861,
    249862,
    249895,
    249896,
    249902,
    249903,
    249913,
    249932,
    249939,
    249976,
    250018,
    250301,
    250310,
    250325,
    250332,
    250335,
    250338,
    250362,
    250539,
    250541,
    250546,
    250572,
    250573,
    250574,
    250576,
    250584,
    250600,
    250601,
    250608,
    250627,
    250637,
    250638,
    250644,
    250645,
    250648,
    250650,
    250805,
    257488,
    257489,
    257515,
    257522,
    257523,
    257524,
    257525,
    257526,
    257527,
    257533,
    257538,
    257545,
    257550,
    257562,
    257574,
    257575,
    257592,
    257605,
    257700,
    257728,
    262846,
    262847,
    262848,
    262851,
    262870,
    262872,
    262873,
    262881,
    262882,
    262884,
    262885,
    262886,
    262887,
    262889,
    262890,
    262894,
    262898,
    262899,
    262901,
    262903,
    262904,
    262913,
    262990,
    263115,
    263117,
    263130,
    263145,
    263273,
    263276,
    263277,
    263285,
    263297,
    263298,
    263433,
    263440,
    263443,
    263448,
    263625,
    263629,
    263759,
    263996,
    265242,
    265531,
    265669,
    265670,
    265853,
    266605,
    266735,
    266736,
    266741,
    266742,
    266743,
    267036,
    267039,
    267051,
    267324,
    267478,
    267685,
    267754,
    267755,
    267833,
    268171,
    268198,
    268389,
    268390,
    268436,
    268437,
    268445,
    268833,
    269297,
    269316,
    269328,
    270043,
    270047,
    270052,
    270058,
    270257,
    270269,
    270278,
    270411,
    270412,
    270414,
    270427,
    270495,
    270609,
    270613,
    270707,
    271293,
    271950,
    271951,
    271965,
    271996,
    271999,
    272007,
    272012,
    272013,
    272015,
    272016,
    272102,
    272170,
    272213,
    272214,
    272311,
    272399,
    273113,
    273456,
    273583,
    273584,
    273634,
    276667,
    281505,
    281506,
    281507,
    288517,
    289871,
    290813,
    291679,
    295022,
    297634,
    303069,
    308572,
    312208,
    313441,
    320522,
    322476,
    323229,
    328784,
    329085,
    329086,
    340431,
    349658,
    349660,
    353116,
    356863
  ],