{
  "Accuracy": 0.9996021009072099,
  "Macro Precision": 0.881823501705045,
  "Macro Recall": 0.8535002920654137,
  "Macro F1": 0.8585183136300151,
  "False Alarms": 39,
  "False Alarm Rate": 0.00024374085971776057,
  "Missed Attacks": 33,
  "Detection Rate": 0.9988413328183702,
  "Confusion Matrix (actual_pred)": [
    [
      159967,
      10,
      24,
      1,
      4
    ],
    [
      4,
      5867,
      0,
      0,
      0
    ],
    [
      15,
      0,
      22562,
      0,
      0
    ],
    [
      0,
      0,
      0,
      10,
      1
    ],
    [
      14,
      0,
      0,
      2,
      9
    ]
  ],
  "misclassified_indices": [
    6,
    615,
    630,
    1945,
    1978,
    2416,
    7841,
    32795,
    51100,
    57255,
    63419,
    63420,
    94958,
    96425,
    121551,
    121556,
    122096,
    122099,
    122101,
    122153,
    122166,
    122217,
    122218,
    122232,
    122234,
    122238,
    122269,
    122661,
    128418,
    129719,
    132592,
    133127,
    133128,
    136276,
    139676,
    139678,
    144688,
    144820,
    144830,
    148496,
    148498,
    148573,
    148576,
    148596,
    148970,
    150972,
    151647,
    151648,
    152760,
    153008,
    153871,
    153875,
    153896,
    153898,
    153911,
    153912,
    153915,
    153919,
    153920,
    153925,
    153928,
    153933,
    153957,
    153984,
    154004,
    154042,
    154074,
    154077,
    154099,
    154565,
    154592,
    157158,
    162132,
    162134,
    181534
  ],
  "real_flow_indices": [
    30,
    1549,
    1594,
    4964,
    5054,
    6155,
    19771,
    82319,
    127716,
    143156,
    158680,
    158681,
    237233,
    240875,
    303957,
    303968,
    305348,
    305358,
    305368,
    305488,
    305517,
    305676,
    305677,
    305716,
    305718,
    305728,
    305806,
    306767,
    321247,
    324406,
    331326,
    332697,
    332698,
    340789,
    349266,
    349268,
    361723,
    362032,
    362060,
    371339,
    371347,
    371523,
    371533,
    371569,
    372437,
    377413,
    379071,
    379073,
    381826,
    382458,
    384597,
    384606,
    384656,
    384659,
    384685,
    384688,
    384697,
    384704,
    384705,
    384714,
    384724,
    384741,
    384804,
    384873,
    384917,
    385014,
    385095,
    385108,
    385146,
    386324,
    386398,
    392748,
    405324,
    405332,
    454120
  ],
  "y_pred": [
    1,
    1,
    1,
    0,
    0,
    1,
    0,
    1,
    0,
    1,
    1,
    1,
    1,
    2,
    2,
    0,
    0,
    2,
    0,
    0,
    2,
    2,
    2,
    2,
    2,
    0,
    2,
    2,
    2,
    0,
    0,
    2,
    2,
    2,
    2,
    0,
    0,
    2,
    2,
    2,
    2,
    2,
    0,
    2,
    0,
    0,
    0,
    0,
    0,
    2,
    1,
    3,
    4,
    3,
    0,
    0,
    0,
    0,
    0,
    4,
    3,
    0,
    0,
    0,
    0,
    0,
    0,
    0,
    0,
    0,
    2,
    2,
    4,
    4,
    4
  ],
  "y_true": [
    0,
    0,
    0,
    1,
    1,
    0,
    1,
    0,
    1,
    0,
    0,
    0,
    0,
    0,
    0,
    2,
    2,
    0,
    2,
    2,
    0,
    0,
    0,
    0,
    0,
    2,
    0,
    0,
    0,
    2,
    2,
    0,
    0,
    0,
    0,
    2,
    2,
    0,
    0,
    0,
    0,
    0,
    2,
    0,
    2,
    2,
    2,
    2,
    2,
    0,
    0,
    0,
    3,
    4,
    4,
    4,
    4,
    4,
    4,
    0,
    4,
    4,
    4,
    4,
    4,
    4,
    4,
    4,
    4,
    4,
    0,
    0,
    0,
    0,
    0
  ]
}