{
  "Accuracy": 0.9987237425726002,
  "Macro Precision": 0.8552351521634766,
  "Macro Recall": 0.882548085435133,
  "Macro F1": 0.8675709686709816,
  "False Alarms": 103,
  "False Alarm Rate": 0.0008447192743615398,
  "Missed Attacks": 80,
  "Detection Rate": 0.996271091637923,
  "Confusion Matrix (actual_pred)": [
    [
      121831,
      88,
      2,
      13,
      0
    ],
    [
      66,
      21352,
      0,
      0,
      0
    ],
    [
      0,
      0,
      11,
      0,
      0
    ],
    [
      14,
      0,
      0,
      10,
      0
    ],
    [
      0,
      0,
      0,
      0,
      1
    ]
  ],
  "missclassified_indices": [
    3435,
    3436,
    3438,
    3439,
    5173,
    5174,
    5175,
    5176,
    7685,
    8821,
    20391,
    34708,
    34709,
    36679,
    43169,
    47987,
    56188,
    56189,
    58220,
    58829,
    59111,
    61076,
    61541,
    61544,
    61545,
    61546,
    61601,
    61766,
    63156,
    68025,
    72371,
    72634,
    73618,
    81376,
    82743,
    84615,
    84616,
    84999,
    85018,
    85019,
    85020,
    85021,
    85022,
    85514,
    85658,
    85659,
    85685,
    85997,
    86026,
    86036,
    86049,
    86108,
    86128,
    86134,
    86142,
    86213,
    86215,
    86216,
    86762,
    94500,
    99960,
    99961,
    99967,
    99976,
    100123,
    100128,
    100136,
    100148,
    100223,
    100224,
    100225,
    100228,
    100233,
    100234,
    100235,
    100244,
    100245,
    100249,
    100250,
    100256,
    102992,
    102993,
    103017,
    103063,
    103073,
    105180,
    105181,
    105182,
    105194,
    105195,
    105196,
    105197,
    105289,
    105348,
    105349,
    105350,
    105414,
    105416,
    105483,
    105484,
    106135,
    106291,
    106292,
    106361,
    106658,
    106701,
    106702,
    106706,
    106707,
    106813,
    106814,
    106819,
    106927,
    106996,
    106997,
    107104,
    107105,
    107176,
    107279,
    107293,
    107294,
    107310,
    107397,
    107536,
    107537,
    107700,
    108007,
    108008,
    108009,
    108014,
    108111,
    108115,
    108161,
    108162,
    108163,
    108247,
    108250,
    108532,
    108734,
    108807,
    108809,
    108811,
    108812,
    108814,
    108815,
    108816,
    108838,
    108882,
    108883,
    108927,
    108957,
    108977,
    109079,
    109239,
    109374,
    109437,
    109550,
    110802,
    111398,
    111655,
    114259,
    114260,
    114729,
    115477,
    115478,
    115533,
    115536,
    117029,
    121328,
    121370,
    124599,
    125295,
    128149,
    128652,
    128653,
    129607,
    130613,
    133023,
    133534,
    135612,
    137214,
    142760,
    142761
  ],
  "real_flow_indices": [
    8781,
    8782,
    8787,
    8789,
    13145,
    13146,
    13147,
    13148,
    19258,
    22226,
    51024,
    86770,
    86776,
    91694,
    107793,
    119718,
    140329,
    140330,
    145398,
    147057,
    147791,
    152667,
    153815,
    153820,
    153822,
    153827,
    153959,
    154379,
    157955,
    170168,
    180903,
    181557,
    184001,
    203442,
    206827,
    211598,
    211599,
    212586,
    212644,
    212646,
    212651,
    212652,
    212655,
    213892,
    214233,
    214234,
    214286,
    215093,
    215180,
    215208,
    215239,
    215371,
    215423,
    215441,
    215454,
    215603,
    215608,
    215609,
    216959,
    236321,
    249895,
    249896,
    249913,
    249939,
    250297,
    250310,
    250335,
    250362,
    250572,
    250573,
    250574,
    250584,
    250600,
    250601,
    250608,
    250637,
    250638,
    250648,
    250650,
    250663,
    257525,
    257526,
    257581,
    257700,
    257728,
    262847,
    262848,
    262851,
    262882,
    262884,
    262885,
    262886,
    263117,
    263273,
    263276,
    263277,
    263433,
    263440,
    263625,
    263629,
    265269,
    265669,
    265670,
    265853,
    266605,
    266735,
    266736,
    266741,
    266742,
    267036,
    267039,
    267051,
    267324,
    267478,
    267479,
    267754,
    267755,
    267915,
    268171,
    268198,
    268199,
    268244,
    268445,
    268833,
    268834,
    269297,
    270043,
    270044,
    270047,
    270058,
    270269,
    270278,
    270411,
    270412,
    270414,
    270609,
    270613,
    271293,
    271821,
    271999,
    272007,
    272012,
    272013,
    272015,
    272016,
    272020,
    272099,
    272213,
    272214,
    272311,
    272399,
    272438,
    272688,
    273113,
    273456,
    273631,
    273912,
    277012,
    278410,
    279077,
    285762,
    285763,
    286960,
    288853,
    288855,
    289014,
    289019,
    292783,
    303491,
    303592,
    311848,
    313529,
    320522,
    321831,
    321832,
    324215,
    326636,
    332531,
    333766,
    339038,
    343011,
    356863,
    356866
  ],
  "y_pred": [
    3,
    3,
    3,
    3,
    1,
    1,
    1,
    1,
    1,
    1,
    1,
    3,
    3,
    1,
    1,
    1,
    1,
    1,
    3,
    1,
    1,
    1,
    1,
    1,
    1,
    1,
    1,
    3,
    1,
    1,
    1,
    3,
    1,
    3,
    1,
    1,
    1,
    1,
    1,
    1,
    2,
    1,
    1,
    3,
    1,
    1,
    1,
    3,
    1,
    1,
    1,
    1,
    1,
    1,
    1,
    1,
    1,
    1,
    1,
    1,
    0,
    0,
    0,
    0,
    0,
    0,
    0,
    0,
    0,
    0,
    0,
    0,
    0,
    0,
    0,
    0,
    0,
    0,
    0,
    1,
    0,
    0,
    0,
    1,
    1,
    1,
    1,
    1,
    0,
    0,
    0,
    0,
    0,
    0,
    0,
    0,
    1,
    0,
    0,
    0,
    1,
    0,
    0,
    1,
    0,
    0,
    0,
    0,
    0,
    0,
    0,
    0,
    0,
    0,
    0,
    0,
    0,
    0,
    0,
    0,
    0,
    1,
    0,
    0,
    0,
    1,
    0,
    0,
    0,
    0,
    1,
    0,
    0,
    0,
    0,
    0,
    0,
    0,
    1,
    0,
    0,
    0,
    0,
    0,
    0,
    0,
    3,
    0,
    0,
    0,
    0,
    0,
    1,
    0,
    0,
    2,
    1,
    1,
    1,
    1,
    1,
    1,
    1,
    1,
    1,
    1,
    1,
    1,
    1,
    1,
    1,
    1,
    1,
    1,
    1,
    1,
    1,
    1,
    1,
    1,
    1,
    1,
    1
  ],
  "y_true": [
    0,
    0,
    0,
    0,
    0,
    0,
    0,
    0,
    0,
    0,
    0,
    0,
    0,
    0,
    0,
    0,
    0,
    0,
    0,
    0,
    0,
    0,
    0,
    0,
    0,
    0,
    0,
    0,
    0,
    0,
    0,
    0,
    0,
    0,
    0,
    0,
    0,
    0,
    0,
    0,
    0,
    0,
    0,
    0,
    0,
    0,
    0,
    0,
    0,
    0,
    0,
    0,
    0,
    0,
    0,
    0,
    0,
    0,
    0,
    0,
    1,
    1,
    1,
    1,
    1,
    1,
    1,
    1,
    1,
    1,
    1,
    1,
    1,
    1,
    1,
    1,
    1,
    1,
    1,
    0,
    1,
    1,
    1,
    0,
    0,
    0,
    0,
    0,
    1,
    1,
    1,
    1,
    1,
    1,
    1,
    1,
    0,
    1,
    1,
    1,
    0,
    1,
    1,
    0,
    1,
    1,
    1,
    1,
    1,
    1,
    1,
    1,
    1,
    1,
    1,
    1,
    1,
    1,
    1,
    1,
    1,
    0,
    1,
    1,
    1,
    0,
    1,
    1,
    1,
    1,
    0,
    1,
    1,
    1,
    1,
    1,
    1,
    1,
    0,
    3,
    3,
    3,
    3,
    3,
    3,
    3,
    0,
    3,
    3,
    3,
    3,
    3,
    0,
    3,
    3,
    0,
    0,
    0,
    0,
    0,
    0,
    0,
    0,
    0,
    0,
    0,
    0,
    0,
    0,
    0,
    0,
    0,
    0,
    0,
    0,
    0,
    0,
    0,
    0,
    0,
    0,
    0,
    0
  ]
}