{
  "Accuracy": 0.9996285565708343,
  "Macro Precision": 0.9305670906932848,
  "Macro Recall": 0.9677808944686677,
  "Macro F1": 0.946917238226648,
  "False Alarms": 58,
  "False Alarm Rate": 0.00036255438315747364,
  "Missed Attacks": 12,
  "Detection Rate": 0.9995786220942482,
  "Confusion Matrix (actual_pred)": [
    [
      159918,
      37,
      0,
      11,
      10
    ],
    [
      5,
      22572,
      0,
      0,
      0
    ],
    [
      0,
      0,
      11,
      0,
      0
    ],
    [
      4,
      0,
      0,
      21,
      0
    ],
    [
      3,
      0,
      0,
      0,
      5862
    ]
  ],
  "misclassified_indices": [
    232,
    580,
    1946,
    1965,
    19742,
    32698,
    32699,
    35259,
    57182,
    60518,
    63384,
    94918,
    96085,
    96382,
    96383,
    97162,
    122699,
    125095,
    125140,
    129739,
    130854,
    132558,
    132824,
    132887,
    132888,
    132889,
    132995,
    133027,
    133028,
    133059,
    133320,
    133349,
    133404,
    136173,
    136854,
    138050,
    144828,
    146425,
    147886,
    148611,
    148616,
    148619,
    148621,
    148630,
    148634,
    148638,
    148698,
    148699,
    148703,
    148738,
    148782,
    149591,
    152735,
    152892,
    153439,
    153826,
    153841,
    153842,
    153894,
    153895,
    154476,
    161216,
    161217,
    162167,
    163180,
    178935,
    178936,
    180235,
    180236,
    181442
  ],
  "real_flow_indices": [
    726,
    1597,
    5054,
    5098,
    49814,
    82319,
    82320,
    88701,
    143156,
    151570,
    158681,
    237240,
    240165,
    240875,
    240877,
    242835,
    306766,
    312791,
    312892,
    324405,
    327097,
    331262,
    331932,
    332098,
    332099,
    332100,
    332347,
    332438,
    332439,
    332525,
    333154,
    333233,
    333360,
    340459,
    342094,
    345096,
    362042,
    365936,
    369569,
    371333,
    371340,
    371343,
    371347,
    371366,
    371370,
    371375,
    371522,
    371523,
    371530,
    371615,
    371729,
    373756,
    381827,
    382269,
    383642,
    384703,
    384741,
    384742,
    384873,
    384874,
    386317,
    403281,
    403282,
    405690,
    408196,
    447696,
    447697,
    450934,
    450935,
    453936
  ],
  "y_pred": [
    4,
    4,
    0,
    0,
    0,
    4,
    4,
    4,
    4,
    4,
    4,
    4,
    1,
    1,
    1,
    1,
    1,
    1,
    1,
    0,
    0,
    1,
    1,
    1,
    1,
    1,
    1,
    1,
    1,
    1,
    1,
    1,
    1,
    0,
    1,
    1,
    1,
    1,
    1,
    1,
    1,
    1,
    1,
    1,
    1,
    1,
    1,
    1,
    1,
    1,
    4,
    1,
    0,
    0,
    1,
    3,
    0,
    0,
    0,
    0,
    3,
    3,
    3,
    3,
    3,
    3,
    3,
    3,
    3,
    3
  ],
  "y_true": [
    0,
    0,
    4,
    4,
    4,
    0,
    0,
    0,
    0,
    0,
    0,
    0,
    0,
    0,
    0,
    0,
    0,
    0,
    0,
    1,
    1,
    0,
    0,
    0,
    0,
    0,
    0,
    0,
    0,
    0,
    0,
    0,
    0,
    1,
    0,
    0,
    0,
    0,
    0,
    0,
    0,
    0,
    0,
    0,
    0,
    0,
    0,
    0,
    0,
    0,
    0,
    0,
    1,
    1,
    0,
    0,
    3,
    3,
    3,
    3,
    0,
    0,
    0,
    0,
    0,
    0,
    0,
    0,
    0,
    0
  ]
}