{"accuracy": [0.9984837770462036, 0.9999116659164429, 0.9999263882637024, 0.9998969435691833, 0.9999263882637024, 0.9999263882637024, 0.9999116659164429], "loss": [0.007419948000460863, 0.0007664169534109533, 0.00039298704359680414, 0.00022755532700102776, 0.0002194160915678367, 0.0001405062503181398, 0.00012837938265874982], "val_accuracy": [1.0, 1.0, 1.0, 0.9998674988746643, 1.0, 1.0, 0.9998674988746643], "val_loss": [2.6093692213180475e-05, 1.0620799912430812e-05, 1.8312515749130398e-05, 0.00011084345169365406, 0.00013625256542582065, 0.00011133076623082161, 0.0002048986207228154]}