{"accuracy": 0.9998013350286078, "precision": 1.0, "recall": 0.23076923076923078, "f1": 0.375, "confusion_matrix": [[50323, 0], [10, 3]]}