{"accuracy": [0.9897249937057495, 0.9365983605384827, 0.8008596897125244, 0.9292528033256531, 0.9571630358695984, 0.9667019844055176, 0.977138876914978, 0.9894158840179443, 0.9935523867607117, 0.9951274991035461, 0.9960401654243469, 0.9966437220573425, 0.9980274438858032, 0.9984690546989441, 0.9985132217407227, 0.9989253878593445, 0.9959518313407898, 0.9981746673583984, 0.9980716109275818, 0.9980568885803223, 0.9984248876571655, 0.9981305003166199, 0.9984837770462036, 0.9983659982681274, 0.9992933869361877, 0.9986898899078369, 0.9984984993934631], "loss": [1.4233736991882324, 0.7758244872093201, 0.4751933515071869, 0.22766660153865814, 0.20999521017074585, 0.1333553045988083, 0.06642505526542664, 0.028478574007749557, 0.01927325502038002, 0.011533185839653015, 0.010652515105903149, 0.008989100344479084, 0.006630484014749527, 0.004729457199573517, 0.0037756823003292084, 0.0260381568223238, 0.0648280456662178, 0.006147292442619801, 0.006579789333045483, 0.013521941378712654, 0.010056117549538612, 0.00505977775901556, 0.007874506525695324, 0.005010330118238926, 0.001768304267898202, 0.08159322291612625, 0.059512533247470856], "val_accuracy": [0.9919183850288391, 0.9964228868484497, 0.8906995058059692, 0.957207202911377, 0.9766825437545776, 0.9602543711662292, 0.9944356083869934, 0.9953629970550537, 0.9958929419517517, 0.9970853328704834, 0.99735027551651, 0.9988076090812683, 0.9985426664352417, 0.9986751675605774, 0.9990726113319397, 0.9911234974861145, 0.9988076090812683, 0.9988076090812683, 0.9990726113319397, 0.9985426664352417, 0.9982776641845703, 0.9988076090812683, 0.998410165309906, 0.998940110206604, 0.9996025562286377, 0.9988076090812683, 0.9982776641845703], "val_loss": [0.6621653437614441, 0.7610571384429932, 0.3955531716346741, 0.23834416270256042, 0.2182706743478775, 0.10084110498428345, 0.05491737276315689, 0.03313460946083069, 0.023327989503741264, 0.012180332094430923, 0.006706856191158295, 0.015473182313144207, 0.005242094863206148, 0.006021752022206783, 0.005141259636729956, 0.018766868859529495, 0.0036562003660947084, 0.00401276582852006, 0.004143015947192907, 0.005978358909487724, 0.0065548294223845005, 0.003610291052609682, 0.006723040249198675, 0.003932350315153599, 0.6537484526634216, 0.005491515155881643, 0.007730260491371155]}