{"accuracy": 0.9990662746344564, "precision": 0.14545454545454545, "recall": 1.0, "f1": 0.25396825396825395, "confusion_matrix": [[50281, 47], [0, 8]]}