{
  "accuracy": 0.684821268901385,
  "precision": 0.8305920559471011,
  "recall": 0.7614904226251792,
  "f1": 0.7342339790047724,
  "confusion_matrix": [
    [
      20934,
      0,
      0,
      1,
      1,
      15849
    ],
    [
      0,
      8,
      0,
      0,
      0,
      0
    ],
    [
      1,
      0,
      3,
      5,
      0,
      0
    ],
    [
      0,
      0,
      0,
      14,
      0,
      0
    ],
    [
      2,
      0,
      0,
      1,
      6,
      0
    ],
    [
      2,
      0,
      0,
      0,
      0,
      13500
    ]
  ],
  "misclassified_info": {}
}