{"accuracy": [0.9954665303230286, 0.9686042070388794, 0.9990726709365845, 0.9994259476661682, 0.9995142817497253, 0.9996172785758972, 0.9996614456176758, 0.9997056126594543, 0.9997497797012329, 0.9997939467430115, 0.9998233914375305, 0.9998528361320496, 0.999779224395752, 0.9997939467430115, 0.999779224395752, 0.9998233914375305], "loss": [1.289239764213562, 0.1295018196105957, 0.020337479189038277, 0.005243205465376377, 0.0025981406215578318, 0.001468829927034676, 0.0015875195385888219, 0.0011879723751917481, 0.0008697097073309124, 0.0007330348016694188, 0.000702854769770056, 0.1804852932691574, 0.0012754566268995404, 0.002337226876989007, 0.0009097114088945091, 0.0005302844801917672], "val_accuracy": [0.9691349864006042, 0.9998675584793091, 0.9997350573539734, 0.9998675584793091, 0.9998675584793091, 0.9998675584793091, 0.9997350573539734, 0.9997350573539734, 0.9998675584793091, 0.9998675584793091, 1.0, 0.9998675584793091, 0.9998675584793091, 0.9998675584793091, 0.9998675584793091, 1.0], "val_loss": [0.05004504323005676, 0.012822731398046017, 0.003686382668092847, 0.00098682870157063, 0.0005277169402688742, 0.0003250179870519787, 0.002731835935264826, 0.000562322442419827, 0.00022646028082817793, 0.00039832558832131326, 6.409850357158575e-06, 0.002372783375903964, 0.0001310781080974266, 0.00041639962000772357, 0.00013805707567371428, 8.08514050731901e-06]}