{"accuracy": 0.9999403969562712, "precision": 0.7692307692307693, "recall": 1.0, "f1": 0.8695652173913043, "confusion_matrix": [[50320, 3], [0, 10]]}