{"accuracy": [0.9990580081939697, 0.9998233914375305, 0.9998969435691833, 0.9999558329582214, 0.9999263882637024, 0.9999558329582214, 0.999970555305481, 0.9999558329582214, 0.9999558329582214, 0.9999411106109619, 0.9999558329582214, 0.9999411106109619, 0.9999411106109619], "loss": [0.008882611058652401, 0.0007380975293926895, 0.00038153998320922256, 0.0002292850404046476, 0.0002307867252966389, 0.0001786721550161019, 0.00013413098349701613, 0.00011845437984447926, 0.00031022942857816815, 0.00015145938959904015, 8.901044202502817e-05, 0.00013255051453597844, 0.00012971626711077988], "val_accuracy": [1.0, 1.0, 1.0, 1.0, 1.0, 1.0, 1.0, 1.0, 1.0, 1.0, 1.0, 1.0, 1.0], "val_loss": [5.424581468105316e-05, 4.625998190022074e-05, 3.187021138728596e-05, 5.923433855059557e-05, 2.9171048936404986e-06, 4.3858457843271026e-07, 1.1886268111993559e-05, 2.6650506454450884e-11, 2.082440914819017e-06, 1.856186599979992e-06, 2.43781443032276e-07, 7.283130685209471e-07, 9.207946618516871e-07]}