{"accuracy": 0.9999403969562712, "precision": 1.0, "recall": 0.7, "f1": 0.8235294117647058, "confusion_matrix": [[50323, 0], [3, 7]]}