{
  "accuracy": 0.9744866869784078,
  "micro_f1": 0.9744866869784078,
  "macro_f1": 0.5257935526114413,
  "false_alarms": 942,
  "false_alarm_rate": 0.060095693779904306,
  "missed_attacks": 12,
  "detection_rate": 0.9994562754870865,
  "classes": [
    "benign",
    "phase1",
    "phase2",
    "phase3",
    "phase4",
    "phase5"
  ],
  "per_class": {
    "benign": {
      "TP": 14733,
      "FP": 12,
      "FN": 942,
      "precision": 0.9991861648016277,
      "recall": 0.9399043062200957,
      "f1": 0.9686390532544379
    },
    "phase1": {
      "TP": 6,
      "FP": 4,
      "FN": 0,
      "precision": 0.6,
      "recall": 1.0,
      "f1": 0.7499999999999999
    },
    "phase2": {
      "TP": 2,
      "FP": 186,
      "FN": 4,
      "precision": 0.010638297872340425,
      "recall": 0.3333333333333333,
      "f1": 0.020618556701030927
    },
    "phase3": {
      "TP": 6,
      "FP": 14,
      "FN": 4,
      "precision": 0.3,
      "recall": 0.6,
      "f1": 0.4
    },
    "phase4": {
      "TP": 6,
      "FP": 740,
      "FN": 0,
      "precision": 0.00804289544235925,
      "recall": 1.0,
      "f1": 0.015957446808510637
    },
    "phase5": {
      "TP": 22029,
      "FP": 7,
      "FN": 13,
      "precision": 0.9996823379923762,
      "recall": 0.9994102168587242,
      "f1": 0.9995462589046691
    }
  },
  "confusion_matrix": [
    [
      14733,
      3,
      183,
      13,
      736,
      7
    ],
    [
      0,
      6,
      0,
      0,
      0,
      0
    ],
    [
      1,
      1,
      2,
      1,
      1,
      0
    ],
    [
      1,
      0,
      3,
      6,
      0,
      0
    ],
    [
      0,
      0,
      0,
      0,
      6,
      0
    ],
    [
      10,
      0,
      0,
      0,
      3,
      22029
    ]
  ]
}