{
  "accuracy": 0.9851371042522188,
  "micro_f1": 0.9851371042522188,
  "macro_f1": 0.4634208310013257,
  "false_alarms": 546,
  "false_alarm_rate": 0.034832535885167465,
  "missed_attacks": 12,
  "detection_rate": 0.9994562754870865,
  "classes": [
    "benign",
    "phase1",
    "phase2",
    "phase3",
    "phase4",
    "phase5"
  ],
  "per_class": {
    "benign": {
      "TP": 15129,
      "FP": 12,
      "FN": 546,
      "precision": 0.9992074499702793,
      "recall": 0.9651674641148326,
      "f1": 0.981892523364486
    },
    "phase1": {
      "TP": 6,
      "FP": 14,
      "FN": 0,
      "precision": 0.3,
      "recall": 1.0,
      "f1": 0.4615384615384615
    },
    "phase2": {
      "TP": 5,
      "FP": 168,
      "FN": 1,
      "precision": 0.028901734104046242,
      "recall": 0.8333333333333334,
      "f1": 0.055865921787709494
    },
    "phase3": {
      "TP": 10,
      "FP": 60,
      "FN": 0,
      "precision": 0.14285714285714285,
      "recall": 1.0,
      "f1": 0.25
    },
    "phase4": {
      "TP": 5,
      "FP": 306,
      "FN": 1,
      "precision": 0.01607717041800643,
      "recall": 0.8333333333333334,
      "f1": 0.031545741324921134
    },
    "phase5": {
      "TP": 22029,
      "FP": 1,
      "FN": 13,
      "precision": 0.9999546073536087,
      "recall": 0.9994102168587242,
      "f1": 0.999682337992376
    }
  },
  "confusion_matrix": [
    [
      15129,
      13,
      167,
      60,
      305,
      1
    ],
    [
      0,
      6,
      0,
      0,
      0,
      0
    ],
    [
      0,
      1,
      5,
      0,
      0,
      0
    ],
    [
      0,
      0,
      0,
      10,
      0,
      0
    ],
    [
      0,
      0,
      1,
      0,
      5,
      0
    ],
    [
      12,
      0,
      0,
      0,
      1,
      22029
    ]
  ]
}