{
  "accuracy": 0.9783547489733739,
  "micro_f1": 0.9783547489733739,
  "macro_f1": 0.38725259662936157,
  "false_alarms": 798,
  "false_alarm_rate": 0.05090909090909091,
  "missed_attacks": 12,
  "detection_rate": 0.9994562754870865,
  "classes": [
    "benign",
    "phase1",
    "phase2",
    "phase3",
    "phase4",
    "phase5"
  ],
  "per_class": {
    "benign": {
      "TP": 14877,
      "FP": 12,
      "FN": 798,
      "precision": 0.999194035865404,
      "recall": 0.9490909090909091,
      "f1": 0.9734982332155477
    },
    "phase1": {
      "TP": 6,
      "FP": 50,
      "FN": 0,
      "precision": 0.10714285714285714,
      "recall": 1.0,
      "f1": 0.19354838709677416
    },
    "phase2": {
      "TP": 2,
      "FP": 378,
      "FN": 4,
      "precision": 0.005263157894736842,
      "recall": 0.3333333333333333,
      "f1": 0.010362694300518133
    },
    "phase3": {
      "TP": 9,
      "FP": 217,
      "FN": 1,
      "precision": 0.03982300884955752,
      "recall": 0.9,
      "f1": 0.07627118644067797
    },
    "phase4": {
      "TP": 6,
      "FP": 159,
      "FN": 0,
      "precision": 0.03636363636363636,
      "recall": 1.0,
      "f1": 0.07017543859649122
    },
    "phase5": {
      "TP": 22028,
      "FP": 1,
      "FN": 14,
      "precision": 0.9999546052930228,
      "recall": 0.99936484892478,
      "f1": 0.99965964012616
    }
  },
  "confusion_matrix": [
    [
      14877,
      48,
      376,
      215,
      158,
      1
    ],
    [
      0,
      6,
      0,
      0,
      0,
      0
    ],
    [
      0,
      2,
      2,
      2,
      0,
      0
    ],
    [
      0,
      0,
      1,
      9,
      0,
      0
    ],
    [
      0,
      0,
      0,
      0,
      6,
      0
    ],
    [
      12,
      0,
      1,
      0,
      1,
      22028
    ]
  ]
}