{
  "accuracy": 0.9985958405086767,
  "micro_f1": 0.9985958405086767,
  "macro_f1": 0.7201259321173225,
  "false_alarms": 36,
  "false_alarm_rate": 0.0022966507177033493,
  "missed_attacks": 13,
  "detection_rate": 0.9994109651110105,
  "classes": [
    "benign",
    "phase1",
    "phase2",
    "phase3",
    "phase4",
    "phase5"
  ],
  "per_class": {
    "benign": {
      "TP": 15639,
      "FP": 13,
      "FN": 36,
      "precision": 0.9991694352159468,
      "recall": 0.9977033492822966,
      "f1": 0.998435854055607
    },
    "phase1": {
      "TP": 6,
      "FP": 2,
      "FN": 0,
      "precision": 0.75,
      "recall": 1.0,
      "f1": 0.8571428571428571
    },
    "phase2": {
      "TP": 5,
      "FP": 9,
      "FN": 1,
      "precision": 0.35714285714285715,
      "recall": 0.8333333333333334,
      "f1": 0.5
    },
    "phase3": {
      "TP": 9,
      "FP": 10,
      "FN": 1,
      "precision": 0.47368421052631576,
      "recall": 0.9,
      "f1": 0.6206896551724138
    },
    "phase4": {
      "TP": 5,
      "FP": 18,
      "FN": 1,
      "precision": 0.21739130434782608,
      "recall": 0.8333333333333334,
      "f1": 0.3448275862068966
    },
    "phase5": {
      "TP": 22028,
      "FP": 1,
      "FN": 14,
      "precision": 0.9999546052930228,
      "recall": 0.99936484892478,
      "f1": 0.99965964012616
    }
  },
  "confusion_matrix": [
    [
      15639,
      1,
      8,
      9,
      17,
      1
    ],
    [
      0,
      6,
      0,
      0,
      0,
      0
    ],
    [
      0,
      1,
      5,
      0,
      0,
      0
    ],
    [
      0,
      0,
      1,
      9,
      0,
      0
    ],
    [
      1,
      0,
      0,
      0,
      5,
      0
    ],
    [
      12,
      0,
      0,
      1,
      1,
      22028
    ]
  ]
}