{
  "accuracy": 0.9787521526029938,
  "micro_f1": 0.9787521526029938,
  "macro_f1": 0.4250435064253553,
  "false_alarms": 784,
  "false_alarm_rate": 0.05001594896331738,
  "missed_attacks": 12,
  "detection_rate": 0.9994562754870865,
  "classes": [
    "benign",
    "phase1",
    "phase2",
    "phase3",
    "phase4",
    "phase5"
  ],
  "per_class": {
    "benign": {
      "TP": 14891,
      "FP": 12,
      "FN": 784,
      "precision": 0.999194792994699,
      "recall": 0.9499840510366826,
      "f1": 0.9739682124403166
    },
    "phase1": {
      "TP": 6,
      "FP": 15,
      "FN": 0,
      "precision": 0.2857142857142857,
      "recall": 1.0,
      "f1": 0.4444444444444445
    },
    "phase2": {
      "TP": 1,
      "FP": 39,
      "FN": 5,
      "precision": 0.025,
      "recall": 0.16666666666666666,
      "f1": 0.04347826086956522
    },
    "phase3": {
      "TP": 10,
      "FP": 305,
      "FN": 0,
      "precision": 0.031746031746031744,
      "recall": 1.0,
      "f1": 0.06153846153846154
    },
    "phase4": {
      "TP": 6,
      "FP": 430,
      "FN": 0,
      "precision": 0.013761467889908258,
      "recall": 1.0,
      "f1": 0.027149321266968326
    },
    "phase5": {
      "TP": 22029,
      "FP": 1,
      "FN": 13,
      "precision": 0.9999546073536087,
      "recall": 0.9994102168587242,
      "f1": 0.999682337992376
    }
  },
  "confusion_matrix": [
    [
      14891,
      14,
      39,
      302,
      428,
      1
    ],
    [
      0,
      6,
      0,
      0,
      0,
      0
    ],
    [
      1,
      1,
      1,
      3,
      0,
      0
    ],
    [
      0,
      0,
      0,
      10,
      0,
      0
    ],
    [
      0,
      0,
      0,
      0,
      6,
      0
    ],
    [
      11,
      0,
      0,
      0,
      2,
      22029
    ]
  ]
}