{
  "accuracy": 0.9930056961186913,
  "micro_f1": 0.9930056961186913,
  "macro_f1": 0.5349813274383349,
  "false_alarms": 248,
  "false_alarm_rate": 0.015821371610845295,
  "missed_attacks": 12,
  "detection_rate": 0.9994562754870865,
  "classes": [
    "benign",
    "phase1",
    "phase2",
    "phase3",
    "phase4",
    "phase5"
  ],
  "per_class": {
    "benign": {
      "TP": 15427,
      "FP": 12,
      "FN": 248,
      "precision": 0.9992227475872789,
      "recall": 0.9841786283891547,
      "f1": 0.991643633091213
    },
    "phase1": {
      "TP": 6,
      "FP": 5,
      "FN": 0,
      "precision": 0.5454545454545454,
      "recall": 1.0,
      "f1": 0.7058823529411764
    },
    "phase2": {
      "TP": 5,
      "FP": 147,
      "FN": 1,
      "precision": 0.03289473684210526,
      "recall": 0.8333333333333334,
      "f1": 0.06329113924050632
    },
    "phase3": {
      "TP": 10,
      "FP": 53,
      "FN": 0,
      "precision": 0.15873015873015872,
      "recall": 1.0,
      "f1": 0.27397260273972607
    },
    "phase4": {
      "TP": 5,
      "FP": 46,
      "FN": 1,
      "precision": 0.09803921568627451,
      "recall": 0.8333333333333334,
      "f1": 0.17543859649122806
    },
    "phase5": {
      "TP": 22028,
      "FP": 1,
      "FN": 14,
      "precision": 0.9999546052930228,
      "recall": 0.99936484892478,
      "f1": 0.99965964012616
    }
  },
  "confusion_matrix": [
    [
      15427,
      4,
      145,
      53,
      45,
      1
    ],
    [
      0,
      6,
      0,
      0,
      0,
      0
    ],
    [
      0,
      1,
      5,
      0,
      0,
      0
    ],
    [
      0,
      0,
      0,
      10,
      0,
      0
    ],
    [
      0,
      0,
      1,
      0,
      5,
      0
    ],
    [
      12,
      0,
      1,
      0,
      1,
      22028
    ]
  ]
}