{
  "accuracy": 0.9990992184395284,
  "micro_f1": 0.9990992184395284,
  "macro_f1": 0.8061811684318267,
  "false_alarms": 15,
  "false_alarm_rate": 0.0009569377990430622,
  "missed_attacks": 16,
  "detection_rate": 0.9992750339827821,
  "classes": [
    "benign",
    "phase1",
    "phase2",
    "phase3",
    "phase4",
    "phase5"
  ],
  "per_class": {
    "benign": {
      "TP": 15660,
      "FP": 16,
      "FN": 15,
      "precision": 0.9989793314621077,
      "recall": 0.999043062200957,
      "f1": 0.9990111958151255
    },
    "phase1": {
      "TP": 6,
      "FP": 1,
      "FN": 0,
      "precision": 0.8571428571428571,
      "recall": 1.0,
      "f1": 0.923076923076923
    },
    "phase2": {
      "TP": 4,
      "FP": 3,
      "FN": 2,
      "precision": 0.5714285714285714,
      "recall": 0.6666666666666666,
      "f1": 0.6153846153846153
    },
    "phase3": {
      "TP": 9,
      "FP": 1,
      "FN": 1,
      "precision": 0.9,
      "recall": 0.9,
      "f1": 0.9
    },
    "phase4": {
      "TP": 4,
      "FP": 10,
      "FN": 2,
      "precision": 0.2857142857142857,
      "recall": 0.6666666666666666,
      "f1": 0.4
    },
    "phase5": {
      "TP": 22028,
      "FP": 3,
      "FN": 14,
      "precision": 0.9998638282420226,
      "recall": 0.99936484892478,
      "f1": 0.9996142763142967
    }
  },
  "confusion_matrix": [
    [
      15660,
      1,
      2,
      1,
      8,
      3
    ],
    [
      0,
      6,
      0,
      0,
      0,
      0
    ],
    [
      2,
      0,
      4,
      0,
      0,
      0
    ],
    [
      0,
      0,
      1,
      9,
      0,
      0
    ],
    [
      2,
      0,
      0,
      0,
      4,
      0
    ],
    [
      12,
      0,
      0,
      0,
      2,
      22028
    ]
  ]
}