{
  "accuracy": 0.9982514240296728,
  "micro_f1": 0.9982514240296728,
  "macro_f1": 0.6537423290684555,
  "false_alarms": 49,
  "false_alarm_rate": 0.0031259968102073364,
  "missed_attacks": 14,
  "detection_rate": 0.9993656547349343,
  "classes": [
    "benign",
    "phase1",
    "phase2",
    "phase3",
    "phase4",
    "phase5"
  ],
  "per_class": {
    "benign": {
      "TP": 15626,
      "FP": 14,
      "FN": 49,
      "precision": 0.9991048593350383,
      "recall": 0.9968740031897927,
      "f1": 0.9979881845760816
    },
    "phase1": {
      "TP": 6,
      "FP": 5,
      "FN": 0,
      "precision": 0.5454545454545454,
      "recall": 1.0,
      "f1": 0.7058823529411764
    },
    "phase2": {
      "TP": 5,
      "FP": 15,
      "FN": 1,
      "precision": 0.25,
      "recall": 0.8333333333333334,
      "f1": 0.3846153846153846
    },
    "phase3": {
      "TP": 9,
      "FP": 16,
      "FN": 1,
      "precision": 0.36,
      "recall": 0.9,
      "f1": 0.5142857142857143
    },
    "phase4": {
      "TP": 4,
      "FP": 15,
      "FN": 2,
      "precision": 0.21052631578947367,
      "recall": 0.6666666666666666,
      "f1": 0.32
    },
    "phase5": {
      "TP": 22029,
      "FP": 1,
      "FN": 13,
      "precision": 0.9999546073536087,
      "recall": 0.9994102168587242,
      "f1": 0.999682337992376
    }
  },
  "confusion_matrix": [
    [
      15626,
      4,
      14,
      15,
      15,
      1
    ],
    [
      0,
      6,
      0,
      0,
      0,
      0
    ],
    [
      0,
      1,
      5,
      0,
      0,
      0
    ],
    [
      0,
      0,
      1,
      9,
      0,
      0
    ],
    [
      1,
      0,
      0,
      1,
      4,
      0
    ],
    [
      13,
      0,
      0,
      0,
      0,
      22029
    ]
  ]
}