{
  "accuracy": 0.9962114187309578,
  "micro_f1": 0.9962114187309578,
  "macro_f1": 0.5706245809116591,
  "false_alarms": 128,
  "false_alarm_rate": 0.008165869218500798,
  "missed_attacks": 12,
  "detection_rate": 0.9994562754870865,
  "classes": [
    "benign",
    "phase1",
    "phase2",
    "phase3",
    "phase4",
    "phase5"
  ],
  "per_class": {
    "benign": {
      "TP": 15547,
      "FP": 12,
      "FN": 128,
      "precision": 0.9992287422070827,
      "recall": 0.9918341307814992,
      "f1": 0.9955177050649934
    },
    "phase1": {
      "TP": 6,
      "FP": 5,
      "FN": 0,
      "precision": 0.5454545454545454,
      "recall": 1.0,
      "f1": 0.7058823529411764
    },
    "phase2": {
      "TP": 5,
      "FP": 35,
      "FN": 1,
      "precision": 0.125,
      "recall": 0.8333333333333334,
      "f1": 0.21739130434782608
    },
    "phase3": {
      "TP": 9,
      "FP": 53,
      "FN": 1,
      "precision": 0.14516129032258066,
      "recall": 0.9,
      "f1": 0.25
    },
    "phase4": {
      "TP": 6,
      "FP": 35,
      "FN": 0,
      "precision": 0.14634146341463414,
      "recall": 1.0,
      "f1": 0.2553191489361702
    },
    "phase5": {
      "TP": 22029,
      "FP": 3,
      "FN": 13,
      "precision": 0.9998638344226579,
      "recall": 0.9994102168587242,
      "f1": 0.9996369741797885
    }
  },
  "confusion_matrix": [
    [
      15547,
      4,
      34,
      53,
      34,
      3
    ],
    [
      0,
      6,
      0,
      0,
      0,
      0
    ],
    [
      0,
      1,
      5,
      0,
      0,
      0
    ],
    [
      0,
      0,
      1,
      9,
      0,
      0
    ],
    [
      0,
      0,
      0,
      0,
      6,
      0
    ],
    [
      12,
      0,
      0,
      0,
      1,
      22029
    ]
  ]
}