{
  "accuracy": 0.9878659425089416,
  "micro_f1": 0.9878659425089416,
  "macro_f1": 0.44285868310504833,
  "false_alarms": 442,
  "false_alarm_rate": 0.028197767145135565,
  "missed_attacks": 12,
  "detection_rate": 0.9994562754870865,
  "classes": [
    "benign",
    "phase1",
    "phase2",
    "phase3",
    "phase4",
    "phase5"
  ],
  "per_class": {
    "benign": {
      "TP": 15233,
      "FP": 12,
      "FN": 442,
      "precision": 0.9992128566743195,
      "recall": 0.9718022328548644,
      "f1": 0.9853169469598965
    },
    "phase1": {
      "TP": 6,
      "FP": 31,
      "FN": 0,
      "precision": 0.16216216216216217,
      "recall": 1.0,
      "f1": 0.27906976744186046
    },
    "phase2": {
      "TP": 5,
      "FP": 206,
      "FN": 1,
      "precision": 0.023696682464454975,
      "recall": 0.8333333333333334,
      "f1": 0.046082949308755755
    },
    "phase3": {
      "TP": 8,
      "FP": 39,
      "FN": 2,
      "precision": 0.1702127659574468,
      "recall": 0.8,
      "f1": 0.2807017543859649
    },
    "phase4": {
      "TP": 6,
      "FP": 169,
      "FN": 0,
      "precision": 0.03428571428571429,
      "recall": 1.0,
      "f1": 0.06629834254143648
    },
    "phase5": {
      "TP": 22029,
      "FP": 1,
      "FN": 13,
      "precision": 0.9999546073536087,
      "recall": 0.9994102168587242,
      "f1": 0.999682337992376
    }
  },
  "confusion_matrix": [
    [
      15233,
      30,
      204,
      39,
      168,
      1
    ],
    [
      0,
      6,
      0,
      0,
      0,
      0
    ],
    [
      0,
      1,
      5,
      0,
      0,
      0
    ],
    [
      0,
      0,
      2,
      8,
      0,
      0
    ],
    [
      0,
      0,
      0,
      0,
      6,
      0
    ],
    [
      12,
      0,
      0,
      0,
      1,
      22029
    ]
  ]
}