{
  "accuracy": 0.9716518744204531,
  "micro_f1": 0.9716518744204531,
  "macro_f1": 0.402664031916871,
  "false_alarms": 1049,
  "false_alarm_rate": 0.06692185007974481,
  "missed_attacks": 8,
  "detection_rate": 0.999637516991391,
  "classes": [
    "benign",
    "phase1",
    "phase2",
    "phase3",
    "phase4",
    "phase5"
  ],
  "per_class": {
    "benign": {
      "TP": 14626,
      "FP": 8,
      "FN": 1049,
      "precision": 0.999453327866612,
      "recall": 0.9330781499202552,
      "f1": 0.9651258702035699
    },
    "phase1": {
      "TP": 6,
      "FP": 23,
      "FN": 0,
      "precision": 0.20689655172413793,
      "recall": 1.0,
      "f1": 0.34285714285714286
    },
    "phase2": {
      "TP": 2,
      "FP": 401,
      "FN": 4,
      "precision": 0.004962779156327543,
      "recall": 0.3333333333333333,
      "f1": 0.009779951100244499
    },
    "phase3": {
      "TP": 7,
      "FP": 174,
      "FN": 3,
      "precision": 0.03867403314917127,
      "recall": 0.7,
      "f1": 0.07329842931937172
    },
    "phase4": {
      "TP": 6,
      "FP": 463,
      "FN": 0,
      "precision": 0.01279317697228145,
      "recall": 1.0,
      "f1": 0.025263157894736838
    },
    "phase5": {
      "TP": 22028,
      "FP": 1,
      "FN": 14,
      "precision": 0.9999546052930228,
      "recall": 0.99936484892478,
      "f1": 0.99965964012616
    }
  },
  "confusion_matrix": [
    [
      14626,
      22,
      397,
      171,
      458,
      1
    ],
    [
      0,
      6,
      0,
      0,
      0,
      0
    ],
    [
      0,
      1,
      2,
      3,
      0,
      0
    ],
    [
      0,
      0,
      3,
      7,
      0,
      0
    ],
    [
      0,
      0,
      0,
      0,
      6,
      0
    ],
    [
      8,
      0,
      1,
      0,
      5,
      22028
    ]
  ]
}