{
  "accuracy": 0.9780368260696781,
  "micro_f1": 0.9780368260696781,
  "macro_f1": 0.4126064286427395,
  "false_alarms": 806,
  "false_alarm_rate": 0.05141945773524721,
  "missed_attacks": 12,
  "detection_rate": 0.9994562754870865,
  "classes": [
    "benign",
    "phase1",
    "phase2",
    "phase3",
    "phase4",
    "phase5"
  ],
  "per_class": {
    "benign": {
      "TP": 14869,
      "FP": 12,
      "FN": 806,
      "precision": 0.9991936025804717,
      "recall": 0.9485805422647527,
      "f1": 0.9732294802984682
    },
    "phase1": {
      "TP": 6,
      "FP": 181,
      "FN": 0,
      "precision": 0.03208556149732621,
      "recall": 1.0,
      "f1": 0.06217616580310882
    },
    "phase2": {
      "TP": 2,
      "FP": 362,
      "FN": 4,
      "precision": 0.005494505494505495,
      "recall": 0.3333333333333333,
      "f1": 0.010810810810810811
    },
    "phase3": {
      "TP": 6,
      "FP": 14,
      "FN": 4,
      "precision": 0.3,
      "recall": 0.6,
      "f1": 0.4
    },
    "phase4": {
      "TP": 4,
      "FP": 259,
      "FN": 2,
      "precision": 0.015209125475285171,
      "recall": 0.6666666666666666,
      "f1": 0.02973977695167286
    },
    "phase5": {
      "TP": 22029,
      "FP": 1,
      "FN": 13,
      "precision": 0.9999546073536087,
      "recall": 0.9994102168587242,
      "f1": 0.999682337992376
    }
  },
  "confusion_matrix": [
    [
      14869,
      177,
      359,
      13,
      256,
      1
    ],
    [
      0,
      6,
      0,
      0,
      0,
      0
    ],
    [
      1,
      2,
      2,
      1,
      0,
      0
    ],
    [
      0,
      1,
      3,
      6,
      0,
      0
    ],
    [
      1,
      1,
      0,
      0,
      4,
      0
    ],
    [
      10,
      0,
      0,
      0,
      3,
      22029
    ]
  ]
}