{
  "accuracy": 0.9992051927407604,
  "micro_f1": 0.9992051927407604,
  "macro_f1": 0.8105850457121339,
  "false_alarms": 11,
  "false_alarm_rate": 0.0007017543859649122,
  "missed_attacks": 17,
  "detection_rate": 0.9992297236067059,
  "classes": [
    "benign",
    "phase1",
    "phase2",
    "phase3",
    "phase4",
    "phase5"
  ],
  "per_class": {
    "benign": {
      "TP": 15664,
      "FP": 17,
      "FN": 11,
      "precision": 0.9989158854664881,
      "recall": 0.9992982456140351,
      "f1": 0.9991070289577753
    },
    "phase1": {
      "TP": 6,
      "FP": 1,
      "FN": 0,
      "precision": 0.8571428571428571,
      "recall": 1.0,
      "f1": 0.923076923076923
    },
    "phase2": {
      "TP": 4,
      "FP": 2,
      "FN": 2,
      "precision": 0.6666666666666666,
      "recall": 0.6666666666666666,
      "f1": 0.6666666666666666
    },
    "phase3": {
      "TP": 9,
      "FP": 1,
      "FN": 1,
      "precision": 0.9,
      "recall": 0.9,
      "f1": 0.9
    },
    "phase4": {
      "TP": 3,
      "FP": 7,
      "FN": 3,
      "precision": 0.3,
      "recall": 0.5,
      "f1": 0.37499999999999994
    },
    "phase5": {
      "TP": 22029,
      "FP": 2,
      "FN": 13,
      "precision": 0.9999092188280151,
      "recall": 0.9994102168587242,
      "f1": 0.9996596555714382
    }
  },
  "confusion_matrix": [
    [
      15664,
      1,
      1,
      1,
      6,
      2
    ],
    [
      0,
      6,
      0,
      0,
      0,
      0
    ],
    [
      2,
      0,
      4,
      0,
      0,
      0
    ],
    [
      0,
      0,
      1,
      9,
      0,
      0
    ],
    [
      3,
      0,
      0,
      0,
      3,
      0
    ],
    [
      12,
      0,
      0,
      0,
      1,
      22029
    ]
  ]
}