{
  "accuracy": 0.9645251026626043,
  "micro_f1": 0.9645251026626043,
  "macro_f1": 0.3887792918128076,
  "false_alarms": 1317,
  "false_alarm_rate": 0.08401913875598085,
  "missed_attacks": 11,
  "detection_rate": 0.9995015858631626,
  "classes": [
    "benign",
    "phase1",
    "phase2",
    "phase3",
    "phase4",
    "phase5"
  ],
  "per_class": {
    "benign": {
      "TP": 14358,
      "FP": 11,
      "FN": 1317,
      "precision": 0.9992344630802422,
      "recall": 0.9159808612440191,
      "f1": 0.9557981626947144
    },
    "phase1": {
      "TP": 6,
      "FP": 95,
      "FN": 0,
      "precision": 0.0594059405940594,
      "recall": 1.0,
      "f1": 0.11214953271028036
    },
    "phase2": {
      "TP": 2,
      "FP": 354,
      "FN": 4,
      "precision": 0.0056179775280898875,
      "recall": 0.3333333333333333,
      "f1": 0.011049723756906077
    },
    "phase3": {
      "TP": 6,
      "FP": 34,
      "FN": 4,
      "precision": 0.15,
      "recall": 0.6,
      "f1": 0.24
    },
    "phase4": {
      "TP": 6,
      "FP": 844,
      "FN": 0,
      "precision": 0.007058823529411765,
      "recall": 1.0,
      "f1": 0.014018691588785047
    },
    "phase5": {
      "TP": 22028,
      "FP": 1,
      "FN": 14,
      "precision": 0.9999546052930228,
      "recall": 0.99936484892478,
      "f1": 0.99965964012616
    }
  },
  "confusion_matrix": [
    [
      14358,
      93,
      351,
      33,
      839,
      1
    ],
    [
      0,
      6,
      0,
      0,
      0,
      0
    ],
    [
      0,
      2,
      2,
      1,
      1,
      0
    ],
    [
      1,
      0,
      3,
      6,
      0,
      0
    ],
    [
      0,
      0,
      0,
      0,
      6,
      0
    ],
    [
      10,
      0,
      0,
      0,
      4,
      22028
    ]
  ]
}