{
  "accuracy": 0.9883693204397933,
  "micro_f1": 0.9883693204397933,
  "macro_f1": 0.4776772138836361,
  "false_alarms": 414,
  "false_alarm_rate": 0.026411483253588518,
  "missed_attacks": 23,
  "detection_rate": 0.9989578613502492,
  "classes": [
    "benign",
    "phase1",
    "phase2",
    "phase3",
    "phase4",
    "phase5"
  ],
  "per_class": {
    "benign": {
      "TP": 15261,
      "FP": 23,
      "FN": 414,
      "precision": 0.9984951583355143,
      "recall": 0.9735885167464114,
      "f1": 0.9858845569947349
    },
    "phase1": {
      "TP": 6,
      "FP": 5,
      "FN": 0,
      "precision": 0.5454545454545454,
      "recall": 1.0,
      "f1": 0.7058823529411764
    },
    "phase2": {
      "TP": 2,
      "FP": 71,
      "FN": 4,
      "precision": 0.0273972602739726,
      "recall": 0.3333333333333333,
      "f1": 0.05063291139240506
    },
    "phase3": {
      "TP": 6,
      "FP": 95,
      "FN": 4,
      "precision": 0.0594059405940594,
      "recall": 0.6,
      "f1": 0.10810810810810811
    },
    "phase4": {
      "TP": 2,
      "FP": 244,
      "FN": 4,
      "precision": 0.008130081300813009,
      "recall": 0.3333333333333333,
      "f1": 0.015873015873015876
    },
    "phase5": {
      "TP": 22029,
      "FP": 1,
      "FN": 13,
      "precision": 0.9999546073536087,
      "recall": 0.9994102168587242,
      "f1": 0.999682337992376
    }
  },
  "confusion_matrix": [
    [
      15261,
      5,
      70,
      94,
      244,
      1
    ],
    [
      0,
      6,
      0,
      0,
      0,
      0
    ],
    [
      3,
      0,
      2,
      1,
      0,
      0
    ],
    [
      3,
      0,
      1,
      6,
      0,
      0
    ],
    [
      4,
      0,
      0,
      0,
      2,
      0
    ],
    [
      13,
      0,
      0,
      0,
      0,
      22029
    ]
  ]
}