{
  "accuracy": 0.9881838654126375,
  "micro_f1": 0.9881838654126375,
  "macro_f1": 0.46910719478312485,
  "false_alarms": 426,
  "false_alarm_rate": 0.027177033492822966,
  "missed_attacks": 13,
  "detection_rate": 0.9994109651110105,
  "classes": [
    "benign",
    "phase1",
    "phase2",
    "phase3",
    "phase4",
    "phase5"
  ],
  "per_class": {
    "benign": {
      "TP": 15249,
      "FP": 13,
      "FN": 426,
      "precision": 0.9991482112436116,
      "recall": 0.972822966507177,
      "f1": 0.9858098716746938
    },
    "phase1": {
      "TP": 6,
      "FP": 7,
      "FN": 0,
      "precision": 0.46153846153846156,
      "recall": 1.0,
      "f1": 0.631578947368421
    },
    "phase2": {
      "TP": 2,
      "FP": 71,
      "FN": 4,
      "precision": 0.0273972602739726,
      "recall": 0.3333333333333333,
      "f1": 0.05063291139240506
    },
    "phase3": {
      "TP": 7,
      "FP": 184,
      "FN": 3,
      "precision": 0.03664921465968586,
      "recall": 0.7,
      "f1": 0.06965174129353233
    },
    "phase4": {
      "TP": 6,
      "FP": 142,
      "FN": 0,
      "precision": 0.04054054054054054,
      "recall": 1.0,
      "f1": 0.07792207792207792
    },
    "phase5": {
      "TP": 22029,
      "FP": 29,
      "FN": 13,
      "precision": 0.998685284250612,
      "recall": 0.9994102168587242,
      "f1": 0.9990476190476191
    }
  },
  "confusion_matrix": [
    [
      15249,
      5,
      68,
      183,
      141,
      29
    ],
    [
      0,
      6,
      0,
      0,
      0,
      0
    ],
    [
      1,
      2,
      2,
      1,
      0,
      0
    ],
    [
      0,
      0,
      3,
      7,
      0,
      0
    ],
    [
      0,
      0,
      0,
      0,
      6,
      0
    ],
    [
      12,
      0,
      0,
      0,
      1,
      22029
    ]
  ]
}