{
  "accuracy": 0.9953901178964101,
  "micro_f1": 0.9953901178964101,
  "macro_f1": 0.5693808207038933,
  "false_alarms": 159,
  "false_alarm_rate": 0.01014354066985646,
  "missed_attacks": 12,
  "detection_rate": 0.9994562754870865,
  "classes": [
    "benign",
    "phase1",
    "phase2",
    "phase3",
    "phase4",
    "phase5"
  ],
  "per_class": {
    "benign": {
      "TP": 15516,
      "FP": 12,
      "FN": 159,
      "precision": 0.999227202472952,
      "recall": 0.9898564593301435,
      "f1": 0.9945197577156042
    },
    "phase1": {
      "TP": 6,
      "FP": 6,
      "FN": 0,
      "precision": 0.5,
      "recall": 1.0,
      "f1": 0.6666666666666666
    },
    "phase2": {
      "TP": 5,
      "FP": 51,
      "FN": 1,
      "precision": 0.08928571428571429,
      "recall": 0.8333333333333334,
      "f1": 0.16129032258064516
    },
    "phase3": {
      "TP": 10,
      "FP": 23,
      "FN": 0,
      "precision": 0.30303030303030304,
      "recall": 1.0,
      "f1": 0.4651162790697675
    },
    "phase4": {
      "TP": 6,
      "FP": 81,
      "FN": 0,
      "precision": 0.06896551724137931,
      "recall": 1.0,
      "f1": 0.12903225806451613
    },
    "phase5": {
      "TP": 22028,
      "FP": 1,
      "FN": 14,
      "precision": 0.9999546052930228,
      "recall": 0.99936484892478,
      "f1": 0.99965964012616
    }
  },
  "confusion_matrix": [
    [
      15516,
      5,
      51,
      23,
      79,
      1
    ],
    [
      0,
      6,
      0,
      0,
      0,
      0
    ],
    [
      0,
      1,
      5,
      0,
      0,
      0
    ],
    [
      0,
      0,
      0,
      10,
      0,
      0
    ],
    [
      0,
      0,
      0,
      0,
      6,
      0
    ],
    [
      12,
      0,
      0,
      0,
      2,
      22028
    ]
  ]
}