{
  "accuracy": 0.9878659425089416,
  "micro_f1": 0.9878659425089416,
  "macro_f1": 0.4372780836636376,
  "false_alarms": 443,
  "false_alarm_rate": 0.028261562998405102,
  "missed_attacks": 12,
  "detection_rate": 0.9994562754870865,
  "classes": [
    "benign",
    "phase1",
    "phase2",
    "phase3",
    "phase4",
    "phase5"
  ],
  "per_class": {
    "benign": {
      "TP": 15232,
      "FP": 12,
      "FN": 443,
      "precision": 0.9992128050380478,
      "recall": 0.9717384370015949,
      "f1": 0.9852841294996604
    },
    "phase1": {
      "TP": 6,
      "FP": 28,
      "FN": 0,
      "precision": 0.17647058823529413,
      "recall": 1.0,
      "f1": 0.3
    },
    "phase2": {
      "TP": 5,
      "FP": 132,
      "FN": 1,
      "precision": 0.0364963503649635,
      "recall": 0.8333333333333334,
      "f1": 0.06993006993006992
    },
    "phase3": {
      "TP": 10,
      "FP": 69,
      "FN": 0,
      "precision": 0.12658227848101267,
      "recall": 1.0,
      "f1": 0.22471910112359553
    },
    "phase4": {
      "TP": 5,
      "FP": 216,
      "FN": 1,
      "precision": 0.02262443438914027,
      "recall": 0.8333333333333334,
      "f1": 0.04405286343612334
    },
    "phase5": {
      "TP": 22029,
      "FP": 1,
      "FN": 13,
      "precision": 0.9999546073536087,
      "recall": 0.9994102168587242,
      "f1": 0.999682337992376
    }
  },
  "confusion_matrix": [
    [
      15232,
      27,
      131,
      69,
      215,
      1
    ],
    [
      0,
      6,
      0,
      0,
      0,
      0
    ],
    [
      0,
      1,
      5,
      0,
      0,
      0
    ],
    [
      0,
      0,
      0,
      10,
      0,
      0
    ],
    [
      0,
      0,
      1,
      0,
      5,
      0
    ],
    [
      12,
      0,
      0,
      0,
      1,
      22029
    ]
  ]
}