{
  "accuracy": 0.9946482977877865,
  "micro_f1": 0.9946482977877865,
  "macro_f1": 0.5232420816701037,
  "false_alarms": 187,
  "false_alarm_rate": 0.011929824561403509,
  "missed_attacks": 12,
  "detection_rate": 0.9994562754870865,
  "classes": [
    "benign",
    "phase1",
    "phase2",
    "phase3",
    "phase4",
    "phase5"
  ],
  "per_class": {
    "benign": {
      "TP": 15488,
      "FP": 12,
      "FN": 187,
      "precision": 0.9992258064516129,
      "recall": 0.9880701754385965,
      "f1": 0.9936166800320769
    },
    "phase1": {
      "TP": 6,
      "FP": 14,
      "FN": 0,
      "precision": 0.3,
      "recall": 1.0,
      "f1": 0.4615384615384615
    },
    "phase2": {
      "TP": 4,
      "FP": 74,
      "FN": 2,
      "precision": 0.05128205128205128,
      "recall": 0.6666666666666666,
      "f1": 0.09523809523809523
    },
    "phase3": {
      "TP": 10,
      "FP": 24,
      "FN": 0,
      "precision": 0.29411764705882354,
      "recall": 1.0,
      "f1": 0.45454545454545453
    },
    "phase4": {
      "TP": 6,
      "FP": 77,
      "FN": 0,
      "precision": 0.07228915662650602,
      "recall": 1.0,
      "f1": 0.1348314606741573
    },
    "phase5": {
      "TP": 22029,
      "FP": 1,
      "FN": 13,
      "precision": 0.9999546073536087,
      "recall": 0.9994102168587242,
      "f1": 0.999682337992376
    }
  },
  "confusion_matrix": [
    [
      15488,
      12,
      74,
      24,
      76,
      1
    ],
    [
      0,
      6,
      0,
      0,
      0,
      0
    ],
    [
      0,
      2,
      4,
      0,
      0,
      0
    ],
    [
      0,
      0,
      0,
      10,
      0,
      0
    ],
    [
      0,
      0,
      0,
      0,
      6,
      0
    ],
    [
      12,
      0,
      0,
      0,
      1,
      22029
    ]
  ]
}