{
  "accuracy": 0.9844747648695191,
  "micro_f1": 0.9844747648695191,
  "macro_f1": 0.4314076532837614,
  "false_alarms": 570,
  "false_alarm_rate": 0.03636363636363636,
  "missed_attacks": 12,
  "detection_rate": 0.9994562754870865,
  "classes": [
    "benign",
    "phase1",
    "phase2",
    "phase3",
    "phase4",
    "phase5"
  ],
  "per_class": {
    "benign": {
      "TP": 15105,
      "FP": 12,
      "FN": 570,
      "precision": 0.9992061917047033,
      "recall": 0.9636363636363636,
      "f1": 0.9810989867498051
    },
    "phase1": {
      "TP": 6,
      "FP": 24,
      "FN": 0,
      "precision": 0.2,
      "recall": 1.0,
      "f1": 0.33333333333333337
    },
    "phase2": {
      "TP": 4,
      "FP": 281,
      "FN": 2,
      "precision": 0.014035087719298246,
      "recall": 0.6666666666666666,
      "f1": 0.027491408934707903
    },
    "phase3": {
      "TP": 10,
      "FP": 82,
      "FN": 0,
      "precision": 0.10869565217391304,
      "recall": 1.0,
      "f1": 0.19607843137254902
    },
    "phase4": {
      "TP": 5,
      "FP": 186,
      "FN": 1,
      "precision": 0.02617801047120419,
      "recall": 0.8333333333333334,
      "f1": 0.050761421319796954
    },
    "phase5": {
      "TP": 22029,
      "FP": 1,
      "FN": 13,
      "precision": 0.9999546073536087,
      "recall": 0.9994102168587242,
      "f1": 0.999682337992376
    }
  },
  "confusion_matrix": [
    [
      15105,
      23,
      280,
      82,
      184,
      1
    ],
    [
      0,
      6,
      0,
      0,
      0,
      0
    ],
    [
      0,
      1,
      4,
      0,
      1,
      0
    ],
    [
      0,
      0,
      0,
      10,
      0,
      0
    ],
    [
      0,
      0,
      1,
      0,
      5,
      0
    ],
    [
      12,
      0,
      0,
      0,
      1,
      22029
    ]
  ]
}