{
  "accuracy": 0.9992316863160684,
  "micro_f1": 0.9992316863160684,
  "macro_f1": 0.8305319086523038,
  "false_alarms": 11,
  "false_alarm_rate": 0.0007017543859649122,
  "missed_attacks": 16,
  "detection_rate": 0.9992750339827821,
  "classes": [
    "benign",
    "phase1",
    "phase2",
    "phase3",
    "phase4",
    "phase5"
  ],
  "per_class": {
    "benign": {
      "TP": 15664,
      "FP": 16,
      "FN": 11,
      "precision": 0.9989795918367347,
      "recall": 0.9992982456140351,
      "f1": 0.99913889331845
    },
    "phase1": {
      "TP": 6,
      "FP": 2,
      "FN": 0,
      "precision": 0.75,
      "recall": 1.0,
      "f1": 0.8571428571428571
    },
    "phase2": {
      "TP": 4,
      "FP": 1,
      "FN": 2,
      "precision": 0.8,
      "recall": 0.6666666666666666,
      "f1": 0.7272727272727272
    },
    "phase3": {
      "TP": 9,
      "FP": 1,
      "FN": 1,
      "precision": 0.9,
      "recall": 0.9,
      "f1": 0.9
    },
    "phase4": {
      "TP": 4,
      "FP": 6,
      "FN": 2,
      "precision": 0.4,
      "recall": 0.6666666666666666,
      "f1": 0.5
    },
    "phase5": {
      "TP": 22029,
      "FP": 3,
      "FN": 13,
      "precision": 0.9998638344226579,
      "recall": 0.9994102168587242,
      "f1": 0.9996369741797885
    }
  },
  "confusion_matrix": [
    [
      15664,
      2,
      0,
      0,
      6,
      3
    ],
    [
      0,
      6,
      0,
      0,
      0,
      0
    ],
    [
      1,
      0,
      4,
      1,
      0,
      0
    ],
    [
      0,
      0,
      1,
      9,
      0,
      0
    ],
    [
      2,
      0,
      0,
      0,
      4,
      0
    ],
    [
      13,
      0,
      0,
      0,
      0,
      22029
    ]
  ]
}