{
  "accuracy": 0.9857464564843026,
  "micro_f1": 0.9857464564843026,
  "macro_f1": 0.48838595890152275,
  "false_alarms": 514,
  "false_alarm_rate": 0.03279106858054227,
  "missed_attacks": 16,
  "detection_rate": 0.9992750339827821,
  "classes": [
    "benign",
    "phase1",
    "phase2",
    "phase3",
    "phase4",
    "phase5"
  ],
  "per_class": {
    "benign": {
      "TP": 15161,
      "FP": 16,
      "FN": 514,
      "precision": 0.9989457732094617,
      "recall": 0.9672089314194577,
      "f1": 0.9828212109425645
    },
    "phase1": {
      "TP": 6,
      "FP": 11,
      "FN": 0,
      "precision": 0.35294117647058826,
      "recall": 1.0,
      "f1": 0.5217391304347826
    },
    "phase2": {
      "TP": 3,
      "FP": 250,
      "FN": 3,
      "precision": 0.011857707509881422,
      "recall": 0.5,
      "f1": 0.02316602316602316
    },
    "phase3": {
      "TP": 6,
      "FP": 15,
      "FN": 4,
      "precision": 0.2857142857142857,
      "recall": 0.6,
      "f1": 0.3870967741935483
    },
    "phase4": {
      "TP": 2,
      "FP": 245,
      "FN": 4,
      "precision": 0.008097165991902834,
      "recall": 0.3333333333333333,
      "f1": 0.015810276679841896
    },
    "phase5": {
      "TP": 22029,
      "FP": 1,
      "FN": 13,
      "precision": 0.9999546073536087,
      "recall": 0.9994102168587242,
      "f1": 0.999682337992376
    }
  },
  "confusion_matrix": [
    [
      15161,
      9,
      245,
      14,
      245,
      1
    ],
    [
      0,
      6,
      0,
      0,
      0,
      0
    ],
    [
      1,
      1,
      3,
      1,
      0,
      0
    ],
    [
      1,
      1,
      2,
      6,
      0,
      0
    ],
    [
      1,
      0,
      3,
      0,
      2,
      0
    ],
    [
      13,
      0,
      0,
      0,
      0,
      22029
    ]
  ]
}