{
  "accuracy": 0.9980394754272089,
  "micro_f1": 0.9980394754272089,
  "macro_f1": 0.6664886707311751,
  "false_alarms": 57,
  "false_alarm_rate": 0.0036363636363636364,
  "missed_attacks": 14,
  "detection_rate": 0.9993656547349343,
  "classes": [
    "benign",
    "phase1",
    "phase2",
    "phase3",
    "phase4",
    "phase5"
  ],
  "per_class": {
    "benign": {
      "TP": 15618,
      "FP": 14,
      "FN": 57,
      "precision": 0.9991044012282497,
      "recall": 0.9963636363636363,
      "f1": 0.9977321365828727
    },
    "phase1": {
      "TP": 6,
      "FP": 5,
      "FN": 0,
      "precision": 0.5454545454545454,
      "recall": 1.0,
      "f1": 0.7058823529411764
    },
    "phase2": {
      "TP": 5,
      "FP": 27,
      "FN": 1,
      "precision": 0.15625,
      "recall": 0.8333333333333334,
      "f1": 0.2631578947368421
    },
    "phase3": {
      "TP": 9,
      "FP": 6,
      "FN": 1,
      "precision": 0.6,
      "recall": 0.9,
      "f1": 0.7200000000000001
    },
    "phase4": {
      "TP": 5,
      "FP": 21,
      "FN": 1,
      "precision": 0.19230769230769232,
      "recall": 0.8333333333333334,
      "f1": 0.3125
    },
    "phase5": {
      "TP": 22028,
      "FP": 1,
      "FN": 14,
      "precision": 0.9999546052930228,
      "recall": 0.99936484892478,
      "f1": 0.99965964012616
    }
  },
  "confusion_matrix": [
    [
      15618,
      4,
      26,
      6,
      20,
      1
    ],
    [
      0,
      6,
      0,
      0,
      0,
      0
    ],
    [
      0,
      1,
      5,
      0,
      0,
      0
    ],
    [
      0,
      0,
      1,
      9,
      0,
      0
    ],
    [
      1,
      0,
      0,
      0,
      5,
      0
    ],
    [
      13,
      0,
      0,
      0,
      1,
      22028
    ]
  ]
}