{
  "accuracy": 0.9992051927407604,
  "micro_f1": 0.9992051927407604,
  "macro_f1": 0.8392493376602115,
  "false_alarms": 13,
  "false_alarm_rate": 0.0008293460925039872,
  "missed_attacks": 15,
  "detection_rate": 0.9993203443588582,
  "classes": [
    "benign",
    "phase1",
    "phase2",
    "phase3",
    "phase4",
    "phase5"
  ],
  "per_class": {
    "benign": {
      "TP": 15662,
      "FP": 15,
      "FN": 13,
      "precision": 0.9990431842827071,
      "recall": 0.999170653907496,
      "f1": 0.9991069150293441
    },
    "phase1": {
      "TP": 6,
      "FP": 1,
      "FN": 0,
      "precision": 0.8571428571428571,
      "recall": 1.0,
      "f1": 0.923076923076923
    },
    "phase2": {
      "TP": 5,
      "FP": 2,
      "FN": 1,
      "precision": 0.7142857142857143,
      "recall": 0.8333333333333334,
      "f1": 0.7692307692307692
    },
    "phase3": {
      "TP": 9,
      "FP": 1,
      "FN": 1,
      "precision": 0.9,
      "recall": 0.9,
      "f1": 0.9
    },
    "phase4": {
      "TP": 4,
      "FP": 8,
      "FN": 2,
      "precision": 0.3333333333333333,
      "recall": 0.6666666666666666,
      "f1": 0.4444444444444444
    },
    "phase5": {
      "TP": 22029,
      "FP": 3,
      "FN": 13,
      "precision": 0.9998638344226579,
      "recall": 0.9994102168587242,
      "f1": 0.9996369741797885
    }
  },
  "confusion_matrix": [
    [
      15662,
      1,
      1,
      1,
      7,
      3
    ],
    [
      0,
      6,
      0,
      0,
      0,
      0
    ],
    [
      1,
      0,
      5,
      0,
      0,
      0
    ],
    [
      0,
      0,
      1,
      9,
      0,
      0
    ],
    [
      2,
      0,
      0,
      0,
      4,
      0
    ],
    [
      12,
      0,
      0,
      0,
      1,
      22029
    ]
  ]
}