{
  "accuracy": 0.9963968737581137,
  "micro_f1": 0.9963968737581137,
  "macro_f1": 0.5849119644490868,
  "false_alarms": 121,
  "false_alarm_rate": 0.0077192982456140355,
  "missed_attacks": 12,
  "detection_rate": 0.9994562754870865,
  "classes": [
    "benign",
    "phase1",
    "phase2",
    "phase3",
    "phase4",
    "phase5"
  ],
  "per_class": {
    "benign": {
      "TP": 15554,
      "FP": 12,
      "FN": 121,
      "precision": 0.9992290890402159,
      "recall": 0.992280701754386,
      "f1": 0.9957427739188885
    },
    "phase1": {
      "TP": 6,
      "FP": 6,
      "FN": 0,
      "precision": 0.5,
      "recall": 1.0,
      "f1": 0.6666666666666666
    },
    "phase2": {
      "TP": 4,
      "FP": 27,
      "FN": 2,
      "precision": 0.12903225806451613,
      "recall": 0.6666666666666666,
      "f1": 0.2162162162162162
    },
    "phase3": {
      "TP": 10,
      "FP": 26,
      "FN": 0,
      "precision": 0.2777777777777778,
      "recall": 1.0,
      "f1": 0.4347826086956522
    },
    "phase4": {
      "TP": 6,
      "FP": 49,
      "FN": 0,
      "precision": 0.10909090909090909,
      "recall": 1.0,
      "f1": 0.19672131147540983
    },
    "phase5": {
      "TP": 22029,
      "FP": 16,
      "FN": 13,
      "precision": 0.9992742118394193,
      "recall": 0.9994102168587242,
      "f1": 0.9993422097216866
    }
  },
  "confusion_matrix": [
    [
      15554,
      4,
      27,
      26,
      48,
      16
    ],
    [
      0,
      6,
      0,
      0,
      0,
      0
    ],
    [
      0,
      2,
      4,
      0,
      0,
      0
    ],
    [
      0,
      0,
      0,
      10,
      0,
      0
    ],
    [
      0,
      0,
      0,
      0,
      6,
      0
    ],
    [
      12,
      0,
      0,
      0,
      1,
      22029
    ]
  ]
}