{
  "accuracy": 0.9962908994568817,
  "micro_f1": 0.9962908994568817,
  "macro_f1": 0.5890569143646844,
  "false_alarms": 125,
  "false_alarm_rate": 0.007974481658692184,
  "missed_attacks": 12,
  "detection_rate": 0.9994562754870865,
  "classes": [
    "benign",
    "phase1",
    "phase2",
    "phase3",
    "phase4",
    "phase5"
  ],
  "per_class": {
    "benign": {
      "TP": 15550,
      "FP": 12,
      "FN": 125,
      "precision": 0.9992288908880607,
      "recall": 0.9920255183413078,
      "f1": 0.9956141754970068
    },
    "phase1": {
      "TP": 6,
      "FP": 3,
      "FN": 0,
      "precision": 0.6666666666666666,
      "recall": 1.0,
      "f1": 0.8
    },
    "phase2": {
      "TP": 5,
      "FP": 36,
      "FN": 1,
      "precision": 0.12195121951219512,
      "recall": 0.8333333333333334,
      "f1": 0.21276595744680848
    },
    "phase3": {
      "TP": 9,
      "FP": 41,
      "FN": 1,
      "precision": 0.18,
      "recall": 0.9,
      "f1": 0.3
    },
    "phase4": {
      "TP": 6,
      "FP": 41,
      "FN": 0,
      "precision": 0.1276595744680851,
      "recall": 1.0,
      "f1": 0.22641509433962262
    },
    "phase5": {
      "TP": 22029,
      "FP": 7,
      "FN": 13,
      "precision": 0.9996823379923762,
      "recall": 0.9994102168587242,
      "f1": 0.9995462589046691
    }
  },
  "confusion_matrix": [
    [
      15550,
      2,
      35,
      41,
      40,
      7
    ],
    [
      0,
      6,
      0,
      0,
      0,
      0
    ],
    [
      0,
      1,
      5,
      0,
      0,
      0
    ],
    [
      0,
      0,
      1,
      9,
      0,
      0
    ],
    [
      0,
      0,
      0,
      0,
      6,
      0
    ],
    [
      12,
      0,
      0,
      0,
      1,
      22029
    ]
  ]
}