{
  "accuracy": 0.9984898662074447,
  "micro_f1": 0.9984898662074447,
  "macro_f1": 0.6784948927729323,
  "false_alarms": 40,
  "false_alarm_rate": 0.002551834130781499,
  "missed_attacks": 13,
  "detection_rate": 0.9994109651110105,
  "classes": [
    "benign",
    "phase1",
    "phase2",
    "phase3",
    "phase4",
    "phase5"
  ],
  "per_class": {
    "benign": {
      "TP": 15635,
      "FP": 13,
      "FN": 40,
      "precision": 0.9991692229038854,
      "recall": 0.9974481658692185,
      "f1": 0.9983079526226734
    },
    "phase1": {
      "TP": 6,
      "FP": 8,
      "FN": 0,
      "precision": 0.42857142857142855,
      "recall": 1.0,
      "f1": 0.6
    },
    "phase2": {
      "TP": 4,
      "FP": 15,
      "FN": 2,
      "precision": 0.21052631578947367,
      "recall": 0.6666666666666666,
      "f1": 0.32
    },
    "phase3": {
      "TP": 9,
      "FP": 4,
      "FN": 1,
      "precision": 0.6923076923076923,
      "recall": 0.9,
      "f1": 0.7826086956521738
    },
    "phase4": {
      "TP": 5,
      "FP": 16,
      "FN": 1,
      "precision": 0.23809523809523808,
      "recall": 0.8333333333333334,
      "f1": 0.37037037037037035
    },
    "phase5": {
      "TP": 22029,
      "FP": 1,
      "FN": 13,
      "precision": 0.9999546073536087,
      "recall": 0.9994102168587242,
      "f1": 0.999682337992376
    }
  },
  "confusion_matrix": [
    [
      15635,
      6,
      14,
      3,
      16,
      1
    ],
    [
      0,
      6,
      0,
      0,
      0,
      0
    ],
    [
      0,
      2,
      4,
      0,
      0,
      0
    ],
    [
      0,
      0,
      1,
      9,
      0,
      0
    ],
    [
      0,
      0,
      0,
      1,
      5,
      0
    ],
    [
      13,
      0,
      0,
      0,
      0,
      22029
    ]
  ]
}