{
  "accuracy": 0.9952046628692542,
  "micro_f1": 0.9952046628692542,
  "macro_f1": 0.5408165324213601,
  "false_alarms": 164,
  "false_alarm_rate": 0.010462519936204147,
  "missed_attacks": 12,
  "detection_rate": 0.9994562754870865,
  "classes": [
    "benign",
    "phase1",
    "phase2",
    "phase3",
    "phase4",
    "phase5"
  ],
  "per_class": {
    "benign": {
      "TP": 15511,
      "FP": 12,
      "FN": 164,
      "precision": 0.9992269535527927,
      "recall": 0.9895374800637958,
      "f1": 0.9943586127315853
    },
    "phase1": {
      "TP": 6,
      "FP": 7,
      "FN": 0,
      "precision": 0.46153846153846156,
      "recall": 1.0,
      "f1": 0.631578947368421
    },
    "phase2": {
      "TP": 4,
      "FP": 44,
      "FN": 2,
      "precision": 0.08333333333333333,
      "recall": 0.6666666666666666,
      "f1": 0.14814814814814814
    },
    "phase3": {
      "TP": 9,
      "FP": 33,
      "FN": 1,
      "precision": 0.21428571428571427,
      "recall": 0.9,
      "f1": 0.3461538461538461
    },
    "phase4": {
      "TP": 6,
      "FP": 84,
      "FN": 0,
      "precision": 0.06666666666666667,
      "recall": 1.0,
      "f1": 0.125
    },
    "phase5": {
      "TP": 22028,
      "FP": 1,
      "FN": 14,
      "precision": 0.9999546052930228,
      "recall": 0.99936484892478,
      "f1": 0.99965964012616
    }
  },
  "confusion_matrix": [
    [
      15511,
      6,
      43,
      32,
      82,
      1
    ],
    [
      0,
      6,
      0,
      0,
      0,
      0
    ],
    [
      0,
      1,
      4,
      0,
      1,
      0
    ],
    [
      0,
      0,
      1,
      9,
      0,
      0
    ],
    [
      0,
      0,
      0,
      0,
      6,
      0
    ],
    [
      12,
      0,
      0,
      1,
      1,
      22028
    ]
  ]
}