{
  "accuracy": 0.9813485229831765,
  "micro_f1": 0.9813485229831765,
  "macro_f1": 0.44308387403040017,
  "false_alarms": 678,
  "false_alarm_rate": 0.04325358851674641,
  "missed_attacks": 15,
  "detection_rate": 0.9993203443588582,
  "classes": [
    "benign",
    "phase1",
    "phase2",
    "phase3",
    "phase4",
    "phase5"
  ],
  "per_class": {
    "benign": {
      "TP": 14997,
      "FP": 15,
      "FN": 678,
      "precision": 0.9990007993605116,
      "recall": 0.9567464114832536,
      "f1": 0.9774171473262292
    },
    "phase1": {
      "TP": 6,
      "FP": 21,
      "FN": 0,
      "precision": 0.2222222222222222,
      "recall": 1.0,
      "f1": 0.3636363636363636
    },
    "phase2": {
      "TP": 2,
      "FP": 377,
      "FN": 4,
      "precision": 0.005277044854881266,
      "recall": 0.3333333333333333,
      "f1": 0.01038961038961039
    },
    "phase3": {
      "TP": 6,
      "FP": 24,
      "FN": 4,
      "precision": 0.2,
      "recall": 0.6,
      "f1": 0.3
    },
    "phase4": {
      "TP": 1,
      "FP": 256,
      "FN": 5,
      "precision": 0.0038910505836575876,
      "recall": 0.16666666666666666,
      "f1": 0.007604562737642585
    },
    "phase5": {
      "TP": 22029,
      "FP": 11,
      "FN": 13,
      "precision": 0.9995009074410164,
      "recall": 0.9994102168587242,
      "f1": 0.9994555600925549
    }
  },
  "confusion_matrix": [
    [
      14997,
      20,
      369,
      24,
      254,
      11
    ],
    [
      0,
      6,
      0,
      0,
      0,
      0
    ],
    [
      1,
      1,
      2,
      0,
      2,
      0
    ],
    [
      1,
      0,
      3,
      6,
      0,
      0
    ],
    [
      1,
      0,
      4,
      0,
      1,
      0
    ],
    [
      12,
      0,
      1,
      0,
      0,
      22029
    ]
  ]
}