{
  "accuracy": 0.9990992184395284,
  "micro_f1": 0.9990992184395284,
  "macro_f1": 0.8068964649131213,
  "false_alarms": 16,
  "false_alarm_rate": 0.0010207336523125998,
  "missed_attacks": 15,
  "detection_rate": 0.9993203443588582,
  "classes": [
    "benign",
    "phase1",
    "phase2",
    "phase3",
    "phase4",
    "phase5"
  ],
  "per_class": {
    "benign": {
      "TP": 15659,
      "FP": 15,
      "FN": 16,
      "precision": 0.9990430011483986,
      "recall": 0.9989792663476874,
      "f1": 0.9990111327315067
    },
    "phase1": {
      "TP": 6,
      "FP": 1,
      "FN": 0,
      "precision": 0.8571428571428571,
      "recall": 1.0,
      "f1": 0.923076923076923
    },
    "phase2": {
      "TP": 4,
      "FP": 2,
      "FN": 2,
      "precision": 0.6666666666666666,
      "recall": 0.6666666666666666,
      "f1": 0.6666666666666666
    },
    "phase3": {
      "TP": 9,
      "FP": 3,
      "FN": 1,
      "precision": 0.75,
      "recall": 0.9,
      "f1": 0.8181818181818182
    },
    "phase4": {
      "TP": 5,
      "FP": 12,
      "FN": 1,
      "precision": 0.29411764705882354,
      "recall": 0.8333333333333334,
      "f1": 0.4347826086956522
    },
    "phase5": {
      "TP": 22028,
      "FP": 1,
      "FN": 14,
      "precision": 0.9999546052930228,
      "recall": 0.99936484892478,
      "f1": 0.99965964012616
    }
  },
  "confusion_matrix": [
    [
      15659,
      1,
      1,
      3,
      10,
      1
    ],
    [
      0,
      6,
      0,
      0,
      0,
      0
    ],
    [
      2,
      0,
      4,
      0,
      0,
      0
    ],
    [
      0,
      0,
      1,
      9,
      0,
      0
    ],
    [
      1,
      0,
      0,
      0,
      5,
      0
    ],
    [
      12,
      0,
      0,
      0,
      2,
      22028
    ]
  ]
}