{
  "accuracy": 0.9939594648297788,
  "micro_f1": 0.9939594648297788,
  "macro_f1": 0.5446970654507605,
  "false_alarms": 212,
  "false_alarm_rate": 0.013524720893141946,
  "missed_attacks": 13,
  "detection_rate": 0.9994109651110105,
  "classes": [
    "benign",
    "phase1",
    "phase2",
    "phase3",
    "phase4",
    "phase5"
  ],
  "per_class": {
    "benign": {
      "TP": 15463,
      "FP": 13,
      "FN": 212,
      "precision": 0.9991599896614112,
      "recall": 0.9864752791068581,
      "f1": 0.9927771179095374
    },
    "phase1": {
      "TP": 6,
      "FP": 5,
      "FN": 0,
      "precision": 0.5454545454545454,
      "recall": 1.0,
      "f1": 0.7058823529411764
    },
    "phase2": {
      "TP": 5,
      "FP": 55,
      "FN": 1,
      "precision": 0.08333333333333333,
      "recall": 0.8333333333333334,
      "f1": 0.15151515151515152
    },
    "phase3": {
      "TP": 10,
      "FP": 39,
      "FN": 0,
      "precision": 0.20408163265306123,
      "recall": 1.0,
      "f1": 0.3389830508474576
    },
    "phase4": {
      "TP": 5,
      "FP": 115,
      "FN": 1,
      "precision": 0.041666666666666664,
      "recall": 0.8333333333333334,
      "f1": 0.07936507936507937
    },
    "phase5": {
      "TP": 22028,
      "FP": 1,
      "FN": 14,
      "precision": 0.9999546052930228,
      "recall": 0.99936484892478,
      "f1": 0.99965964012616
    }
  },
  "confusion_matrix": [
    [
      15463,
      4,
      55,
      38,
      114,
      1
    ],
    [
      0,
      6,
      0,
      0,
      0,
      0
    ],
    [
      0,
      1,
      5,
      0,
      0,
      0
    ],
    [
      0,
      0,
      0,
      10,
      0,
      0
    ],
    [
      1,
      0,
      0,
      0,
      5,
      0
    ],
    [
      12,
      0,
      0,
      1,
      1,
      22028
    ]
  ]
}