{
  "accuracy": 0.9991786991654524,
  "micro_f1": 0.9991786991654524,
  "macro_f1": 0.8305647560858888,
  "false_alarms": 13,
  "false_alarm_rate": 0.0008293460925039872,
  "missed_attacks": 17,
  "detection_rate": 0.9992297236067059,
  "classes": [
    "benign",
    "phase1",
    "phase2",
    "phase3",
    "phase4",
    "phase5"
  ],
  "per_class": {
    "benign": {
      "TP": 15662,
      "FP": 17,
      "FN": 13,
      "precision": 0.9989157471777537,
      "recall": 0.999170653907496,
      "f1": 0.9990431842827072
    },
    "phase1": {
      "TP": 6,
      "FP": 1,
      "FN": 0,
      "precision": 0.8571428571428571,
      "recall": 1.0,
      "f1": 0.923076923076923
    },
    "phase2": {
      "TP": 5,
      "FP": 3,
      "FN": 1,
      "precision": 0.625,
      "recall": 0.8333333333333334,
      "f1": 0.7142857142857143
    },
    "phase3": {
      "TP": 9,
      "FP": 0,
      "FN": 1,
      "precision": 1.0,
      "recall": 0.9,
      "f1": 0.9473684210526316
    },
    "phase4": {
      "TP": 3,
      "FP": 6,
      "FN": 3,
      "precision": 0.3333333333333333,
      "recall": 0.5,
      "f1": 0.4
    },
    "phase5": {
      "TP": 22029,
      "FP": 4,
      "FN": 13,
      "precision": 0.9998184541369763,
      "recall": 0.9994102168587242,
      "f1": 0.9996142938173568
    }
  },
  "confusion_matrix": [
    [
      15662,
      1,
      2,
      0,
      6,
      4
    ],
    [
      0,
      6,
      0,
      0,
      0,
      0
    ],
    [
      1,
      0,
      5,
      0,
      0,
      0
    ],
    [
      0,
      0,
      1,
      9,
      0,
      0
    ],
    [
      3,
      0,
      0,
      0,
      3,
      0
    ],
    [
      13,
      0,
      0,
      0,
      0,
      22029
    ]
  ]
}