{
  "accuracy": 0.9991522055901444,
  "micro_f1": 0.9991522055901444,
  "macro_f1": 0.8077127198344286,
  "false_alarms": 13,
  "false_alarm_rate": 0.0008293460925039872,
  "missed_attacks": 17,
  "detection_rate": 0.9992297236067059,
  "classes": [
    "benign",
    "phase1",
    "phase2",
    "phase3",
    "phase4",
    "phase5"
  ],
  "per_class": {
    "benign": {
      "TP": 15662,
      "FP": 17,
      "FN": 13,
      "precision": 0.9989157471777537,
      "recall": 0.999170653907496,
      "f1": 0.9990431842827072
    },
    "phase1": {
      "TP": 6,
      "FP": 2,
      "FN": 0,
      "precision": 0.75,
      "recall": 1.0,
      "f1": 0.8571428571428571
    },
    "phase2": {
      "TP": 4,
      "FP": 1,
      "FN": 2,
      "precision": 0.8,
      "recall": 0.6666666666666666,
      "f1": 0.7272727272727272
    },
    "phase3": {
      "TP": 9,
      "FP": 0,
      "FN": 1,
      "precision": 1.0,
      "recall": 0.9,
      "f1": 0.9473684210526316
    },
    "phase4": {
      "TP": 3,
      "FP": 10,
      "FN": 3,
      "precision": 0.23076923076923078,
      "recall": 0.5,
      "f1": 0.3157894736842105
    },
    "phase5": {
      "TP": 22029,
      "FP": 2,
      "FN": 13,
      "precision": 0.9999092188280151,
      "recall": 0.9994102168587242,
      "f1": 0.9996596555714382
    }
  },
  "confusion_matrix": [
    [
      15662,
      2,
      0,
      0,
      9,
      2
    ],
    [
      0,
      6,
      0,
      0,
      0,
      0
    ],
    [
      2,
      0,
      4,
      0,
      0,
      0
    ],
    [
      0,
      0,
      1,
      9,
      0,
      0
    ],
    [
      3,
      0,
      0,
      0,
      3,
      0
    ],
    [
      12,
      0,
      0,
      0,
      1,
      22029
    ]
  ]
}