{
  "accuracy": 0.9852695721287588,
  "micro_f1": 0.9852695721287588,
  "macro_f1": 0.44640270319516545,
  "false_alarms": 539,
  "false_alarm_rate": 0.0343859649122807,
  "missed_attacks": 12,
  "detection_rate": 0.9994562754870865,
  "classes": [
    "benign",
    "phase1",
    "phase2",
    "phase3",
    "phase4",
    "phase5"
  ],
  "per_class": {
    "benign": {
      "TP": 15136,
      "FP": 12,
      "FN": 539,
      "precision": 0.9992078162133615,
      "recall": 0.9656140350877193,
      "f1": 0.9821237387665055
    },
    "phase1": {
      "TP": 6,
      "FP": 17,
      "FN": 0,
      "precision": 0.2608695652173913,
      "recall": 1.0,
      "f1": 0.41379310344827586
    },
    "phase2": {
      "TP": 3,
      "FP": 229,
      "FN": 3,
      "precision": 0.01293103448275862,
      "recall": 0.5,
      "f1": 0.025210084033613443
    },
    "phase3": {
      "TP": 10,
      "FP": 73,
      "FN": 0,
      "precision": 0.12048192771084337,
      "recall": 1.0,
      "f1": 0.21505376344086022
    },
    "phase4": {
      "TP": 5,
      "FP": 224,
      "FN": 1,
      "precision": 0.021834061135371178,
      "recall": 0.8333333333333334,
      "f1": 0.042553191489361694
    },
    "phase5": {
      "TP": 22029,
      "FP": 1,
      "FN": 13,
      "precision": 0.9999546073536087,
      "recall": 0.9994102168587242,
      "f1": 0.999682337992376
    }
  },
  "confusion_matrix": [
    [
      15136,
      16,
      229,
      72,
      221,
      1
    ],
    [
      0,
      6,
      0,
      0,
      0,
      0
    ],
    [
      0,
      1,
      3,
      0,
      2,
      0
    ],
    [
      0,
      0,
      0,
      10,
      0,
      0
    ],
    [
      0,
      0,
      0,
      1,
      5,
      0
    ],
    [
      12,
      0,
      0,
      0,
      1,
      22029
    ]
  ]
}