{
  "accuracy": 0.9992051927407604,
  "micro_f1": 0.9992051927407604,
  "macro_f1": 0.7741625312172018,
  "false_alarms": 9,
  "false_alarm_rate": 0.0005741626794258373,
  "missed_attacks": 18,
  "detection_rate": 0.9991844132306298,
  "classes": [
    "benign",
    "phase1",
    "phase2",
    "phase3",
    "phase4",
    "phase5"
  ],
  "per_class": {
    "benign": {
      "TP": 15666,
      "FP": 18,
      "FN": 9,
      "precision": 0.9988523335883703,
      "recall": 0.9994258373205742,
      "f1": 0.9991390031569884
    },
    "phase1": {
      "TP": 6,
      "FP": 1,
      "FN": 0,
      "precision": 0.8571428571428571,
      "recall": 1.0,
      "f1": 0.923076923076923
    },
    "phase2": {
      "TP": 4,
      "FP": 3,
      "FN": 2,
      "precision": 0.5714285714285714,
      "recall": 0.6666666666666666,
      "f1": 0.6153846153846153
    },
    "phase3": {
      "TP": 8,
      "FP": 2,
      "FN": 2,
      "precision": 0.8,
      "recall": 0.8,
      "f1": 0.8000000000000002
    },
    "phase4": {
      "TP": 2,
      "FP": 5,
      "FN": 4,
      "precision": 0.2857142857142857,
      "recall": 0.3333333333333333,
      "f1": 0.30769230769230765
    },
    "phase5": {
      "TP": 22029,
      "FP": 1,
      "FN": 13,
      "precision": 0.9999546073536087,
      "recall": 0.9994102168587242,
      "f1": 0.999682337992376
    }
  },
  "confusion_matrix": [
    [
      15666,
      1,
      1,
      2,
      4,
      1
    ],
    [
      0,
      6,
      0,
      0,
      0,
      0
    ],
    [
      2,
      0,
      4,
      0,
      0,
      0
    ],
    [
      1,
      0,
      1,
      8,
      0,
      0
    ],
    [
      3,
      0,
      1,
      0,
      2,
      0
    ],
    [
      12,
      0,
      0,
      0,
      1,
      22029
    ]
  ]
}