{
  "accuracy": 0.984739700622599,
  "micro_f1": 0.984739700622599,
  "macro_f1": 0.3960502148989738,
  "false_alarms": 557,
  "false_alarm_rate": 0.03553429027113238,
  "missed_attacks": 12,
  "detection_rate": 0.9994562754870865,
  "classes": [
    "benign",
    "phase1",
    "phase2",
    "phase3",
    "phase4",
    "phase5"
  ],
  "per_class": {
    "benign": {
      "TP": 15118,
      "FP": 12,
      "FN": 557,
      "precision": 0.9992068737607402,
      "recall": 0.9644657097288676,
      "f1": 0.981528972569388
    },
    "phase1": {
      "TP": 6,
      "FP": 57,
      "FN": 0,
      "precision": 0.09523809523809523,
      "recall": 1.0,
      "f1": 0.17391304347826084
    },
    "phase2": {
      "TP": 3,
      "FP": 157,
      "FN": 3,
      "precision": 0.01875,
      "recall": 0.5,
      "f1": 0.03614457831325301
    },
    "phase3": {
      "TP": 8,
      "FP": 102,
      "FN": 2,
      "precision": 0.07272727272727272,
      "recall": 0.8,
      "f1": 0.13333333333333333
    },
    "phase4": {
      "TP": 6,
      "FP": 217,
      "FN": 0,
      "precision": 0.026905829596412557,
      "recall": 1.0,
      "f1": 0.05240174672489083
    },
    "phase5": {
      "TP": 22028,
      "FP": 31,
      "FN": 14,
      "precision": 0.9985946779092434,
      "recall": 0.99936484892478,
      "f1": 0.9989796149747171
    }
  },
  "confusion_matrix": [
    [
      15118,
      56,
      155,
      101,
      214,
      31
    ],
    [
      0,
      6,
      0,
      0,
      0,
      0
    ],
    [
      0,
      1,
      3,
      1,
      1,
      0
    ],
    [
      0,
      0,
      2,
      8,
      0,
      0
    ],
    [
      0,
      0,
      0,
      0,
      6,
      0
    ],
    [
      12,
      0,
      0,
      0,
      2,
      22028
    ]
  ]
}