{
  "accuracy": 0.9762882500993509,
  "micro_f1": 0.9762882500993509,
  "macro_f1": 0.3592802729867885,
  "false_alarms": 868,
  "false_alarm_rate": 0.055374800637958535,
  "missed_attacks": 15,
  "detection_rate": 0.9993203443588582,
  "classes": [
    "benign",
    "phase1",
    "phase2",
    "phase3",
    "phase4",
    "phase5"
  ],
  "per_class": {
    "benign": {
      "TP": 14807,
      "FP": 15,
      "FN": 868,
      "precision": 0.9989879908244501,
      "recall": 0.9446251993620415,
      "f1": 0.9710463324261402
    },
    "phase1": {
      "TP": 6,
      "FP": 140,
      "FN": 0,
      "precision": 0.0410958904109589,
      "recall": 1.0,
      "f1": 0.07894736842105263
    },
    "phase2": {
      "TP": 1,
      "FP": 434,
      "FN": 5,
      "precision": 0.0022988505747126436,
      "recall": 0.16666666666666666,
      "f1": 0.004535147392290249
    },
    "phase3": {
      "TP": 6,
      "FP": 116,
      "FN": 4,
      "precision": 0.04918032786885246,
      "recall": 0.6,
      "f1": 0.09090909090909091
    },
    "phase4": {
      "TP": 1,
      "FP": 178,
      "FN": 5,
      "precision": 0.00558659217877095,
      "recall": 0.16666666666666666,
      "f1": 0.010810810810810811
    },
    "phase5": {
      "TP": 22029,
      "FP": 12,
      "FN": 13,
      "precision": 0.9994555600925548,
      "recall": 0.9994102168587242,
      "f1": 0.9994328879613457
    }
  },
  "confusion_matrix": [
    [
      14807,
      138,
      427,
      114,
      177,
      12
    ],
    [
      0,
      6,
      0,
      0,
      0,
      0
    ],
    [
      1,
      1,
      1,
      2,
      1,
      0
    ],
    [
      1,
      0,
      3,
      6,
      0,
      0
    ],
    [
      1,
      1,
      3,
      0,
      1,
      0
    ],
    [
      12,
      0,
      1,
      0,
      0,
      22029
    ]
  ]
}