{
  "accuracy": 0.9877069810570936,
  "micro_f1": 0.9877069810570936,
  "macro_f1": 0.44963428687349305,
  "false_alarms": 448,
  "false_alarm_rate": 0.02858054226475279,
  "missed_attacks": 12,
  "detection_rate": 0.9994562754870865,
  "classes": [
    "benign",
    "phase1",
    "phase2",
    "phase3",
    "phase4",
    "phase5"
  ],
  "per_class": {
    "benign": {
      "TP": 15227,
      "FP": 12,
      "FN": 448,
      "precision": 0.9992125467550365,
      "recall": 0.9714194577352472,
      "f1": 0.9851200103512971
    },
    "phase1": {
      "TP": 6,
      "FP": 18,
      "FN": 0,
      "precision": 0.25,
      "recall": 1.0,
      "f1": 0.4
    },
    "phase2": {
      "TP": 4,
      "FP": 169,
      "FN": 2,
      "precision": 0.023121387283236993,
      "recall": 0.6666666666666666,
      "f1": 0.04469273743016759
    },
    "phase3": {
      "TP": 10,
      "FP": 76,
      "FN": 0,
      "precision": 0.11627906976744186,
      "recall": 1.0,
      "f1": 0.20833333333333334
    },
    "phase4": {
      "TP": 6,
      "FP": 188,
      "FN": 0,
      "precision": 0.030927835051546393,
      "recall": 1.0,
      "f1": 0.06000000000000001
    },
    "phase5": {
      "TP": 22028,
      "FP": 1,
      "FN": 14,
      "precision": 0.9999546052930228,
      "recall": 0.99936484892478,
      "f1": 0.99965964012616
    }
  },
  "confusion_matrix": [
    [
      15227,
      17,
      169,
      75,
      186,
      1
    ],
    [
      0,
      6,
      0,
      0,
      0,
      0
    ],
    [
      0,
      1,
      4,
      0,
      1,
      0
    ],
    [
      0,
      0,
      0,
      10,
      0,
      0
    ],
    [
      0,
      0,
      0,
      0,
      6,
      0
    ],
    [
      12,
      0,
      0,
      1,
      1,
      22028
    ]
  ]
}