{
  "accuracy": 0.9983573983309048,
  "micro_f1": 0.9983573983309048,
  "macro_f1": 0.6719961141526917,
  "false_alarms": 45,
  "false_alarm_rate": 0.0028708133971291866,
  "missed_attacks": 14,
  "detection_rate": 0.9993656547349343,
  "classes": [
    "benign",
    "phase1",
    "phase2",
    "phase3",
    "phase4",
    "phase5"
  ],
  "per_class": {
    "benign": {
      "TP": 15630,
      "FP": 14,
      "FN": 45,
      "precision": 0.9991050882127334,
      "recall": 0.9971291866028709,
      "f1": 0.9981161595197804
    },
    "phase1": {
      "TP": 6,
      "FP": 4,
      "FN": 0,
      "precision": 0.6,
      "recall": 1.0,
      "f1": 0.7499999999999999
    },
    "phase2": {
      "TP": 5,
      "FP": 20,
      "FN": 1,
      "precision": 0.2,
      "recall": 0.8333333333333334,
      "f1": 0.3225806451612903
    },
    "phase3": {
      "TP": 9,
      "FP": 12,
      "FN": 1,
      "precision": 0.42857142857142855,
      "recall": 0.9,
      "f1": 0.5806451612903225
    },
    "phase4": {
      "TP": 4,
      "FP": 11,
      "FN": 2,
      "precision": 0.26666666666666666,
      "recall": 0.6666666666666666,
      "f1": 0.3809523809523809
    },
    "phase5": {
      "TP": 22029,
      "FP": 1,
      "FN": 13,
      "precision": 0.9999546073536087,
      "recall": 0.9994102168587242,
      "f1": 0.999682337992376
    }
  },
  "confusion_matrix": [
    [
      15630,
      3,
      19,
      11,
      11,
      1
    ],
    [
      0,
      6,
      0,
      0,
      0,
      0
    ],
    [
      0,
      1,
      5,
      0,
      0,
      0
    ],
    [
      0,
      0,
      1,
      9,
      0,
      0
    ],
    [
      1,
      0,
      0,
      1,
      4,
      0
    ],
    [
      13,
      0,
      0,
      0,
      0,
      22029
    ]
  ]
}