{
  "accuracy": 0.9993906477679163,
  "micro_f1": 0.9993906477679163,
  "macro_f1": 0.8772291261151154,
  "false_alarms": 5,
  "false_alarm_rate": 0.0003189792663476874,
  "missed_attacks": 16,
  "detection_rate": 0.9992750339827821,
  "classes": [
    "benign",
    "phase1",
    "phase2",
    "phase3",
    "phase4",
    "phase5"
  ],
  "per_class": {
    "benign": {
      "TP": 15670,
      "FP": 16,
      "FN": 5,
      "precision": 0.9989799821496876,
      "recall": 0.9996810207336523,
      "f1": 0.9993303784955836
    },
    "phase1": {
      "TP": 6,
      "FP": 1,
      "FN": 0,
      "precision": 0.8571428571428571,
      "recall": 1.0,
      "f1": 0.923076923076923
    },
    "phase2": {
      "TP": 4,
      "FP": 1,
      "FN": 2,
      "precision": 0.8,
      "recall": 0.6666666666666666,
      "f1": 0.7272727272727272
    },
    "phase3": {
      "TP": 9,
      "FP": 0,
      "FN": 1,
      "precision": 1.0,
      "recall": 0.9,
      "f1": 0.9473684210526316
    },
    "phase4": {
      "TP": 5,
      "FP": 4,
      "FN": 1,
      "precision": 0.5555555555555556,
      "recall": 0.8333333333333334,
      "f1": 0.6666666666666667
    },
    "phase5": {
      "TP": 22028,
      "FP": 1,
      "FN": 14,
      "precision": 0.9999546052930228,
      "recall": 0.99936484892478,
      "f1": 0.99965964012616
    }
  },
  "confusion_matrix": [
    [
      15670,
      1,
      0,
      0,
      3,
      1
    ],
    [
      0,
      6,
      0,
      0,
      0,
      0
    ],
    [
      2,
      0,
      4,
      0,
      0,
      0
    ],
    [
      0,
      0,
      1,
      9,
      0,
      0
    ],
    [
      1,
      0,
      0,
      0,
      5,
      0
    ],
    [
      13,
      0,
      0,
      0,
      1,
      22028
    ]
  ]
}