{
  "accuracy": 0.9886607497681812,
  "micro_f1": 0.9886607497681812,
  "macro_f1": 0.4788430819347816,
  "false_alarms": 411,
  "false_alarm_rate": 0.026220095693779904,
  "missed_attacks": 12,
  "detection_rate": 0.9994562754870865,
  "classes": [
    "benign",
    "phase1",
    "phase2",
    "phase3",
    "phase4",
    "phase5"
  ],
  "per_class": {
    "benign": {
      "TP": 15264,
      "FP": 12,
      "FN": 411,
      "precision": 0.9992144540455616,
      "recall": 0.9737799043062201,
      "f1": 0.986333236405932
    },
    "phase1": {
      "TP": 6,
      "FP": 13,
      "FN": 0,
      "precision": 0.3157894736842105,
      "recall": 1.0,
      "f1": 0.4799999999999999
    },
    "phase2": {
      "TP": 5,
      "FP": 141,
      "FN": 1,
      "precision": 0.03424657534246575,
      "recall": 0.8333333333333334,
      "f1": 0.06578947368421052
    },
    "phase3": {
      "TP": 7,
      "FP": 31,
      "FN": 3,
      "precision": 0.18421052631578946,
      "recall": 0.7,
      "f1": 0.29166666666666663
    },
    "phase4": {
      "TP": 6,
      "FP": 230,
      "FN": 0,
      "precision": 0.025423728813559324,
      "recall": 1.0,
      "f1": 0.04958677685950414
    },
    "phase5": {
      "TP": 22029,
      "FP": 1,
      "FN": 13,
      "precision": 0.9999546073536087,
      "recall": 0.9994102168587242,
      "f1": 0.999682337992376
    }
  },
  "confusion_matrix": [
    [
      15264,
      12,
      138,
      31,
      229,
      1
    ],
    [
      0,
      6,
      0,
      0,
      0,
      0
    ],
    [
      0,
      1,
      5,
      0,
      0,
      0
    ],
    [
      0,
      0,
      3,
      7,
      0,
      0
    ],
    [
      0,
      0,
      0,
      0,
      6,
      0
    ],
    [
      12,
      0,
      0,
      0,
      1,
      22029
    ]
  ]
}