{
  "accuracy": 0.989243608424957,
  "micro_f1": 0.989243608424957,
  "macro_f1": 0.5226773575309229,
  "false_alarms": 389,
  "false_alarm_rate": 0.02481658692185008,
  "missed_attacks": 12,
  "detection_rate": 0.9994562754870865,
  "classes": [
    "benign",
    "phase1",
    "phase2",
    "phase3",
    "phase4",
    "phase5"
  ],
  "per_class": {
    "benign": {
      "TP": 15286,
      "FP": 12,
      "FN": 389,
      "precision": 0.9992155837364362,
      "recall": 0.9751834130781499,
      "f1": 0.9870532399186388
    },
    "phase1": {
      "TP": 6,
      "FP": 7,
      "FN": 0,
      "precision": 0.46153846153846156,
      "recall": 1.0,
      "f1": 0.631578947368421
    },
    "phase2": {
      "TP": 5,
      "FP": 211,
      "FN": 1,
      "precision": 0.023148148148148147,
      "recall": 0.8333333333333334,
      "f1": 0.04504504504504504
    },
    "phase3": {
      "TP": 8,
      "FP": 22,
      "FN": 2,
      "precision": 0.26666666666666666,
      "recall": 0.8,
      "f1": 0.4
    },
    "phase4": {
      "TP": 6,
      "FP": 153,
      "FN": 0,
      "precision": 0.03773584905660377,
      "recall": 1.0,
      "f1": 0.07272727272727272
    },
    "phase5": {
      "TP": 22028,
      "FP": 1,
      "FN": 14,
      "precision": 0.9999546052930228,
      "recall": 0.99936484892478,
      "f1": 0.99965964012616
    }
  },
  "confusion_matrix": [
    [
      15286,
      6,
      209,
      22,
      151,
      1
    ],
    [
      0,
      6,
      0,
      0,
      0,
      0
    ],
    [
      0,
      1,
      5,
      0,
      0,
      0
    ],
    [
      0,
      0,
      2,
      8,
      0,
      0
    ],
    [
      0,
      0,
      0,
      0,
      6,
      0
    ],
    [
      12,
      0,
      0,
      0,
      2,
      22028
    ]
  ]
}