{
  "accuracy": 0.9093654788713736,
  "micro_f1": 0.9093654788713736,
  "macro_f1": 0.5229029789143524,
  "false_alarms": 3401,
  "false_alarm_rate": 0.21696969696969698,
  "missed_attacks": 1,
  "detection_rate": 0.9999546896239239,
  "classes": [
    "benign",
    "phase1",
    "phase2",
    "phase3",
    "phase4",
    "phase5"
  ],
  "per_class": {
    "benign": {
      "TP": 12274,
      "FP": 1,
      "FN": 3401,
      "precision": 0.999918533604888,
      "recall": 0.7830303030303031,
      "f1": 0.8782826475849732
    },
    "phase1": {
      "TP": 6,
      "FP": 6,
      "FN": 0,
      "precision": 0.5,
      "recall": 1.0,
      "f1": 0.6666666666666666
    },
    "phase2": {
      "TP": 3,
      "FP": 127,
      "FN": 3,
      "precision": 0.023076923076923078,
      "recall": 0.5,
      "f1": 0.04411764705882353
    },
    "phase3": {
      "TP": 6,
      "FP": 6,
      "FN": 4,
      "precision": 0.5,
      "recall": 0.6,
      "f1": 0.5454545454545454
    },
    "phase4": {
      "TP": 6,
      "FP": 3260,
      "FN": 0,
      "precision": 0.001837109614206981,
      "recall": 1.0,
      "f1": 0.0036674816625916875
    },
    "phase5": {
      "TP": 22029,
      "FP": 21,
      "FN": 13,
      "precision": 0.9990476190476191,
      "recall": 0.9994102168587242,
      "f1": 0.999228885058514
    }
  },
  "confusion_matrix": [
    [
      12274,
      5,
      123,
      5,
      3247,
      21
    ],
    [
      0,
      6,
      0,
      0,
      0,
      0
    ],
    [
      0,
      1,
      3,
      1,
      1,
      0
    ],
    [
      0,
      0,
      4,
      6,
      0,
      0
    ],
    [
      0,
      0,
      0,
      0,
      6,
      0
    ],
    [
      1,
      0,
      0,
      0,
      12,
      22029
    ]
  ]
}