{
  "accuracy": 0.9961584315803418,
  "micro_f1": 0.9961584315803418,
  "macro_f1": 0.5886022060736117,
  "false_alarms": 130,
  "false_alarm_rate": 0.008293460925039872,
  "missed_attacks": 12,
  "detection_rate": 0.9994562754870865,
  "classes": [
    "benign",
    "phase1",
    "phase2",
    "phase3",
    "phase4",
    "phase5"
  ],
  "per_class": {
    "benign": {
      "TP": 15545,
      "FP": 12,
      "FN": 130,
      "precision": 0.9992286430545735,
      "recall": 0.9917065390749601,
      "f1": 0.9954533811475409
    },
    "phase1": {
      "TP": 6,
      "FP": 5,
      "FN": 0,
      "precision": 0.5454545454545454,
      "recall": 1.0,
      "f1": 0.7058823529411764
    },
    "phase2": {
      "TP": 5,
      "FP": 35,
      "FN": 1,
      "precision": 0.125,
      "recall": 0.8333333333333334,
      "f1": 0.21739130434782608
    },
    "phase3": {
      "TP": 9,
      "FP": 28,
      "FN": 1,
      "precision": 0.24324324324324326,
      "recall": 0.9,
      "f1": 0.3829787234042553
    },
    "phase4": {
      "TP": 6,
      "FP": 40,
      "FN": 0,
      "precision": 0.13043478260869565,
      "recall": 1.0,
      "f1": 0.23076923076923078
    },
    "phase5": {
      "TP": 22029,
      "FP": 25,
      "FN": 13,
      "precision": 0.9988664187902422,
      "recall": 0.9994102168587242,
      "f1": 0.9991382438316401
    }
  },
  "confusion_matrix": [
    [
      15545,
      4,
      34,
      28,
      39,
      25
    ],
    [
      0,
      6,
      0,
      0,
      0,
      0
    ],
    [
      0,
      1,
      5,
      0,
      0,
      0
    ],
    [
      0,
      0,
      1,
      9,
      0,
      0
    ],
    [
      0,
      0,
      0,
      0,
      6,
      0
    ],
    [
      12,
      0,
      0,
      0,
      1,
      22029
    ]
  ]
}