{
  "accuracy": 0.9311696913498476,
  "micro_f1": 0.9311696913498476,
  "macro_f1": 0.41930041092790843,
  "false_alarms": 2578,
  "false_alarm_rate": 0.16446570972886762,
  "missed_attacks": 2,
  "detection_rate": 0.9999093792478477,
  "classes": [
    "benign",
    "phase1",
    "phase2",
    "phase3",
    "phase4",
    "phase5"
  ],
  "per_class": {
    "benign": {
      "TP": 13097,
      "FP": 2,
      "FN": 2578,
      "precision": 0.9998473165890526,
      "recall": 0.8355342902711324,
      "f1": 0.9103357197469938
    },
    "phase1": {
      "TP": 6,
      "FP": 20,
      "FN": 0,
      "precision": 0.23076923076923078,
      "recall": 1.0,
      "f1": 0.375
    },
    "phase2": {
      "TP": 4,
      "FP": 1700,
      "FN": 2,
      "precision": 0.002347417840375587,
      "recall": 0.6666666666666666,
      "f1": 0.004678362573099415
    },
    "phase3": {
      "TP": 6,
      "FP": 40,
      "FN": 4,
      "precision": 0.13043478260869565,
      "recall": 0.6,
      "f1": 0.21428571428571427
    },
    "phase4": {
      "TP": 5,
      "FP": 835,
      "FN": 1,
      "precision": 0.005952380952380952,
      "recall": 0.8333333333333334,
      "f1": 0.01182033096926714
    },
    "phase5": {
      "TP": 22029,
      "FP": 1,
      "FN": 13,
      "precision": 0.9999546073536087,
      "recall": 0.9994102168587242,
      "f1": 0.999682337992376
    }
  },
  "confusion_matrix": [
    [
      13097,
      19,
      1689,
      39,
      830,
      1
    ],
    [
      0,
      6,
      0,
      0,
      0,
      0
    ],
    [
      0,
      1,
      4,
      1,
      0,
      0
    ],
    [
      0,
      0,
      4,
      6,
      0,
      0
    ],
    [
      0,
      0,
      1,
      0,
      5,
      0
    ],
    [
      2,
      0,
      6,
      0,
      5,
      22029
    ]
  ]
}