{
  "accuracy": 0.9969532388395814,
  "micro_f1": 0.9969532388395814,
  "macro_f1": 0.6012884997223035,
  "false_alarms": 99,
  "false_alarm_rate": 0.00631578947368421,
  "missed_attacks": 12,
  "detection_rate": 0.9994562754870865,
  "classes": [
    "benign",
    "phase1",
    "phase2",
    "phase3",
    "phase4",
    "phase5"
  ],
  "per_class": {
    "benign": {
      "TP": 15576,
      "FP": 12,
      "FN": 99,
      "precision": 0.9992301770592764,
      "recall": 0.9936842105263158,
      "f1": 0.9964494770175606
    },
    "phase1": {
      "TP": 6,
      "FP": 4,
      "FN": 0,
      "precision": 0.6,
      "recall": 1.0,
      "f1": 0.7499999999999999
    },
    "phase2": {
      "TP": 5,
      "FP": 30,
      "FN": 1,
      "precision": 0.14285714285714285,
      "recall": 0.8333333333333334,
      "f1": 0.2439024390243902
    },
    "phase3": {
      "TP": 9,
      "FP": 27,
      "FN": 1,
      "precision": 0.25,
      "recall": 0.9,
      "f1": 0.391304347826087
    },
    "phase4": {
      "TP": 6,
      "FP": 41,
      "FN": 0,
      "precision": 0.1276595744680851,
      "recall": 1.0,
      "f1": 0.22641509433962262
    },
    "phase5": {
      "TP": 22028,
      "FP": 1,
      "FN": 14,
      "precision": 0.9999546052930228,
      "recall": 0.99936484892478,
      "f1": 0.99965964012616
    }
  },
  "confusion_matrix": [
    [
      15576,
      3,
      29,
      27,
      39,
      1
    ],
    [
      0,
      6,
      0,
      0,
      0,
      0
    ],
    [
      0,
      1,
      5,
      0,
      0,
      0
    ],
    [
      0,
      0,
      1,
      9,
      0,
      0
    ],
    [
      0,
      0,
      0,
      0,
      6,
      0
    ],
    [
      12,
      0,
      0,
      0,
      2,
      22028
    ]
  ]
}