{
  "accuracy": 0.9938799841038548,
  "micro_f1": 0.9938799841038548,
  "macro_f1": 0.5610037669362241,
  "false_alarms": 217,
  "false_alarm_rate": 0.013843700159489634,
  "missed_attacks": 12,
  "detection_rate": 0.9994562754870865,
  "classes": [
    "benign",
    "phase1",
    "phase2",
    "phase3",
    "phase4",
    "phase5"
  ],
  "per_class": {
    "benign": {
      "TP": 15458,
      "FP": 12,
      "FN": 217,
      "precision": 0.999224305106658,
      "recall": 0.9861562998405103,
      "f1": 0.9926472949109005
    },
    "phase1": {
      "TP": 6,
      "FP": 6,
      "FN": 0,
      "precision": 0.5,
      "recall": 1.0,
      "f1": 0.6666666666666666
    },
    "phase2": {
      "TP": 5,
      "FP": 43,
      "FN": 1,
      "precision": 0.10416666666666667,
      "recall": 0.8333333333333334,
      "f1": 0.1851851851851852
    },
    "phase3": {
      "TP": 10,
      "FP": 25,
      "FN": 0,
      "precision": 0.2857142857142857,
      "recall": 1.0,
      "f1": 0.4444444444444445
    },
    "phase4": {
      "TP": 6,
      "FP": 143,
      "FN": 0,
      "precision": 0.040268456375838924,
      "recall": 1.0,
      "f1": 0.07741935483870968
    },
    "phase5": {
      "TP": 22029,
      "FP": 2,
      "FN": 13,
      "precision": 0.9999092188280151,
      "recall": 0.9994102168587242,
      "f1": 0.9996596555714382
    }
  },
  "confusion_matrix": [
    [
      15458,
      5,
      43,
      25,
      142,
      2
    ],
    [
      0,
      6,
      0,
      0,
      0,
      0
    ],
    [
      0,
      1,
      5,
      0,
      0,
      0
    ],
    [
      0,
      0,
      0,
      10,
      0,
      0
    ],
    [
      0,
      0,
      0,
      0,
      6,
      0
    ],
    [
      12,
      0,
      0,
      0,
      1,
      22029
    ]
  ]
}