{
  "accuracy": 0.8742349980129819,
  "micro_f1": 0.8742349980129819,
  "macro_f1": 0.42516526512934116,
  "false_alarms": 4722,
  "false_alarm_rate": 0.301244019138756,
  "missed_attacks": 6,
  "detection_rate": 0.9997281377435433,
  "classes": [
    "benign",
    "phase1",
    "phase2",
    "phase3",
    "phase4",
    "phase5"
  ],
  "per_class": {
    "benign": {
      "TP": 10953,
      "FP": 6,
      "FN": 4722,
      "precision": 0.9994525047905831,
      "recall": 0.698755980861244,
      "f1": 0.8224825411128632
    },
    "phase1": {
      "TP": 6,
      "FP": 7,
      "FN": 0,
      "precision": 0.46153846153846156,
      "recall": 1.0,
      "f1": 0.631578947368421
    },
    "phase2": {
      "TP": 4,
      "FP": 4419,
      "FN": 2,
      "precision": 0.0009043635541487678,
      "recall": 0.6666666666666666,
      "f1": 0.001806276811921427
    },
    "phase3": {
      "TP": 6,
      "FP": 125,
      "FN": 4,
      "precision": 0.04580152671755725,
      "recall": 0.6,
      "f1": 0.08510638297872342
    },
    "phase4": {
      "TP": 1,
      "FP": 184,
      "FN": 5,
      "precision": 0.005405405405405406,
      "recall": 0.16666666666666666,
      "f1": 0.010471204188481676
    },
    "phase5": {
      "TP": 22028,
      "FP": 6,
      "FN": 14,
      "precision": 0.9997276935644912,
      "recall": 0.99936484892478,
      "f1": 0.9995462383156366
    }
  },
  "confusion_matrix": [
    [
      10953,
      7,
      4403,
      124,
      182,
      6
    ],
    [
      0,
      6,
      0,
      0,
      0,
      0
    ],
    [
      0,
      0,
      4,
      1,
      1,
      0
    ],
    [
      0,
      0,
      4,
      6,
      0,
      0
    ],
    [
      1,
      0,
      4,
      0,
      1,
      0
    ],
    [
      5,
      0,
      8,
      0,
      1,
      22028
    ]
  ]
}