{
  "accuracy": 0.9877864617830177,
  "micro_f1": 0.9877864617830177,
  "macro_f1": 0.5179289775873582,
  "false_alarms": 446,
  "false_alarm_rate": 0.028452950558213716,
  "missed_attacks": 12,
  "detection_rate": 0.9994562754870865,
  "classes": [
    "benign",
    "phase1",
    "phase2",
    "phase3",
    "phase4",
    "phase5"
  ],
  "per_class": {
    "benign": {
      "TP": 15229,
      "FP": 12,
      "FN": 446,
      "precision": 0.9992126500885768,
      "recall": 0.9715470494417863,
      "f1": 0.985185664380903
    },
    "phase1": {
      "TP": 6,
      "FP": 3,
      "FN": 0,
      "precision": 0.6666666666666666,
      "recall": 1.0,
      "f1": 0.8
    },
    "phase2": {
      "TP": 5,
      "FP": 148,
      "FN": 1,
      "precision": 0.032679738562091505,
      "recall": 0.8333333333333334,
      "f1": 0.06289308176100629
    },
    "phase3": {
      "TP": 10,
      "FP": 76,
      "FN": 0,
      "precision": 0.11627906976744186,
      "recall": 1.0,
      "f1": 0.20833333333333334
    },
    "phase4": {
      "TP": 6,
      "FP": 221,
      "FN": 0,
      "precision": 0.02643171806167401,
      "recall": 1.0,
      "f1": 0.05150214592274678
    },
    "phase5": {
      "TP": 22028,
      "FP": 1,
      "FN": 14,
      "precision": 0.9999546052930228,
      "recall": 0.99936484892478,
      "f1": 0.99965964012616
    }
  },
  "confusion_matrix": [
    [
      15229,
      3,
      148,
      76,
      218,
      1
    ],
    [
      0,
      6,
      0,
      0,
      0,
      0
    ],
    [
      0,
      0,
      5,
      0,
      1,
      0
    ],
    [
      0,
      0,
      0,
      10,
      0,
      0
    ],
    [
      0,
      0,
      0,
      0,
      6,
      0
    ],
    [
      12,
      0,
      0,
      0,
      2,
      22028
    ]
  ]
}