{
  "accuracy": 0.9764472115511988,
  "micro_f1": 0.9764472115511988,
  "macro_f1": 0.4482190439567479,
  "false_alarms": 869,
  "false_alarm_rate": 0.05543859649122807,
  "missed_attacks": 8,
  "detection_rate": 0.999637516991391,
  "classes": [
    "benign",
    "phase1",
    "phase2",
    "phase3",
    "phase4",
    "phase5"
  ],
  "per_class": {
    "benign": {
      "TP": 14806,
      "FP": 8,
      "FN": 869,
      "precision": 0.9994599702983664,
      "recall": 0.9445614035087719,
      "f1": 0.9712355275673193
    },
    "phase1": {
      "TP": 6,
      "FP": 13,
      "FN": 0,
      "precision": 0.3157894736842105,
      "recall": 1.0,
      "f1": 0.4799999999999999
    },
    "phase2": {
      "TP": 5,
      "FP": 213,
      "FN": 1,
      "precision": 0.022935779816513763,
      "recall": 0.8333333333333334,
      "f1": 0.04464285714285715
    },
    "phase3": {
      "TP": 7,
      "FP": 62,
      "FN": 3,
      "precision": 0.10144927536231885,
      "recall": 0.7,
      "f1": 0.17721518987341772
    },
    "phase4": {
      "TP": 5,
      "FP": 592,
      "FN": 1,
      "precision": 0.008375209380234505,
      "recall": 0.8333333333333334,
      "f1": 0.016583747927031506
    },
    "phase5": {
      "TP": 22027,
      "FP": 1,
      "FN": 15,
      "precision": 0.9999546032322498,
      "recall": 0.9993194809908357,
      "f1": 0.9996369412298616
    }
  },
  "confusion_matrix": [
    [
      14806,
      12,
      208,
      62,
      586,
      1
    ],
    [
      0,
      6,
      0,
      0,
      0,
      0
    ],
    [
      0,
      0,
      5,
      0,
      1,
      0
    ],
    [
      0,
      0,
      3,
      7,
      0,
      0
    ],
    [
      0,
      0,
      1,
      0,
      5,
      0
    ],
    [
      8,
      1,
      1,
      0,
      5,
      22027
    ]
  ]
}