{
  "accuracy": 0.9992581798913763,
  "micro_f1": 0.9992581798913763,
  "macro_f1": 0.8510571309922305,
  "false_alarms": 11,
  "false_alarm_rate": 0.0007017543859649122,
  "missed_attacks": 15,
  "detection_rate": 0.9993203443588582,
  "classes": [
    "benign",
    "phase1",
    "phase2",
    "phase3",
    "phase4",
    "phase5"
  ],
  "per_class": {
    "benign": {
      "TP": 15664,
      "FP": 15,
      "FN": 11,
      "precision": 0.9990433063333121,
      "recall": 0.9992982456140351,
      "f1": 0.9991707597116795
    },
    "phase1": {
      "TP": 6,
      "FP": 1,
      "FN": 0,
      "precision": 0.8571428571428571,
      "recall": 1.0,
      "f1": 0.923076923076923
    },
    "phase2": {
      "TP": 5,
      "FP": 2,
      "FN": 1,
      "precision": 0.7142857142857143,
      "recall": 0.8333333333333334,
      "f1": 0.7692307692307692
    },
    "phase3": {
      "TP": 8,
      "FP": 0,
      "FN": 2,
      "precision": 1.0,
      "recall": 0.8,
      "f1": 0.888888888888889
    },
    "phase4": {
      "TP": 5,
      "FP": 8,
      "FN": 1,
      "precision": 0.38461538461538464,
      "recall": 0.8333333333333334,
      "f1": 0.5263157894736842
    },
    "phase5": {
      "TP": 22029,
      "FP": 2,
      "FN": 13,
      "precision": 0.9999092188280151,
      "recall": 0.9994102168587242,
      "f1": 0.9996596555714382
    }
  },
  "confusion_matrix": [
    [
      15664,
      1,
      1,
      0,
      7,
      2
    ],
    [
      0,
      6,
      0,
      0,
      0,
      0
    ],
    [
      1,
      0,
      5,
      0,
      0,
      0
    ],
    [
      1,
      0,
      1,
      8,
      0,
      0
    ],
    [
      1,
      0,
      0,
      0,
      5,
      0
    ],
    [
      12,
      0,
      0,
      0,
      1,
      22029
    ]
  ]
}