{
  "accuracy": 0.9992316863160684,
  "micro_f1": 0.9992316863160684,
  "macro_f1": 0.8371513667446785,
  "false_alarms": 12,
  "false_alarm_rate": 0.0007655502392344498,
  "missed_attacks": 15,
  "detection_rate": 0.9993203443588582,
  "classes": [
    "benign",
    "phase1",
    "phase2",
    "phase3",
    "phase4",
    "phase5"
  ],
  "per_class": {
    "benign": {
      "TP": 15663,
      "FP": 15,
      "FN": 12,
      "precision": 0.999043245311902,
      "recall": 0.9992344497607656,
      "f1": 0.9991388383886709
    },
    "phase1": {
      "TP": 6,
      "FP": 1,
      "FN": 0,
      "precision": 0.8571428571428571,
      "recall": 1.0,
      "f1": 0.923076923076923
    },
    "phase2": {
      "TP": 4,
      "FP": 2,
      "FN": 2,
      "precision": 0.6666666666666666,
      "recall": 0.6666666666666666,
      "f1": 0.6666666666666666
    },
    "phase3": {
      "TP": 8,
      "FP": 0,
      "FN": 2,
      "precision": 1.0,
      "recall": 0.8,
      "f1": 0.888888888888889
    },
    "phase4": {
      "TP": 6,
      "FP": 10,
      "FN": 0,
      "precision": 0.375,
      "recall": 1.0,
      "f1": 0.5454545454545454
    },
    "phase5": {
      "TP": 22029,
      "FP": 1,
      "FN": 13,
      "precision": 0.9999546073536087,
      "recall": 0.9994102168587242,
      "f1": 0.999682337992376
    }
  },
  "confusion_matrix": [
    [
      15663,
      1,
      1,
      0,
      9,
      1
    ],
    [
      0,
      6,
      0,
      0,
      0,
      0
    ],
    [
      2,
      0,
      4,
      0,
      0,
      0
    ],
    [
      1,
      0,
      1,
      8,
      0,
      0
    ],
    [
      0,
      0,
      0,
      0,
      6,
      0
    ],
    [
      12,
      0,
      0,
      0,
      1,
      22029
    ]
  ]
}