{
  "accuracy": 0.8925155649754934,
  "micro_f1": 0.8925155649754934,
  "macro_f1": 0.43723487638309705,
  "false_alarms": 4027,
  "false_alarm_rate": 0.2569059011164274,
  "missed_attacks": 7,
  "detection_rate": 0.9996828273674672,
  "classes": [
    "benign",
    "phase1",
    "phase2",
    "phase3",
    "phase4",
    "phase5"
  ],
  "per_class": {
    "benign": {
      "TP": 11648,
      "FP": 7,
      "FN": 4027,
      "precision": 0.9993993993993994,
      "recall": 0.7430940988835726,
      "f1": 0.8523966337358215
    },
    "phase1": {
      "TP": 5,
      "FP": 2,
      "FN": 1,
      "precision": 0.7142857142857143,
      "recall": 0.8333333333333334,
      "f1": 0.7692307692307692
    },
    "phase2": {
      "TP": 6,
      "FP": 3980,
      "FN": 0,
      "precision": 0.0015052684395383843,
      "recall": 1.0,
      "f1": 0.003006012024048096
    },
    "phase3": {
      "TP": 0,
      "FP": 0,
      "FN": 10,
      "precision": 0.0,
      "recall": 0.0,
      "f1": 0.0
    },
    "phase4": {
      "TP": 0,
      "FP": 27,
      "FN": 6,
      "precision": 0.0,
      "recall": 0.0,
      "f1": 0.0
    },
    "phase5": {
      "TP": 22029,
      "FP": 41,
      "FN": 13,
      "precision": 0.998142274580879,
      "recall": 0.9994102168587242,
      "f1": 0.9987758433079433
    }
  },
  "confusion_matrix": [
    [
      11648,
      2,
      3957,
      0,
      27,
      41
    ],
    [
      0,
      5,
      1,
      0,
      0,
      0
    ],
    [
      0,
      0,
      6,
      0,
      0,
      0
    ],
    [
      0,
      0,
      10,
      0,
      0,
      0
    ],
    [
      1,
      0,
      5,
      0,
      0,
      0
    ],
    [
      6,
      0,
      7,
      0,
      0,
      22029
    ]
  ]
}