{
  "accuracy": 0.9862233408398463,
  "micro_f1": 0.9862233408398463,
  "macro_f1": 0.5039285869819142,
  "false_alarms": 503,
  "false_alarm_rate": 0.032089314194577355,
  "missed_attacks": 13,
  "detection_rate": 0.9994109651110105,
  "classes": [
    "benign",
    "phase1",
    "phase2",
    "phase3",
    "phase4",
    "phase5"
  ],
  "per_class": {
    "benign": {
      "TP": 15172,
      "FP": 13,
      "FN": 503,
      "precision": 0.9991438919986829,
      "recall": 0.9679106858054226,
      "f1": 0.9832793259883343
    },
    "phase1": {
      "TP": 6,
      "FP": 5,
      "FN": 0,
      "precision": 0.5454545454545454,
      "recall": 1.0,
      "f1": 0.7058823529411764
    },
    "phase2": {
      "TP": 5,
      "FP": 126,
      "FN": 1,
      "precision": 0.03816793893129771,
      "recall": 0.8333333333333334,
      "f1": 0.072992700729927
    },
    "phase3": {
      "TP": 8,
      "FP": 51,
      "FN": 2,
      "precision": 0.13559322033898305,
      "recall": 0.8,
      "f1": 0.23188405797101452
    },
    "phase4": {
      "TP": 5,
      "FP": 324,
      "FN": 1,
      "precision": 0.015197568389057751,
      "recall": 0.8333333333333334,
      "f1": 0.02985074626865672
    },
    "phase5": {
      "TP": 22029,
      "FP": 1,
      "FN": 13,
      "precision": 0.9999546073536087,
      "recall": 0.9994102168587242,
      "f1": 0.999682337992376
    }
  },
  "confusion_matrix": [
    [
      15172,
      5,
      124,
      51,
      322,
      1
    ],
    [
      0,
      6,
      0,
      0,
      0,
      0
    ],
    [
      0,
      0,
      5,
      0,
      1,
      0
    ],
    [
      1,
      0,
      1,
      8,
      0,
      0
    ],
    [
      0,
      0,
      1,
      0,
      5,
      0
    ],
    [
      12,
      0,
      0,
      0,
      1,
      22029
    ]
  ]
}