{
  "accuracy": 0.9242283746191549,
  "micro_f1": 0.9242283746191549,
  "macro_f1": 0.3890060516195393,
  "false_alarms": 2839,
  "false_alarm_rate": 0.1811164274322169,
  "missed_attacks": 6,
  "detection_rate": 0.9997281377435433,
  "classes": [
    "benign",
    "phase1",
    "phase2",
    "phase3",
    "phase4",
    "phase5"
  ],
  "per_class": {
    "benign": {
      "TP": 12836,
      "FP": 6,
      "FN": 2839,
      "precision": 0.9995327830555988,
      "recall": 0.8188835725677831,
      "f1": 0.9002349475751307
    },
    "phase1": {
      "TP": 6,
      "FP": 19,
      "FN": 0,
      "precision": 0.24,
      "recall": 1.0,
      "f1": 0.3870967741935484
    },
    "phase2": {
      "TP": 3,
      "FP": 1668,
      "FN": 3,
      "precision": 0.0017953321364452424,
      "recall": 0.5,
      "f1": 0.003577817531305904
    },
    "phase3": {
      "TP": 8,
      "FP": 851,
      "FN": 2,
      "precision": 0.009313154831199068,
      "recall": 0.8,
      "f1": 0.018411967779056387
    },
    "phase4": {
      "TP": 4,
      "FP": 307,
      "FN": 2,
      "precision": 0.012861736334405145,
      "recall": 0.6666666666666666,
      "f1": 0.02523659305993691
    },
    "phase5": {
      "TP": 22028,
      "FP": 9,
      "FN": 14,
      "precision": 0.9995915959522621,
      "recall": 0.99936484892478,
      "f1": 0.9994782095782573
    }
  },
  "confusion_matrix": [
    [
      12836,
      19,
      1658,
      850,
      303,
      9
    ],
    [
      0,
      6,
      0,
      0,
      0,
      0
    ],
    [
      0,
      0,
      3,
      1,
      2,
      0
    ],
    [
      0,
      0,
      2,
      8,
      0,
      0
    ],
    [
      0,
      0,
      2,
      0,
      4,
      0
    ],
    [
      6,
      0,
      6,
      0,
      2,
      22028
    ]
  ]
}