{
  "accuracy": 0.9910186779705922,
  "micro_f1": 0.9910186779705922,
  "macro_f1": 0.4776725214582274,
  "false_alarms": 323,
  "false_alarm_rate": 0.020606060606060607,
  "missed_attacks": 12,
  "detection_rate": 0.9994562754870865,
  "classes": [
    "benign",
    "phase1",
    "phase2",
    "phase3",
    "phase4",
    "phase5"
  ],
  "per_class": {
    "benign": {
      "TP": 15352,
      "FP": 12,
      "FN": 323,
      "precision": 0.9992189533975527,
      "recall": 0.9793939393939394,
      "f1": 0.9892071265182512
    },
    "phase1": {
      "TP": 6,
      "FP": 10,
      "FN": 0,
      "precision": 0.375,
      "recall": 1.0,
      "f1": 0.5454545454545454
    },
    "phase2": {
      "TP": 4,
      "FP": 96,
      "FN": 2,
      "precision": 0.04,
      "recall": 0.6666666666666666,
      "f1": 0.07547169811320754
    },
    "phase3": {
      "TP": 10,
      "FP": 102,
      "FN": 0,
      "precision": 0.08928571428571429,
      "recall": 1.0,
      "f1": 0.1639344262295082
    },
    "phase4": {
      "TP": 6,
      "FP": 118,
      "FN": 0,
      "precision": 0.04838709677419355,
      "recall": 1.0,
      "f1": 0.09230769230769231
    },
    "phase5": {
      "TP": 22028,
      "FP": 1,
      "FN": 14,
      "precision": 0.9999546052930228,
      "recall": 0.99936484892478,
      "f1": 0.99965964012616
    }
  },
  "confusion_matrix": [
    [
      15352,
      9,
      96,
      101,
      116,
      1
    ],
    [
      0,
      6,
      0,
      0,
      0,
      0
    ],
    [
      0,
      1,
      4,
      0,
      1,
      0
    ],
    [
      0,
      0,
      0,
      10,
      0,
      0
    ],
    [
      0,
      0,
      0,
      0,
      6,
      0
    ],
    [
      12,
      0,
      0,
      1,
      1,
      22028
    ]
  ]
}