{
  "accuracy": 0.9647900384156842,
  "micro_f1": 0.9647900384156842,
  "macro_f1": 0.3390266378710649,
  "false_alarms": 1301,
  "false_alarm_rate": 0.08299840510366827,
  "missed_attacks": 13,
  "detection_rate": 0.9994109651110105,
  "classes": [
    "benign",
    "phase1",
    "phase2",
    "phase3",
    "phase4",
    "phase5"
  ],
  "per_class": {
    "benign": {
      "TP": 14374,
      "FP": 13,
      "FN": 1301,
      "precision": 0.9990964064780705,
      "recall": 0.9170015948963317,
      "f1": 0.956290333311157
    },
    "phase1": {
      "TP": 6,
      "FP": 213,
      "FN": 0,
      "precision": 0.0273972602739726,
      "recall": 1.0,
      "f1": 0.05333333333333332
    },
    "phase2": {
      "TP": 0,
      "FP": 3,
      "FN": 6,
      "precision": 0.0,
      "recall": 0.0,
      "f1": 0.0
    },
    "phase3": {
      "TP": 7,
      "FP": 834,
      "FN": 3,
      "precision": 0.008323424494649227,
      "recall": 0.7,
      "f1": 0.01645123384253819
    },
    "phase4": {
      "TP": 1,
      "FP": 191,
      "FN": 5,
      "precision": 0.005208333333333333,
      "recall": 0.16666666666666666,
      "f1": 0.0101010101010101
    },
    "phase5": {
      "TP": 22028,
      "FP": 75,
      "FN": 14,
      "precision": 0.9966067954576302,
      "recall": 0.99936484892478,
      "f1": 0.997983916638351
    }
  },
  "confusion_matrix": [
    [
      14374,
      205,
      3,
      827,
      191,
      75
    ],
    [
      0,
      6,
      0,
      0,
      0,
      0
    ],
    [
      0,
      3,
      0,
      3,
      0,
      0
    ],
    [
      0,
      3,
      0,
      7,
      0,
      0
    ],
    [
      1,
      1,
      0,
      3,
      1,
      0
    ],
    [
      12,
      1,
      0,
      1,
      0,
      22028
    ]
  ]
}