{
  "accuracy": 0.9978805139753609,
  "micro_f1": 0.9978805139753609,
  "macro_f1": 0.6428664946439154,
  "false_alarms": 62,
  "false_alarm_rate": 0.003955342902711324,
  "missed_attacks": 15,
  "detection_rate": 0.9993203443588582,
  "classes": [
    "benign",
    "phase1",
    "phase2",
    "phase3",
    "phase4",
    "phase5"
  ],
  "per_class": {
    "benign": {
      "TP": 15613,
      "FP": 15,
      "FN": 62,
      "precision": 0.9990401842846174,
      "recall": 0.9960446570972886,
      "f1": 0.997540171868511
    },
    "phase1": {
      "TP": 6,
      "FP": 7,
      "FN": 0,
      "precision": 0.46153846153846156,
      "recall": 1.0,
      "f1": 0.631578947368421
    },
    "phase2": {
      "TP": 5,
      "FP": 32,
      "FN": 1,
      "precision": 0.13513513513513514,
      "recall": 0.8333333333333334,
      "f1": 0.23255813953488372
    },
    "phase3": {
      "TP": 9,
      "FP": 6,
      "FN": 1,
      "precision": 0.6,
      "recall": 0.9,
      "f1": 0.7200000000000001
    },
    "phase4": {
      "TP": 4,
      "FP": 19,
      "FN": 2,
      "precision": 0.17391304347826086,
      "recall": 0.6666666666666666,
      "f1": 0.27586206896551724
    },
    "phase5": {
      "TP": 22028,
      "FP": 1,
      "FN": 14,
      "precision": 0.9999546052930228,
      "recall": 0.99936484892478,
      "f1": 0.99965964012616
    }
  },
  "confusion_matrix": [
    [
      15613,
      6,
      30,
      6,
      19,
      1
    ],
    [
      0,
      6,
      0,
      0,
      0,
      0
    ],
    [
      0,
      1,
      5,
      0,
      0,
      0
    ],
    [
      0,
      0,
      1,
      9,
      0,
      0
    ],
    [
      2,
      0,
      0,
      0,
      4,
      0
    ],
    [
      13,
      0,
      1,
      0,
      0,
      22028
    ]
  ]
}