{
  "accuracy": 0.9991257120148364,
  "micro_f1": 0.9991257120148364,
  "macro_f1": 0.804071227346391,
  "false_alarms": 13,
  "false_alarm_rate": 0.0008293460925039872,
  "missed_attacks": 19,
  "detection_rate": 0.9991391028545537,
  "classes": [
    "benign",
    "phase1",
    "phase2",
    "phase3",
    "phase4",
    "phase5"
  ],
  "per_class": {
    "benign": {
      "TP": 15662,
      "FP": 19,
      "FN": 13,
      "precision": 0.9987883425801926,
      "recall": 0.999170653907496,
      "f1": 0.9989794616660288
    },
    "phase1": {
      "TP": 6,
      "FP": 1,
      "FN": 0,
      "precision": 0.8571428571428571,
      "recall": 1.0,
      "f1": 0.923076923076923
    },
    "phase2": {
      "TP": 4,
      "FP": 1,
      "FN": 2,
      "precision": 0.8,
      "recall": 0.6666666666666666,
      "f1": 0.7272727272727272
    },
    "phase3": {
      "TP": 8,
      "FP": 1,
      "FN": 2,
      "precision": 0.8888888888888888,
      "recall": 0.8,
      "f1": 0.8421052631578948
    },
    "phase4": {
      "TP": 3,
      "FP": 9,
      "FN": 3,
      "precision": 0.25,
      "recall": 0.5,
      "f1": 0.3333333333333333
    },
    "phase5": {
      "TP": 22029,
      "FP": 2,
      "FN": 13,
      "precision": 0.9999092188280151,
      "recall": 0.9994102168587242,
      "f1": 0.9996596555714382
    }
  },
  "confusion_matrix": [
    [
      15662,
      1,
      0,
      1,
      9,
      2
    ],
    [
      0,
      6,
      0,
      0,
      0,
      0
    ],
    [
      2,
      0,
      4,
      0,
      0,
      0
    ],
    [
      1,
      0,
      1,
      8,
      0,
      0
    ],
    [
      3,
      0,
      0,
      0,
      3,
      0
    ],
    [
      13,
      0,
      0,
      0,
      0,
      22029
    ]
  ]
}