{
  "accuracy": 0.8363491853225593,
  "micro_f1": 0.8363491853225593,
  "macro_f1": 0.4316487087052568,
  "false_alarms": 6156,
  "false_alarm_rate": 0.3927272727272727,
  "missed_attacks": 0,
  "detection_rate": 1.0,
  "classes": [
    "benign",
    "phase1",
    "phase2",
    "phase3",
    "phase4",
    "phase5"
  ],
  "per_class": {
    "benign": {
      "TP": 9519,
      "FP": 0,
      "FN": 6156,
      "precision": 1.0,
      "recall": 0.6072727272727273,
      "f1": 0.755656108597285
    },
    "phase1": {
      "TP": 6,
      "FP": 4,
      "FN": 0,
      "precision": 0.6,
      "recall": 1.0,
      "f1": 0.7499999999999999
    },
    "phase2": {
      "TP": 0,
      "FP": 8,
      "FN": 6,
      "precision": 0.0,
      "recall": 0.0,
      "f1": 0.0
    },
    "phase3": {
      "TP": 9,
      "FP": 199,
      "FN": 1,
      "precision": 0.04326923076923077,
      "recall": 0.9,
      "f1": 0.08256880733944955
    },
    "phase4": {
      "TP": 6,
      "FP": 5965,
      "FN": 0,
      "precision": 0.0010048568079048736,
      "recall": 1.0,
      "f1": 0.002007696168646478
    },
    "phase5": {
      "TP": 22028,
      "FP": 1,
      "FN": 14,
      "precision": 0.9999546052930228,
      "recall": 0.99936484892478,
      "f1": 0.99965964012616
    }
  },
  "confusion_matrix": [
    [
      9519,
      3,
      8,
      197,
      5947,
      1
    ],
    [
      0,
      6,
      0,
      0,
      0,
      0
    ],
    [
      0,
      1,
      0,
      2,
      3,
      0
    ],
    [
      0,
      0,
      0,
      9,
      1,
      0
    ],
    [
      0,
      0,
      0,
      0,
      6,
      0
    ],
    [
      0,
      0,
      0,
      0,
      14,
      22028
    ]
  ]
}