{
  "accuracy": 0.8605113260034442,
  "micro_f1": 0.8605113260034442,
  "macro_f1": 0.3812661352042122,
  "false_alarms": 5245,
  "false_alarm_rate": 0.3346092503987241,
  "missed_attacks": 2,
  "detection_rate": 0.9999093792478477,
  "classes": [
    "benign",
    "phase1",
    "phase2",
    "phase3",
    "phase4",
    "phase5"
  ],
  "per_class": {
    "benign": {
      "TP": 10430,
      "FP": 2,
      "FN": 5245,
      "precision": 0.999808282208589,
      "recall": 0.6653907496012759,
      "f1": 0.799019420078906
    },
    "phase1": {
      "TP": 6,
      "FP": 17,
      "FN": 0,
      "precision": 0.2608695652173913,
      "recall": 1.0,
      "f1": 0.41379310344827586
    },
    "phase2": {
      "TP": 2,
      "FP": 4514,
      "FN": 4,
      "precision": 0.0004428697962798937,
      "recall": 0.3333333333333333,
      "f1": 0.0008845643520566122
    },
    "phase3": {
      "TP": 9,
      "FP": 480,
      "FN": 1,
      "precision": 0.018404907975460124,
      "recall": 0.9,
      "f1": 0.036072144288577156
    },
    "phase4": {
      "TP": 5,
      "FP": 251,
      "FN": 1,
      "precision": 0.01953125,
      "recall": 0.8333333333333334,
      "f1": 0.03816793893129771
    },
    "phase5": {
      "TP": 22028,
      "FP": 1,
      "FN": 14,
      "precision": 0.9999546052930228,
      "recall": 0.99936484892478,
      "f1": 0.99965964012616
    }
  },
  "confusion_matrix": [
    [
      10430,
      16,
      4502,
      477,
      249,
      1
    ],
    [
      0,
      6,
      0,
      0,
      0,
      0
    ],
    [
      0,
      1,
      2,
      3,
      0,
      0
    ],
    [
      0,
      0,
      1,
      9,
      0,
      0
    ],
    [
      0,
      0,
      1,
      0,
      5,
      0
    ],
    [
      2,
      0,
      10,
      0,
      2,
      22028
    ]
  ]
}