{
  "accuracy": 0.9991786991654524,
  "micro_f1": 0.9991786991654524,
  "macro_f1": 0.84509001002559,
  "false_alarms": 15,
  "false_alarm_rate": 0.0009569377990430622,
  "missed_attacks": 14,
  "detection_rate": 0.9993656547349343,
  "classes": [
    "benign",
    "phase1",
    "phase2",
    "phase3",
    "phase4",
    "phase5"
  ],
  "per_class": {
    "benign": {
      "TP": 15660,
      "FP": 14,
      "FN": 15,
      "precision": 0.9991068010718387,
      "recall": 0.999043062200957,
      "f1": 0.9990749306197965
    },
    "phase1": {
      "TP": 6,
      "FP": 2,
      "FN": 0,
      "precision": 0.75,
      "recall": 1.0,
      "f1": 0.8571428571428571
    },
    "phase2": {
      "TP": 5,
      "FP": 2,
      "FN": 1,
      "precision": 0.7142857142857143,
      "recall": 0.8333333333333334,
      "f1": 0.7692307692307692
    },
    "phase3": {
      "TP": 9,
      "FP": 1,
      "FN": 1,
      "precision": 0.9,
      "recall": 0.9,
      "f1": 0.9
    },
    "phase4": {
      "TP": 6,
      "FP": 10,
      "FN": 0,
      "precision": 0.375,
      "recall": 1.0,
      "f1": 0.5454545454545454
    },
    "phase5": {
      "TP": 22028,
      "FP": 2,
      "FN": 14,
      "precision": 0.9999092147072174,
      "recall": 0.99936484892478,
      "f1": 0.9996369577055727
    }
  },
  "confusion_matrix": [
    [
      15660,
      1,
      1,
      1,
      10,
      2
    ],
    [
      0,
      6,
      0,
      0,
      0,
      0
    ],
    [
      1,
      0,
      5,
      0,
      0,
      0
    ],
    [
      0,
      0,
      1,
      9,
      0,
      0
    ],
    [
      0,
      0,
      0,
      0,
      6,
      0
    ],
    [
      13,
      1,
      0,
      0,
      0,
      22028
    ]
  ]
}