{
  "accuracy": 0.9125447079083322,
  "micro_f1": 0.9125447079083322,
  "macro_f1": 0.3581538030277482,
  "false_alarms": 3280,
  "false_alarm_rate": 0.20925039872408294,
  "missed_attacks": 2,
  "detection_rate": 0.9999093792478477,
  "classes": [
    "benign",
    "phase1",
    "phase2",
    "phase3",
    "phase4",
    "phase5"
  ],
  "per_class": {
    "benign": {
      "TP": 12395,
      "FP": 2,
      "FN": 3280,
      "precision": 0.9998386706461241,
      "recall": 0.7907496012759171,
      "f1": 0.8830863493872898
    },
    "phase1": {
      "TP": 6,
      "FP": 70,
      "FN": 0,
      "precision": 0.07894736842105263,
      "recall": 1.0,
      "f1": 0.14634146341463414
    },
    "phase2": {
      "TP": 2,
      "FP": 2800,
      "FN": 4,
      "precision": 0.0007137758743754461,
      "recall": 0.3333333333333333,
      "f1": 0.0014245014245014246
    },
    "phase3": {
      "TP": 8,
      "FP": 312,
      "FN": 2,
      "precision": 0.025,
      "recall": 0.8,
      "f1": 0.04848484848484849
    },
    "phase4": {
      "TP": 4,
      "FP": 104,
      "FN": 2,
      "precision": 0.037037037037037035,
      "recall": 0.6666666666666666,
      "f1": 0.07017543859649122
    },
    "phase5": {
      "TP": 22029,
      "FP": 13,
      "FN": 13,
      "precision": 0.9994102168587242,
      "recall": 0.9994102168587242,
      "f1": 0.9994102168587242
    }
  },
  "confusion_matrix": [
    [
      12395,
      68,
      2786,
      310,
      103,
      13
    ],
    [
      0,
      6,
      0,
      0,
      0,
      0
    ],
    [
      0,
      2,
      2,
      2,
      0,
      0
    ],
    [
      0,
      0,
      2,
      8,
      0,
      0
    ],
    [
      0,
      0,
      2,
      0,
      4,
      0
    ],
    [
      2,
      0,
      10,
      0,
      1,
      22029
    ]
  ]
}