{
  "accuracy": 0.9854285335806067,
  "micro_f1": 0.9854285335806067,
  "macro_f1": 0.4686328392329677,
  "false_alarms": 535,
  "false_alarm_rate": 0.03413078149920255,
  "missed_attacks": 12,
  "detection_rate": 0.9994562754870865,
  "classes": [
    "benign",
    "phase1",
    "phase2",
    "phase3",
    "phase4",
    "phase5"
  ],
  "per_class": {
    "benign": {
      "TP": 15140,
      "FP": 12,
      "FN": 535,
      "precision": 0.999208025343189,
      "recall": 0.9658692185007974,
      "f1": 0.9822558147078859
    },
    "phase1": {
      "TP": 6,
      "FP": 8,
      "FN": 0,
      "precision": 0.42857142857142855,
      "recall": 1.0,
      "f1": 0.6
    },
    "phase2": {
      "TP": 5,
      "FP": 188,
      "FN": 1,
      "precision": 0.025906735751295335,
      "recall": 0.8333333333333334,
      "f1": 0.05025125628140703
    },
    "phase3": {
      "TP": 9,
      "FP": 122,
      "FN": 1,
      "precision": 0.06870229007633588,
      "recall": 0.9,
      "f1": 0.12765957446808512
    },
    "phase4": {
      "TP": 6,
      "FP": 219,
      "FN": 0,
      "precision": 0.02666666666666667,
      "recall": 1.0,
      "f1": 0.05194805194805195
    },
    "phase5": {
      "TP": 22029,
      "FP": 1,
      "FN": 13,
      "precision": 0.9999546073536087,
      "recall": 0.9994102168587242,
      "f1": 0.999682337992376
    }
  },
  "confusion_matrix": [
    [
      15140,
      7,
      187,
      122,
      218,
      1
    ],
    [
      0,
      6,
      0,
      0,
      0,
      0
    ],
    [
      0,
      1,
      5,
      0,
      0,
      0
    ],
    [
      0,
      0,
      1,
      9,
      0,
      0
    ],
    [
      0,
      0,
      0,
      0,
      6,
      0
    ],
    [
      12,
      0,
      0,
      0,
      1,
      22029
    ]
  ]
}