{
  "accuracy": 0.9992581798913763,
  "micro_f1": 0.9992581798913763,
  "macro_f1": 0.8319117400711561,
  "false_alarms": 10,
  "false_alarm_rate": 0.0006379585326953748,
  "missed_attacks": 16,
  "detection_rate": 0.9992750339827821,
  "classes": [
    "benign",
    "phase1",
    "phase2",
    "phase3",
    "phase4",
    "phase5"
  ],
  "per_class": {
    "benign": {
      "TP": 15665,
      "FP": 16,
      "FN": 10,
      "precision": 0.9989796569096359,
      "recall": 0.9993620414673047,
      "f1": 0.9991708126036484
    },
    "phase1": {
      "TP": 6,
      "FP": 1,
      "FN": 0,
      "precision": 0.8571428571428571,
      "recall": 1.0,
      "f1": 0.923076923076923
    },
    "phase2": {
      "TP": 5,
      "FP": 2,
      "FN": 1,
      "precision": 0.7142857142857143,
      "recall": 0.8333333333333334,
      "f1": 0.7692307692307692
    },
    "phase3": {
      "TP": 9,
      "FP": 0,
      "FN": 1,
      "precision": 1.0,
      "recall": 0.9,
      "f1": 0.9473684210526316
    },
    "phase4": {
      "TP": 3,
      "FP": 8,
      "FN": 3,
      "precision": 0.2727272727272727,
      "recall": 0.5,
      "f1": 0.3529411764705882
    },
    "phase5": {
      "TP": 22029,
      "FP": 1,
      "FN": 13,
      "precision": 0.9999546073536087,
      "recall": 0.9994102168587242,
      "f1": 0.999682337992376
    }
  },
  "confusion_matrix": [
    [
      15665,
      1,
      1,
      0,
      7,
      1
    ],
    [
      0,
      6,
      0,
      0,
      0,
      0
    ],
    [
      1,
      0,
      5,
      0,
      0,
      0
    ],
    [
      0,
      0,
      1,
      9,
      0,
      0
    ],
    [
      3,
      0,
      0,
      0,
      3,
      0
    ],
    [
      12,
      0,
      0,
      0,
      1,
      22029
    ]
  ]
}