{
  "accuracy": 0.9964763544840376,
  "micro_f1": 0.9964763544840376,
  "macro_f1": 0.5740688812479064,
  "false_alarms": 116,
  "false_alarm_rate": 0.007400318979266348,
  "missed_attacks": 12,
  "detection_rate": 0.9994562754870865,
  "classes": [
    "benign",
    "phase1",
    "phase2",
    "phase3",
    "phase4",
    "phase5"
  ],
  "per_class": {
    "benign": {
      "TP": 15559,
      "FP": 12,
      "FN": 116,
      "precision": 0.9992293365872456,
      "recall": 0.9925996810207337,
      "f1": 0.9959034756448827
    },
    "phase1": {
      "TP": 6,
      "FP": 6,
      "FN": 0,
      "precision": 0.5,
      "recall": 1.0,
      "f1": 0.6666666666666666
    },
    "phase2": {
      "TP": 5,
      "FP": 26,
      "FN": 1,
      "precision": 0.16129032258064516,
      "recall": 0.8333333333333334,
      "f1": 0.27027027027027023
    },
    "phase3": {
      "TP": 9,
      "FP": 40,
      "FN": 1,
      "precision": 0.1836734693877551,
      "recall": 0.9,
      "f1": 0.30508474576271183
    },
    "phase4": {
      "TP": 6,
      "FP": 46,
      "FN": 0,
      "precision": 0.11538461538461539,
      "recall": 1.0,
      "f1": 0.20689655172413793
    },
    "phase5": {
      "TP": 22027,
      "FP": 3,
      "FN": 15,
      "precision": 0.9998638220608261,
      "recall": 0.9993194809908357,
      "f1": 0.9995915774187693
    }
  },
  "confusion_matrix": [
    [
      15559,
      5,
      25,
      38,
      45,
      3
    ],
    [
      0,
      6,
      0,
      0,
      0,
      0
    ],
    [
      0,
      1,
      5,
      0,
      0,
      0
    ],
    [
      0,
      0,
      1,
      9,
      0,
      0
    ],
    [
      0,
      0,
      0,
      0,
      6,
      0
    ],
    [
      12,
      0,
      0,
      2,
      1,
      22027
    ]
  ]
}