{
  "accuracy": 0.980341767121473,
  "micro_f1": 0.980341767121473,
  "macro_f1": 0.4063736466384373,
  "false_alarms": 721,
  "false_alarm_rate": 0.04599681020733652,
  "missed_attacks": 12,
  "detection_rate": 0.9994562754870865,
  "classes": [
    "benign",
    "phase1",
    "phase2",
    "phase3",
    "phase4",
    "phase5"
  ],
  "per_class": {
    "benign": {
      "TP": 14954,
      "FP": 12,
      "FN": 721,
      "precision": 0.9991981825471068,
      "recall": 0.9540031897926635,
      "f1": 0.9760778042492085
    },
    "phase1": {
      "TP": 6,
      "FP": 23,
      "FN": 0,
      "precision": 0.20689655172413793,
      "recall": 1.0,
      "f1": 0.34285714285714286
    },
    "phase2": {
      "TP": 3,
      "FP": 189,
      "FN": 3,
      "precision": 0.015625,
      "recall": 0.5,
      "f1": 0.030303030303030304
    },
    "phase3": {
      "TP": 6,
      "FP": 224,
      "FN": 4,
      "precision": 0.02608695652173913,
      "recall": 0.6,
      "f1": 0.049999999999999996
    },
    "phase4": {
      "TP": 6,
      "FP": 293,
      "FN": 0,
      "precision": 0.020066889632107024,
      "recall": 1.0,
      "f1": 0.03934426229508197
    },
    "phase5": {
      "TP": 22028,
      "FP": 1,
      "FN": 14,
      "precision": 0.9999546052930228,
      "recall": 0.99936484892478,
      "f1": 0.99965964012616
    }
  },
  "confusion_matrix": [
    [
      14954,
      23,
      185,
      221,
      291,
      1
    ],
    [
      0,
      6,
      0,
      0,
      0,
      0
    ],
    [
      0,
      0,
      3,
      3,
      0,
      0
    ],
    [
      0,
      0,
      4,
      6,
      0,
      0
    ],
    [
      0,
      0,
      0,
      0,
      6,
      0
    ],
    [
      12,
      0,
      0,
      0,
      2,
      22028
    ]
  ]
}