{
  "accuracy": 0.843528944231024,
  "micro_f1": 0.843528944231024,
  "macro_f1": 0.4570067831391665,
  "false_alarms": 5881,
  "false_alarm_rate": 0.3751834130781499,
  "missed_attacks": 0,
  "detection_rate": 1.0,
  "classes": [
    "benign",
    "phase1",
    "phase2",
    "phase3",
    "phase4",
    "phase5"
  ],
  "per_class": {
    "benign": {
      "TP": 9794,
      "FP": 0,
      "FN": 5881,
      "precision": 1.0,
      "recall": 0.62481658692185,
      "f1": 0.769091837135341
    },
    "phase1": {
      "TP": 4,
      "FP": 0,
      "FN": 2,
      "precision": 1.0,
      "recall": 0.6666666666666666,
      "f1": 0.8
    },
    "phase2": {
      "TP": 5,
      "FP": 5663,
      "FN": 1,
      "precision": 0.0008821453775582216,
      "recall": 0.8333333333333334,
      "f1": 0.0017624250969333803
    },
    "phase3": {
      "TP": 6,
      "FP": 59,
      "FN": 4,
      "precision": 0.09230769230769231,
      "recall": 0.6,
      "f1": 0.16
    },
    "phase4": {
      "TP": 1,
      "FP": 159,
      "FN": 5,
      "precision": 0.00625,
      "recall": 0.16666666666666666,
      "f1": 0.012048192771084338
    },
    "phase5": {
      "TP": 22029,
      "FP": 25,
      "FN": 13,
      "precision": 0.9988664187902422,
      "recall": 0.9994102168587242,
      "f1": 0.9991382438316401
    }
  },
  "confusion_matrix": [
    [
      9794,
      0,
      5640,
      59,
      158,
      24
    ],
    [
      0,
      4,
      1,
      0,
      0,
      1
    ],
    [
      0,
      0,
      5,
      0,
      1,
      0
    ],
    [
      0,
      0,
      4,
      6,
      0,
      0
    ],
    [
      0,
      0,
      5,
      0,
      1,
      0
    ],
    [
      0,
      0,
      13,
      0,
      0,
      22029
    ]
  ]
}