{
  "accuracy": 0.9992581798913763,
  "micro_f1": 0.9992581798913763,
  "macro_f1": 0.8362818552006573,
  "false_alarms": 11,
  "false_alarm_rate": 0.0007017543859649122,
  "missed_attacks": 13,
  "detection_rate": 0.9994109651110105,
  "classes": [
    "benign",
    "phase1",
    "phase2",
    "phase3",
    "phase4",
    "phase5"
  ],
  "per_class": {
    "benign": {
      "TP": 15664,
      "FP": 13,
      "FN": 11,
      "precision": 0.9991707597116796,
      "recall": 0.9992982456140351,
      "f1": 0.9992344985965809
    },
    "phase1": {
      "TP": 6,
      "FP": 2,
      "FN": 0,
      "precision": 0.75,
      "recall": 1.0,
      "f1": 0.8571428571428571
    },
    "phase2": {
      "TP": 5,
      "FP": 3,
      "FN": 1,
      "precision": 0.625,
      "recall": 0.8333333333333334,
      "f1": 0.7142857142857143
    },
    "phase3": {
      "TP": 9,
      "FP": 0,
      "FN": 1,
      "precision": 1.0,
      "recall": 0.9,
      "f1": 0.9473684210526316
    },
    "phase4": {
      "TP": 5,
      "FP": 9,
      "FN": 1,
      "precision": 0.35714285714285715,
      "recall": 0.8333333333333334,
      "f1": 0.5
    },
    "phase5": {
      "TP": 22028,
      "FP": 1,
      "FN": 14,
      "precision": 0.9999546052930228,
      "recall": 0.99936484892478,
      "f1": 0.99965964012616
    }
  },
  "confusion_matrix": [
    [
      15664,
      1,
      1,
      0,
      8,
      1
    ],
    [
      0,
      6,
      0,
      0,
      0,
      0
    ],
    [
      1,
      0,
      5,
      0,
      0,
      0
    ],
    [
      0,
      0,
      1,
      9,
      0,
      0
    ],
    [
      0,
      0,
      1,
      0,
      5,
      0
    ],
    [
      12,
      1,
      0,
      0,
      1,
      22028
    ]
  ]
}