{
  "accuracy": 0.9967147966618095,
  "micro_f1": 0.9967147966618095,
  "macro_f1": 0.593358710670839,
  "false_alarms": 108,
  "false_alarm_rate": 0.006889952153110048,
  "missed_attacks": 12,
  "detection_rate": 0.9994562754870865,
  "classes": [
    "benign",
    "phase1",
    "phase2",
    "phase3",
    "phase4",
    "phase5"
  ],
  "per_class": {
    "benign": {
      "TP": 15567,
      "FP": 12,
      "FN": 108,
      "precision": 0.9992297323319853,
      "recall": 0.9931100478468899,
      "f1": 0.9961604914570935
    },
    "phase1": {
      "TP": 6,
      "FP": 5,
      "FN": 0,
      "precision": 0.5454545454545454,
      "recall": 1.0,
      "f1": 0.7058823529411764
    },
    "phase2": {
      "TP": 5,
      "FP": 33,
      "FN": 1,
      "precision": 0.13157894736842105,
      "recall": 0.8333333333333334,
      "f1": 0.22727272727272727
    },
    "phase3": {
      "TP": 9,
      "FP": 25,
      "FN": 1,
      "precision": 0.2647058823529412,
      "recall": 0.9,
      "f1": 0.40909090909090906
    },
    "phase4": {
      "TP": 6,
      "FP": 42,
      "FN": 0,
      "precision": 0.125,
      "recall": 1.0,
      "f1": 0.2222222222222222
    },
    "phase5": {
      "TP": 22028,
      "FP": 7,
      "FN": 14,
      "precision": 0.9996823235761289,
      "recall": 0.99936484892478,
      "f1": 0.9995235610409058
    }
  },
  "confusion_matrix": [
    [
      15567,
      4,
      32,
      24,
      41,
      7
    ],
    [
      0,
      6,
      0,
      0,
      0,
      0
    ],
    [
      0,
      1,
      5,
      0,
      0,
      0
    ],
    [
      0,
      0,
      1,
      9,
      0,
      0
    ],
    [
      0,
      0,
      0,
      0,
      6,
      0
    ],
    [
      12,
      0,
      0,
      1,
      1,
      22028
    ]
  ]
}