{
  "accuracy": 0.9910716651212081,
  "micro_f1": 0.9910716651212081,
  "macro_f1": 0.49333945930175555,
  "false_alarms": 320,
  "false_alarm_rate": 0.020414673046251993,
  "missed_attacks": 12,
  "detection_rate": 0.9994562754870865,
  "classes": [
    "benign",
    "phase1",
    "phase2",
    "phase3",
    "phase4",
    "phase5"
  ],
  "per_class": {
    "benign": {
      "TP": 15355,
      "FP": 12,
      "FN": 320,
      "precision": 0.9992191058762283,
      "recall": 0.979585326953748,
      "f1": 0.9893048128342246
    },
    "phase1": {
      "TP": 6,
      "FP": 7,
      "FN": 0,
      "precision": 0.46153846153846156,
      "recall": 1.0,
      "f1": 0.631578947368421
    },
    "phase2": {
      "TP": 5,
      "FP": 149,
      "FN": 1,
      "precision": 0.032467532467532464,
      "recall": 0.8333333333333334,
      "f1": 0.0625
    },
    "phase3": {
      "TP": 9,
      "FP": 93,
      "FN": 1,
      "precision": 0.08823529411764706,
      "recall": 0.9,
      "f1": 0.16071428571428573
    },
    "phase4": {
      "TP": 5,
      "FP": 75,
      "FN": 1,
      "precision": 0.0625,
      "recall": 0.8333333333333334,
      "f1": 0.11627906976744186
    },
    "phase5": {
      "TP": 22028,
      "FP": 1,
      "FN": 14,
      "precision": 0.9999546052930228,
      "recall": 0.99936484892478,
      "f1": 0.99965964012616
    }
  },
  "confusion_matrix": [
    [
      15355,
      6,
      146,
      93,
      74,
      1
    ],
    [
      0,
      6,
      0,
      0,
      0,
      0
    ],
    [
      0,
      1,
      5,
      0,
      0,
      0
    ],
    [
      0,
      0,
      1,
      9,
      0,
      0
    ],
    [
      0,
      0,
      1,
      0,
      5,
      0
    ],
    [
      12,
      0,
      1,
      0,
      1,
      22028
    ]
  ]
}