{
  "accuracy": 0.9906212743409724,
  "micro_f1": 0.9906212743409724,
  "macro_f1": 0.5017992399880296,
  "false_alarms": 338,
  "false_alarm_rate": 0.02156299840510367,
  "missed_attacks": 12,
  "detection_rate": 0.9994562754870865,
  "classes": [
    "benign",
    "phase1",
    "phase2",
    "phase3",
    "phase4",
    "phase5"
  ],
  "per_class": {
    "benign": {
      "TP": 15337,
      "FP": 12,
      "FN": 338,
      "precision": 0.9992181901101049,
      "recall": 0.9784370015948963,
      "f1": 0.9887184115523466
    },
    "phase1": {
      "TP": 6,
      "FP": 6,
      "FN": 0,
      "precision": 0.5,
      "recall": 1.0,
      "f1": 0.6666666666666666
    },
    "phase2": {
      "TP": 5,
      "FP": 89,
      "FN": 1,
      "precision": 0.05319148936170213,
      "recall": 0.8333333333333334,
      "f1": 0.09999999999999999
    },
    "phase3": {
      "TP": 10,
      "FP": 88,
      "FN": 0,
      "precision": 0.10204081632653061,
      "recall": 1.0,
      "f1": 0.1851851851851852
    },
    "phase4": {
      "TP": 6,
      "FP": 158,
      "FN": 0,
      "precision": 0.036585365853658534,
      "recall": 1.0,
      "f1": 0.07058823529411765
    },
    "phase5": {
      "TP": 22027,
      "FP": 1,
      "FN": 15,
      "precision": 0.9999546032322498,
      "recall": 0.9993194809908357,
      "f1": 0.9996369412298616
    }
  },
  "confusion_matrix": [
    [
      15337,
      5,
      87,
      88,
      157,
      1
    ],
    [
      0,
      6,
      0,
      0,
      0,
      0
    ],
    [
      0,
      1,
      5,
      0,
      0,
      0
    ],
    [
      0,
      0,
      0,
      10,
      0,
      0
    ],
    [
      0,
      0,
      0,
      0,
      6,
      0
    ],
    [
      12,
      0,
      2,
      0,
      1,
      22027
    ]
  ]
}