{
  "accuracy": 0.9991786991654524,
  "micro_f1": 0.9991786991654524,
  "macro_f1": 0.8484979547814063,
  "false_alarms": 15,
  "false_alarm_rate": 0.0009569377990430622,
  "missed_attacks": 15,
  "detection_rate": 0.9993203443588582,
  "classes": [
    "benign",
    "phase1",
    "phase2",
    "phase3",
    "phase4",
    "phase5"
  ],
  "per_class": {
    "benign": {
      "TP": 15660,
      "FP": 15,
      "FN": 15,
      "precision": 0.999043062200957,
      "recall": 0.999043062200957,
      "f1": 0.999043062200957
    },
    "phase1": {
      "TP": 6,
      "FP": 1,
      "FN": 0,
      "precision": 0.8571428571428571,
      "recall": 1.0,
      "f1": 0.923076923076923
    },
    "phase2": {
      "TP": 5,
      "FP": 2,
      "FN": 1,
      "precision": 0.7142857142857143,
      "recall": 0.8333333333333334,
      "f1": 0.7692307692307692
    },
    "phase3": {
      "TP": 9,
      "FP": 1,
      "FN": 1,
      "precision": 0.9,
      "recall": 0.9,
      "f1": 0.9
    },
    "phase4": {
      "TP": 5,
      "FP": 9,
      "FN": 1,
      "precision": 0.35714285714285715,
      "recall": 0.8333333333333334,
      "f1": 0.5
    },
    "phase5": {
      "TP": 22029,
      "FP": 3,
      "FN": 13,
      "precision": 0.9998638344226579,
      "recall": 0.9994102168587242,
      "f1": 0.9996369741797885
    }
  },
  "confusion_matrix": [
    [
      15660,
      1,
      1,
      1,
      9,
      3
    ],
    [
      0,
      6,
      0,
      0,
      0,
      0
    ],
    [
      1,
      0,
      5,
      0,
      0,
      0
    ],
    [
      0,
      0,
      1,
      9,
      0,
      0
    ],
    [
      1,
      0,
      0,
      0,
      5,
      0
    ],
    [
      13,
      0,
      0,
      0,
      0,
      22029
    ]
  ]
}