{
  "accuracy": 0.9841038548152073,
  "micro_f1": 0.9841038548152073,
  "macro_f1": 0.43605308741764287,
  "false_alarms": 581,
  "false_alarm_rate": 0.037065390749601274,
  "missed_attacks": 12,
  "detection_rate": 0.9994562754870865,
  "classes": [
    "benign",
    "phase1",
    "phase2",
    "phase3",
    "phase4",
    "phase5"
  ],
  "per_class": {
    "benign": {
      "TP": 15094,
      "FP": 12,
      "FN": 581,
      "precision": 0.999205613663445,
      "recall": 0.9629346092503988,
      "f1": 0.980734868912641
    },
    "phase1": {
      "TP": 6,
      "FP": 17,
      "FN": 0,
      "precision": 0.2608695652173913,
      "recall": 1.0,
      "f1": 0.41379310344827586
    },
    "phase2": {
      "TP": 6,
      "FP": 276,
      "FN": 0,
      "precision": 0.02127659574468085,
      "recall": 1.0,
      "f1": 0.04166666666666667
    },
    "phase3": {
      "TP": 7,
      "FP": 87,
      "FN": 3,
      "precision": 0.07446808510638298,
      "recall": 0.7,
      "f1": 0.13461538461538458
    },
    "phase4": {
      "TP": 5,
      "FP": 207,
      "FN": 1,
      "precision": 0.02358490566037736,
      "recall": 0.8333333333333334,
      "f1": 0.045871559633027525
    },
    "phase5": {
      "TP": 22027,
      "FP": 1,
      "FN": 15,
      "precision": 0.9999546032322498,
      "recall": 0.9993194809908357,
      "f1": 0.9996369412298616
    }
  },
  "confusion_matrix": [
    [
      15094,
      17,
      270,
      87,
      206,
      1
    ],
    [
      0,
      6,
      0,
      0,
      0,
      0
    ],
    [
      0,
      0,
      6,
      0,
      0,
      0
    ],
    [
      0,
      0,
      3,
      7,
      0,
      0
    ],
    [
      0,
      0,
      1,
      0,
      5,
      0
    ],
    [
      12,
      0,
      2,
      0,
      1,
      22027
    ]
  ]
}