{
  "accuracy": 0.9839183997880514,
  "micro_f1": 0.9839183997880514,
  "macro_f1": 0.4146455173206425,
  "false_alarms": 590,
  "false_alarm_rate": 0.03763955342902711,
  "missed_attacks": 12,
  "detection_rate": 0.9994562754870865,
  "classes": [
    "benign",
    "phase1",
    "phase2",
    "phase3",
    "phase4",
    "phase5"
  ],
  "per_class": {
    "benign": {
      "TP": 15085,
      "FP": 12,
      "FN": 590,
      "precision": 0.9992051400940585,
      "recall": 0.9623604465709729,
      "f1": 0.9804367606915376
    },
    "phase1": {
      "TP": 6,
      "FP": 26,
      "FN": 0,
      "precision": 0.1875,
      "recall": 1.0,
      "f1": 0.3157894736842105
    },
    "phase2": {
      "TP": 5,
      "FP": 163,
      "FN": 1,
      "precision": 0.02976190476190476,
      "recall": 0.8333333333333334,
      "f1": 0.057471264367816084
    },
    "phase3": {
      "TP": 10,
      "FP": 218,
      "FN": 0,
      "precision": 0.043859649122807015,
      "recall": 1.0,
      "f1": 0.08403361344537816
    },
    "phase4": {
      "TP": 5,
      "FP": 187,
      "FN": 1,
      "precision": 0.026041666666666668,
      "recall": 0.8333333333333334,
      "f1": 0.05050505050505051
    },
    "phase5": {
      "TP": 22027,
      "FP": 1,
      "FN": 15,
      "precision": 0.9999546032322498,
      "recall": 0.9993194809908357,
      "f1": 0.9996369412298616
    }
  },
  "confusion_matrix": [
    [
      15085,
      25,
      162,
      216,
      186,
      1
    ],
    [
      0,
      6,
      0,
      0,
      0,
      0
    ],
    [
      0,
      1,
      5,
      0,
      0,
      0
    ],
    [
      0,
      0,
      0,
      10,
      0,
      0
    ],
    [
      0,
      0,
      1,
      0,
      5,
      0
    ],
    [
      12,
      0,
      0,
      2,
      1,
      22027
    ]
  ]
}