{
  "accuracy": 0.9962114187309578,
  "micro_f1": 0.9962114187309578,
  "macro_f1": 0.5723636519212169,
  "false_alarms": 127,
  "false_alarm_rate": 0.00810207336523126,
  "missed_attacks": 12,
  "detection_rate": 0.9994562754870865,
  "classes": [
    "benign",
    "phase1",
    "phase2",
    "phase3",
    "phase4",
    "phase5"
  ],
  "per_class": {
    "benign": {
      "TP": 15548,
      "FP": 12,
      "FN": 127,
      "precision": 0.9992287917737789,
      "recall": 0.9918979266347687,
      "f1": 0.9955498639346886
    },
    "phase1": {
      "TP": 6,
      "FP": 5,
      "FN": 0,
      "precision": 0.5454545454545454,
      "recall": 1.0,
      "f1": 0.7058823529411764
    },
    "phase2": {
      "TP": 5,
      "FP": 35,
      "FN": 1,
      "precision": 0.125,
      "recall": 0.8333333333333334,
      "f1": 0.21739130434782608
    },
    "phase3": {
      "TP": 9,
      "FP": 38,
      "FN": 1,
      "precision": 0.19148936170212766,
      "recall": 0.9,
      "f1": 0.3157894736842105
    },
    "phase4": {
      "TP": 6,
      "FP": 48,
      "FN": 0,
      "precision": 0.1111111111111111,
      "recall": 1.0,
      "f1": 0.19999999999999998
    },
    "phase5": {
      "TP": 22028,
      "FP": 5,
      "FN": 14,
      "precision": 0.9997730676712204,
      "recall": 0.99936484892478,
      "f1": 0.9995689166193987
    }
  },
  "confusion_matrix": [
    [
      15548,
      4,
      34,
      37,
      47,
      5
    ],
    [
      0,
      6,
      0,
      0,
      0,
      0
    ],
    [
      0,
      1,
      5,
      0,
      0,
      0
    ],
    [
      0,
      0,
      1,
      9,
      0,
      0
    ],
    [
      0,
      0,
      0,
      0,
      6,
      0
    ],
    [
      12,
      0,
      0,
      1,
      1,
      22028
    ]
  ]
}