{
  "accuracy": 0.9920519274076036,
  "micro_f1": 0.9920519274076036,
  "macro_f1": 0.49542225400926937,
  "false_alarms": 283,
  "false_alarm_rate": 0.018054226475279107,
  "missed_attacks": 12,
  "detection_rate": 0.9994562754870865,
  "classes": [
    "benign",
    "phase1",
    "phase2",
    "phase3",
    "phase4",
    "phase5"
  ],
  "per_class": {
    "benign": {
      "TP": 15392,
      "FP": 12,
      "FN": 283,
      "precision": 0.9992209815632304,
      "recall": 0.9819457735247209,
      "f1": 0.990508060104894
    },
    "phase1": {
      "TP": 6,
      "FP": 10,
      "FN": 0,
      "precision": 0.375,
      "recall": 1.0,
      "f1": 0.5454545454545454
    },
    "phase2": {
      "TP": 5,
      "FP": 92,
      "FN": 1,
      "precision": 0.05154639175257732,
      "recall": 0.8333333333333334,
      "f1": 0.0970873786407767
    },
    "phase3": {
      "TP": 10,
      "FP": 150,
      "FN": 0,
      "precision": 0.0625,
      "recall": 1.0,
      "f1": 0.11764705882352941
    },
    "phase4": {
      "TP": 5,
      "FP": 34,
      "FN": 1,
      "precision": 0.1282051282051282,
      "recall": 0.8333333333333334,
      "f1": 0.2222222222222222
    },
    "phase5": {
      "TP": 22027,
      "FP": 2,
      "FN": 15,
      "precision": 0.9999092105860456,
      "recall": 0.9993194809908357,
      "f1": 0.999614258809648
    }
  },
  "confusion_matrix": [
    [
      15392,
      9,
      91,
      148,
      33,
      2
    ],
    [
      0,
      6,
      0,
      0,
      0,
      0
    ],
    [
      0,
      1,
      5,
      0,
      0,
      0
    ],
    [
      0,
      0,
      0,
      10,
      0,
      0
    ],
    [
      0,
      0,
      1,
      0,
      5,
      0
    ],
    [
      12,
      0,
      0,
      2,
      1,
      22027
    ]
  ]
}