{
  "accuracy": 0.9874950324546298,
  "micro_f1": 0.9874950324546298,
  "macro_f1": 0.45066984158455786,
  "false_alarms": 452,
  "false_alarm_rate": 0.02883572567783094,
  "missed_attacks": 12,
  "detection_rate": 0.9994562754870865,
  "classes": [
    "benign",
    "phase1",
    "phase2",
    "phase3",
    "phase4",
    "phase5"
  ],
  "per_class": {
    "benign": {
      "TP": 15223,
      "FP": 12,
      "FN": 452,
      "precision": 0.9992123400065638,
      "recall": 0.971164274322169,
      "f1": 0.9849886768036233
    },
    "phase1": {
      "TP": 6,
      "FP": 15,
      "FN": 0,
      "precision": 0.2857142857142857,
      "recall": 1.0,
      "f1": 0.4444444444444445
    },
    "phase2": {
      "TP": 4,
      "FP": 176,
      "FN": 2,
      "precision": 0.022222222222222223,
      "recall": 0.6666666666666666,
      "f1": 0.043010752688172046
    },
    "phase3": {
      "TP": 7,
      "FP": 58,
      "FN": 3,
      "precision": 0.1076923076923077,
      "recall": 0.7,
      "f1": 0.18666666666666665
    },
    "phase4": {
      "TP": 5,
      "FP": 210,
      "FN": 1,
      "precision": 0.023255813953488372,
      "recall": 0.8333333333333334,
      "f1": 0.045248868778280535
    },
    "phase5": {
      "TP": 22028,
      "FP": 1,
      "FN": 14,
      "precision": 0.9999546052930228,
      "recall": 0.99936484892478,
      "f1": 0.99965964012616
    }
  },
  "confusion_matrix": [
    [
      15223,
      15,
      171,
      58,
      207,
      1
    ],
    [
      0,
      6,
      0,
      0,
      0,
      0
    ],
    [
      0,
      0,
      4,
      0,
      2,
      0
    ],
    [
      0,
      0,
      3,
      7,
      0,
      0
    ],
    [
      0,
      0,
      1,
      0,
      5,
      0
    ],
    [
      12,
      0,
      1,
      0,
      1,
      22028
    ]
  ]
}