{
  "accuracy": 0.9887932176447212,
  "micro_f1": 0.9887932176447212,
  "macro_f1": 0.4788570798002649,
  "false_alarms": 392,
  "false_alarm_rate": 0.02500797448165869,
  "missed_attacks": 19,
  "detection_rate": 0.9991391028545537,
  "classes": [
    "benign",
    "phase1",
    "phase2",
    "phase3",
    "phase4",
    "phase5"
  ],
  "per_class": {
    "benign": {
      "TP": 15283,
      "FP": 19,
      "FN": 392,
      "precision": 0.9987583322441511,
      "recall": 0.9749920255183413,
      "f1": 0.9867320915517965
    },
    "phase1": {
      "TP": 5,
      "FP": 1,
      "FN": 1,
      "precision": 0.8333333333333334,
      "recall": 0.8333333333333334,
      "f1": 0.8333333333333334
    },
    "phase2": {
      "TP": 4,
      "FP": 324,
      "FN": 2,
      "precision": 0.012195121951219513,
      "recall": 0.6666666666666666,
      "f1": 0.02395209580838323
    },
    "phase3": {
      "TP": 0,
      "FP": 0,
      "FN": 10,
      "precision": 0.0,
      "recall": 0.0,
      "f1": 0.0
    },
    "phase4": {
      "TP": 1,
      "FP": 60,
      "FN": 5,
      "precision": 0.01639344262295082,
      "recall": 0.16666666666666666,
      "f1": 0.02985074626865672
    },
    "phase5": {
      "TP": 22029,
      "FP": 19,
      "FN": 13,
      "precision": 0.9991382438316401,
      "recall": 0.9994102168587242,
      "f1": 0.9992742118394193
    }
  },
  "confusion_matrix": [
    [
      15283,
      1,
      312,
      0,
      60,
      19
    ],
    [
      0,
      5,
      1,
      0,
      0,
      0
    ],
    [
      2,
      0,
      4,
      0,
      0,
      0
    ],
    [
      0,
      0,
      10,
      0,
      0,
      0
    ],
    [
      4,
      0,
      1,
      0,
      1,
      0
    ],
    [
      13,
      0,
      0,
      0,
      0,
      22029
    ]
  ]
}