{
  "accuracy": 0.9978805139753609,
  "micro_f1": 0.9978805139753609,
  "macro_f1": 0.6297763561890396,
  "false_alarms": 62,
  "false_alarm_rate": 0.003955342902711324,
  "missed_attacks": 14,
  "detection_rate": 0.9993656547349343,
  "classes": [
    "benign",
    "phase1",
    "phase2",
    "phase3",
    "phase4",
    "phase5"
  ],
  "per_class": {
    "benign": {
      "TP": 15613,
      "FP": 14,
      "FN": 62,
      "precision": 0.9991041146733218,
      "recall": 0.9960446570972886,
      "f1": 0.9975720401252316
    },
    "phase1": {
      "TP": 6,
      "FP": 5,
      "FN": 0,
      "precision": 0.5454545454545454,
      "recall": 1.0,
      "f1": 0.7058823529411764
    },
    "phase2": {
      "TP": 5,
      "FP": 26,
      "FN": 1,
      "precision": 0.16129032258064516,
      "recall": 0.8333333333333334,
      "f1": 0.27027027027027023
    },
    "phase3": {
      "TP": 9,
      "FP": 15,
      "FN": 1,
      "precision": 0.375,
      "recall": 0.9,
      "f1": 0.5294117647058825
    },
    "phase4": {
      "TP": 4,
      "FP": 19,
      "FN": 2,
      "precision": 0.17391304347826086,
      "recall": 0.6666666666666666,
      "f1": 0.27586206896551724
    },
    "phase5": {
      "TP": 22028,
      "FP": 1,
      "FN": 14,
      "precision": 0.9999546052930228,
      "recall": 0.99936484892478,
      "f1": 0.99965964012616
    }
  },
  "confusion_matrix": [
    [
      15613,
      4,
      25,
      13,
      19,
      1
    ],
    [
      0,
      6,
      0,
      0,
      0,
      0
    ],
    [
      0,
      1,
      5,
      0,
      0,
      0
    ],
    [
      0,
      0,
      1,
      9,
      0,
      0
    ],
    [
      1,
      0,
      0,
      1,
      4,
      0
    ],
    [
      13,
      0,
      0,
      1,
      0,
      22028
    ]
  ]
}