{
  "accuracy": 0.9900384156841966,
  "micro_f1": 0.9900384156841966,
  "macro_f1": 0.4880292726526152,
  "false_alarms": 346,
  "false_alarm_rate": 0.022073365231259967,
  "missed_attacks": 24,
  "detection_rate": 0.9989125509741731,
  "classes": [
    "benign",
    "phase1",
    "phase2",
    "phase3",
    "phase4",
    "phase5"
  ],
  "per_class": {
    "benign": {
      "TP": 15329,
      "FP": 24,
      "FN": 346,
      "precision": 0.998436787598515,
      "recall": 0.97792663476874,
      "f1": 0.9880752868376949
    },
    "phase1": {
      "TP": 5,
      "FP": 1,
      "FN": 1,
      "precision": 0.8333333333333334,
      "recall": 0.8333333333333334,
      "f1": 0.8333333333333334
    },
    "phase2": {
      "TP": 3,
      "FP": 62,
      "FN": 3,
      "precision": 0.046153846153846156,
      "recall": 0.5,
      "f1": 0.08450704225352113
    },
    "phase3": {
      "TP": 0,
      "FP": 0,
      "FN": 10,
      "precision": 0.0,
      "recall": 0.0,
      "f1": 0.0
    },
    "phase4": {
      "TP": 3,
      "FP": 246,
      "FN": 3,
      "precision": 0.012048192771084338,
      "recall": 0.5,
      "f1": 0.023529411764705882
    },
    "phase5": {
      "TP": 22029,
      "FP": 43,
      "FN": 13,
      "precision": 0.9980518303733237,
      "recall": 0.9994102168587242,
      "f1": 0.998730561726436
    }
  },
  "confusion_matrix": [
    [
      15329,
      1,
      58,
      0,
      244,
      43
    ],
    [
      0,
      5,
      0,
      0,
      1,
      0
    ],
    [
      2,
      0,
      3,
      0,
      1,
      0
    ],
    [
      6,
      0,
      4,
      0,
      0,
      0
    ],
    [
      3,
      0,
      0,
      0,
      3,
      0
    ],
    [
      13,
      0,
      0,
      0,
      0,
      22029
    ]
  ]
}