{
  "accuracy": 0.952020135117234,
  "micro_f1": 0.952020135117234,
  "macro_f1": 0.45209817580250933,
  "false_alarms": 1787,
  "false_alarm_rate": 0.11400318979266348,
  "missed_attacks": 12,
  "detection_rate": 0.9994562754870865,
  "classes": [
    "benign",
    "phase1",
    "phase2",
    "phase3",
    "phase4",
    "phase5"
  ],
  "per_class": {
    "benign": {
      "TP": 13888,
      "FP": 12,
      "FN": 1787,
      "precision": 0.999136690647482,
      "recall": 0.8859968102073366,
      "f1": 0.9391715976331361
    },
    "phase1": {
      "TP": 6,
      "FP": 4,
      "FN": 0,
      "precision": 0.6,
      "recall": 1.0,
      "f1": 0.7499999999999999
    },
    "phase2": {
      "TP": 0,
      "FP": 0,
      "FN": 6,
      "precision": 0.0,
      "recall": 0.0,
      "f1": 0.0
    },
    "phase3": {
      "TP": 10,
      "FP": 1076,
      "FN": 0,
      "precision": 0.009208103130755065,
      "recall": 1.0,
      "f1": 0.01824817518248175
    },
    "phase4": {
      "TP": 2,
      "FP": 718,
      "FN": 4,
      "precision": 0.002777777777777778,
      "recall": 0.3333333333333333,
      "f1": 0.005509641873278238
    },
    "phase5": {
      "TP": 22028,
      "FP": 1,
      "FN": 14,
      "precision": 0.9999546052930228,
      "recall": 0.99936484892478,
      "f1": 0.99965964012616
    }
  },
  "confusion_matrix": [
    [
      13888,
      4,
      0,
      1067,
      715,
      1
    ],
    [
      0,
      6,
      0,
      0,
      0,
      0
    ],
    [
      0,
      0,
      0,
      4,
      2,
      0
    ],
    [
      0,
      0,
      0,
      10,
      0,
      0
    ],
    [
      1,
      0,
      0,
      3,
      2,
      0
    ],
    [
      11,
      0,
      0,
      2,
      1,
      22028
    ]
  ]
}