{
  "accuracy": 0.9992051927407604,
  "micro_f1": 0.9992051927407604,
  "macro_f1": 0.8163278941345146,
  "false_alarms": 11,
  "false_alarm_rate": 0.0007017543859649122,
  "missed_attacks": 15,
  "detection_rate": 0.9993203443588582,
  "classes": [
    "benign",
    "phase1",
    "phase2",
    "phase3",
    "phase4",
    "phase5"
  ],
  "per_class": {
    "benign": {
      "TP": 15664,
      "FP": 15,
      "FN": 11,
      "precision": 0.9990433063333121,
      "recall": 0.9992982456140351,
      "f1": 0.9991707597116795
    },
    "phase1": {
      "TP": 6,
      "FP": 2,
      "FN": 0,
      "precision": 0.75,
      "recall": 1.0,
      "f1": 0.8571428571428571
    },
    "phase2": {
      "TP": 5,
      "FP": 3,
      "FN": 1,
      "precision": 0.625,
      "recall": 0.8333333333333334,
      "f1": 0.7142857142857143
    },
    "phase3": {
      "TP": 9,
      "FP": 2,
      "FN": 1,
      "precision": 0.8181818181818182,
      "recall": 0.9,
      "f1": 0.8571428571428572
    },
    "phase4": {
      "TP": 4,
      "FP": 7,
      "FN": 2,
      "precision": 0.36363636363636365,
      "recall": 0.6666666666666666,
      "f1": 0.4705882352941177
    },
    "phase5": {
      "TP": 22027,
      "FP": 1,
      "FN": 15,
      "precision": 0.9999546032322498,
      "recall": 0.9993194809908357,
      "f1": 0.9996369412298616
    }
  },
  "confusion_matrix": [
    [
      15664,
      1,
      2,
      1,
      6,
      1
    ],
    [
      0,
      6,
      0,
      0,
      0,
      0
    ],
    [
      1,
      0,
      5,
      0,
      0,
      0
    ],
    [
      0,
      0,
      1,
      9,
      0,
      0
    ],
    [
      2,
      0,
      0,
      0,
      4,
      0
    ],
    [
      12,
      1,
      0,
      1,
      1,
      22027
    ]
  ]
}