{
  "accuracy": 0.997907007550669,
  "micro_f1": 0.997907007550669,
  "macro_f1": 0.6459239898919148,
  "false_alarms": 61,
  "false_alarm_rate": 0.003891547049441786,
  "missed_attacks": 15,
  "detection_rate": 0.9993203443588582,
  "classes": [
    "benign",
    "phase1",
    "phase2",
    "phase3",
    "phase4",
    "phase5"
  ],
  "per_class": {
    "benign": {
      "TP": 15614,
      "FP": 15,
      "FN": 61,
      "precision": 0.9990402456971016,
      "recall": 0.9961084529505582,
      "f1": 0.9975721952466139
    },
    "phase1": {
      "TP": 6,
      "FP": 4,
      "FN": 0,
      "precision": 0.6,
      "recall": 1.0,
      "f1": 0.7499999999999999
    },
    "phase2": {
      "TP": 5,
      "FP": 26,
      "FN": 1,
      "precision": 0.16129032258064516,
      "recall": 0.8333333333333334,
      "f1": 0.27027027027027023
    },
    "phase3": {
      "TP": 9,
      "FP": 11,
      "FN": 1,
      "precision": 0.45,
      "recall": 0.9,
      "f1": 0.6
    },
    "phase4": {
      "TP": 4,
      "FP": 21,
      "FN": 2,
      "precision": 0.16,
      "recall": 0.6666666666666666,
      "f1": 0.25806451612903225
    },
    "phase5": {
      "TP": 22028,
      "FP": 2,
      "FN": 14,
      "precision": 0.9999092147072174,
      "recall": 0.99936484892478,
      "f1": 0.9996369577055727
    }
  },
  "confusion_matrix": [
    [
      15614,
      3,
      25,
      11,
      20,
      2
    ],
    [
      0,
      6,
      0,
      0,
      0,
      0
    ],
    [
      0,
      1,
      5,
      0,
      0,
      0
    ],
    [
      0,
      0,
      1,
      9,
      0,
      0
    ],
    [
      2,
      0,
      0,
      0,
      4,
      0
    ],
    [
      13,
      0,
      0,
      0,
      1,
      22028
    ]
  ]
}