{
  "accuracy": 0.9910716651212081,
  "micro_f1": 0.9910716651212081,
  "macro_f1": 0.47570071509782874,
  "false_alarms": 320,
  "false_alarm_rate": 0.020414673046251993,
  "missed_attacks": 12,
  "detection_rate": 0.9994562754870865,
  "classes": [
    "benign",
    "phase1",
    "phase2",
    "phase3",
    "phase4",
    "phase5"
  ],
  "per_class": {
    "benign": {
      "TP": 15355,
      "FP": 12,
      "FN": 320,
      "precision": 0.9992191058762283,
      "recall": 0.979585326953748,
      "f1": 0.9893048128342246
    },
    "phase1": {
      "TP": 6,
      "FP": 11,
      "FN": 0,
      "precision": 0.35294117647058826,
      "recall": 1.0,
      "f1": 0.5217391304347826
    },
    "phase2": {
      "TP": 5,
      "FP": 123,
      "FN": 1,
      "precision": 0.0390625,
      "recall": 0.8333333333333334,
      "f1": 0.0746268656716418
    },
    "phase3": {
      "TP": 10,
      "FP": 94,
      "FN": 0,
      "precision": 0.09615384615384616,
      "recall": 1.0,
      "f1": 0.17543859649122806
    },
    "phase4": {
      "TP": 5,
      "FP": 96,
      "FN": 1,
      "precision": 0.04950495049504951,
      "recall": 0.8333333333333334,
      "f1": 0.09345794392523366
    },
    "phase5": {
      "TP": 22027,
      "FP": 1,
      "FN": 15,
      "precision": 0.9999546032322498,
      "recall": 0.9993194809908357,
      "f1": 0.9996369412298616
    }
  },
  "confusion_matrix": [
    [
      15355,
      10,
      122,
      92,
      95,
      1
    ],
    [
      0,
      6,
      0,
      0,
      0,
      0
    ],
    [
      0,
      1,
      5,
      0,
      0,
      0
    ],
    [
      0,
      0,
      0,
      10,
      0,
      0
    ],
    [
      0,
      0,
      1,
      0,
      5,
      0
    ],
    [
      12,
      0,
      0,
      2,
      1,
      22027
    ]
  ]
}