{
  "accuracy": 0.980659690025169,
  "micro_f1": 0.980659690025169,
  "macro_f1": 0.3928889092069441,
  "false_alarms": 714,
  "false_alarm_rate": 0.04555023923444976,
  "missed_attacks": 11,
  "detection_rate": 0.9995015858631626,
  "classes": [
    "benign",
    "phase1",
    "phase2",
    "phase3",
    "phase4",
    "phase5"
  ],
  "per_class": {
    "benign": {
      "TP": 14961,
      "FP": 11,
      "FN": 714,
      "precision": 0.9992652952177398,
      "recall": 0.9544497607655502,
      "f1": 0.9763435246516788
    },
    "phase1": {
      "TP": 6,
      "FP": 45,
      "FN": 0,
      "precision": 0.11764705882352941,
      "recall": 1.0,
      "f1": 0.21052631578947367
    },
    "phase2": {
      "TP": 4,
      "FP": 203,
      "FN": 2,
      "precision": 0.01932367149758454,
      "recall": 0.6666666666666666,
      "f1": 0.03755868544600939
    },
    "phase3": {
      "TP": 10,
      "FP": 180,
      "FN": 0,
      "precision": 0.05263157894736842,
      "recall": 1.0,
      "f1": 0.1
    },
    "phase4": {
      "TP": 5,
      "FP": 290,
      "FN": 1,
      "precision": 0.01694915254237288,
      "recall": 0.8333333333333334,
      "f1": 0.03322259136212625
    },
    "phase5": {
      "TP": 22029,
      "FP": 1,
      "FN": 13,
      "precision": 0.9999546073536087,
      "recall": 0.9994102168587242,
      "f1": 0.999682337992376
    }
  },
  "confusion_matrix": [
    [
      14961,
      44,
      203,
      179,
      287,
      1
    ],
    [
      0,
      6,
      0,
      0,
      0,
      0
    ],
    [
      0,
      1,
      4,
      0,
      1,
      0
    ],
    [
      0,
      0,
      0,
      10,
      0,
      0
    ],
    [
      0,
      0,
      0,
      1,
      5,
      0
    ],
    [
      11,
      0,
      0,
      0,
      2,
      22029
    ]
  ]
}