{
  "accuracy": 0.9813485229831765,
  "micro_f1": 0.9813485229831765,
  "macro_f1": 0.4768802500159965,
  "false_alarms": 689,
  "false_alarm_rate": 0.043955342902711324,
  "missed_attacks": 12,
  "detection_rate": 0.9994562754870865,
  "classes": [
    "benign",
    "phase1",
    "phase2",
    "phase3",
    "phase4",
    "phase5"
  ],
  "per_class": {
    "benign": {
      "TP": 14986,
      "FP": 12,
      "FN": 689,
      "precision": 0.9991998933191092,
      "recall": 0.9560446570972887,
      "f1": 0.9771460241906563
    },
    "phase1": {
      "TP": 6,
      "FP": 5,
      "FN": 0,
      "precision": 0.5454545454545454,
      "recall": 1.0,
      "f1": 0.7058823529411764
    },
    "phase2": {
      "TP": 5,
      "FP": 190,
      "FN": 1,
      "precision": 0.02564102564102564,
      "recall": 0.8333333333333334,
      "f1": 0.04975124378109452
    },
    "phase3": {
      "TP": 9,
      "FP": 175,
      "FN": 1,
      "precision": 0.04891304347826087,
      "recall": 0.9,
      "f1": 0.09278350515463918
    },
    "phase4": {
      "TP": 6,
      "FP": 321,
      "FN": 0,
      "precision": 0.01834862385321101,
      "recall": 1.0,
      "f1": 0.03603603603603604
    },
    "phase5": {
      "TP": 22029,
      "FP": 1,
      "FN": 13,
      "precision": 0.9999546073536087,
      "recall": 0.9994102168587242,
      "f1": 0.999682337992376
    }
  },
  "confusion_matrix": [
    [
      14986,
      5,
      189,
      175,
      319,
      1
    ],
    [
      0,
      6,
      0,
      0,
      0,
      0
    ],
    [
      0,
      0,
      5,
      0,
      1,
      0
    ],
    [
      0,
      0,
      1,
      9,
      0,
      0
    ],
    [
      0,
      0,
      0,
      0,
      6,
      0
    ],
    [
      12,
      0,
      0,
      0,
      1,
      22029
    ]
  ]
}