{
  "accuracy": 0.9962114187309578,
  "micro_f1": 0.9962114187309578,
  "macro_f1": 0.5831293524979402,
  "false_alarms": 128,
  "false_alarm_rate": 0.008165869218500798,
  "missed_attacks": 12,
  "detection_rate": 0.9994562754870865,
  "classes": [
    "benign",
    "phase1",
    "phase2",
    "phase3",
    "phase4",
    "phase5"
  ],
  "per_class": {
    "benign": {
      "TP": 15547,
      "FP": 12,
      "FN": 128,
      "precision": 0.9992287422070827,
      "recall": 0.9918341307814992,
      "f1": 0.9955177050649934
    },
    "phase1": {
      "TP": 6,
      "FP": 4,
      "FN": 0,
      "precision": 0.6,
      "recall": 1.0,
      "f1": 0.7499999999999999
    },
    "phase2": {
      "TP": 5,
      "FP": 45,
      "FN": 1,
      "precision": 0.1,
      "recall": 0.8333333333333334,
      "f1": 0.17857142857142858
    },
    "phase3": {
      "TP": 9,
      "FP": 32,
      "FN": 1,
      "precision": 0.21951219512195122,
      "recall": 0.9,
      "f1": 0.3529411764705882
    },
    "phase4": {
      "TP": 6,
      "FP": 42,
      "FN": 0,
      "precision": 0.125,
      "recall": 1.0,
      "f1": 0.2222222222222222
    },
    "phase5": {
      "TP": 22029,
      "FP": 8,
      "FN": 13,
      "precision": 0.9996369741797886,
      "recall": 0.9994102168587242,
      "f1": 0.9995235826584088
    }
  },
  "confusion_matrix": [
    [
      15547,
      3,
      44,
      32,
      41,
      8
    ],
    [
      0,
      6,
      0,
      0,
      0,
      0
    ],
    [
      0,
      1,
      5,
      0,
      0,
      0
    ],
    [
      0,
      0,
      1,
      9,
      0,
      0
    ],
    [
      0,
      0,
      0,
      0,
      6,
      0
    ],
    [
      12,
      0,
      0,
      0,
      1,
      22029
    ]
  ]
}