{
  "accuracy": 0.9868856802225461,
  "micro_f1": 0.9868856802225461,
  "macro_f1": 0.44025582097133037,
  "false_alarms": 478,
  "false_alarm_rate": 0.030494417862838914,
  "missed_attacks": 12,
  "detection_rate": 0.9994562754870865,
  "classes": [
    "benign",
    "phase1",
    "phase2",
    "phase3",
    "phase4",
    "phase5"
  ],
  "per_class": {
    "benign": {
      "TP": 15197,
      "FP": 12,
      "FN": 478,
      "precision": 0.9992109934906963,
      "recall": 0.9695055821371611,
      "f1": 0.984134179510426
    },
    "phase1": {
      "TP": 6,
      "FP": 16,
      "FN": 0,
      "precision": 0.2727272727272727,
      "recall": 1.0,
      "f1": 0.42857142857142855
    },
    "phase2": {
      "TP": 4,
      "FP": 121,
      "FN": 2,
      "precision": 0.032,
      "recall": 0.6666666666666666,
      "f1": 0.061068702290076333
    },
    "phase3": {
      "TP": 10,
      "FP": 146,
      "FN": 0,
      "precision": 0.0641025641025641,
      "recall": 1.0,
      "f1": 0.12048192771084336
    },
    "phase4": {
      "TP": 5,
      "FP": 199,
      "FN": 1,
      "precision": 0.024509803921568627,
      "recall": 0.8333333333333334,
      "f1": 0.047619047619047616
    },
    "phase5": {
      "TP": 22028,
      "FP": 1,
      "FN": 14,
      "precision": 0.9999546052930228,
      "recall": 0.99936484892478,
      "f1": 0.99965964012616
    }
  },
  "confusion_matrix": [
    [
      15197,
      15,
      121,
      144,
      197,
      1
    ],
    [
      0,
      6,
      0,
      0,
      0,
      0
    ],
    [
      0,
      1,
      4,
      0,
      1,
      0
    ],
    [
      0,
      0,
      0,
      10,
      0,
      0
    ],
    [
      0,
      0,
      0,
      1,
      5,
      0
    ],
    [
      12,
      0,
      0,
      1,
      1,
      22028
    ]
  ]
}