{
  "accuracy": 0.9759968207709631,
  "micro_f1": 0.9759968207709631,
  "macro_f1": 0.4214337472700101,
  "false_alarms": 883,
  "false_alarm_rate": 0.056331738437001594,
  "missed_attacks": 10,
  "detection_rate": 0.9995468962392388,
  "classes": [
    "benign",
    "phase1",
    "phase2",
    "phase3",
    "phase4",
    "phase5"
  ],
  "per_class": {
    "benign": {
      "TP": 14792,
      "FP": 10,
      "FN": 883,
      "precision": 0.9993244156195109,
      "recall": 0.9436682615629984,
      "f1": 0.9706992158020802
    },
    "phase1": {
      "TP": 6,
      "FP": 15,
      "FN": 0,
      "precision": 0.2857142857142857,
      "recall": 1.0,
      "f1": 0.4444444444444445
    },
    "phase2": {
      "TP": 1,
      "FP": 214,
      "FN": 5,
      "precision": 0.004651162790697674,
      "recall": 0.16666666666666666,
      "f1": 0.009049773755656108
    },
    "phase3": {
      "TP": 7,
      "FP": 154,
      "FN": 3,
      "precision": 0.043478260869565216,
      "recall": 0.7,
      "f1": 0.08187134502923976
    },
    "phase4": {
      "TP": 6,
      "FP": 512,
      "FN": 0,
      "precision": 0.011583011583011582,
      "recall": 1.0,
      "f1": 0.022900763358778626
    },
    "phase5": {
      "TP": 22027,
      "FP": 1,
      "FN": 15,
      "precision": 0.9999546032322498,
      "recall": 0.9993194809908357,
      "f1": 0.9996369412298616
    }
  },
  "confusion_matrix": [
    [
      14792,
      14,
      209,
      151,
      508,
      1
    ],
    [
      0,
      6,
      0,
      0,
      0,
      0
    ],
    [
      1,
      1,
      1,
      3,
      0,
      0
    ],
    [
      0,
      0,
      3,
      7,
      0,
      0
    ],
    [
      0,
      0,
      0,
      0,
      6,
      0
    ],
    [
      9,
      0,
      2,
      0,
      4,
      22027
    ]
  ]
}