{
  "accuracy": 0.8388925685521261,
  "micro_f1": 0.8388925685521261,
  "macro_f1": 0.447874772211658,
  "false_alarms": 6060,
  "false_alarm_rate": 0.3866028708133971,
  "missed_attacks": 1,
  "detection_rate": 0.9999546896239239,
  "classes": [
    "benign",
    "phase1",
    "phase2",
    "phase3",
    "phase4",
    "phase5"
  ],
  "per_class": {
    "benign": {
      "TP": 9615,
      "FP": 1,
      "FN": 6060,
      "precision": 0.999896006655574,
      "recall": 0.6133971291866028,
      "f1": 0.7603495314538768
    },
    "phase1": {
      "TP": 5,
      "FP": 2,
      "FN": 1,
      "precision": 0.7142857142857143,
      "recall": 0.8333333333333334,
      "f1": 0.7692307692307692
    },
    "phase2": {
      "TP": 4,
      "FP": 3301,
      "FN": 2,
      "precision": 0.001210287443267776,
      "recall": 0.6666666666666666,
      "f1": 0.00241618846270009
    },
    "phase3": {
      "TP": 6,
      "FP": 63,
      "FN": 4,
      "precision": 0.08695652173913043,
      "recall": 0.6,
      "f1": 0.15189873417721517
    },
    "phase4": {
      "TP": 5,
      "FP": 2713,
      "FN": 1,
      "precision": 0.001839587932303164,
      "recall": 0.8333333333333334,
      "f1": 0.003671071953010279
    },
    "phase5": {
      "TP": 22029,
      "FP": 1,
      "FN": 13,
      "precision": 0.9999546073536087,
      "recall": 0.9994102168587242,
      "f1": 0.999682337992376
    }
  },
  "confusion_matrix": [
    [
      9615,
      2,
      3293,
      62,
      2702,
      1
    ],
    [
      0,
      5,
      0,
      0,
      1,
      0
    ],
    [
      0,
      0,
      4,
      1,
      1,
      0
    ],
    [
      0,
      0,
      4,
      6,
      0,
      0
    ],
    [
      0,
      0,
      1,
      0,
      5,
      0
    ],
    [
      1,
      0,
      3,
      0,
      9,
      22029
    ]
  ]
}