{
  "accuracy": 0.9991522055901444,
  "micro_f1": 0.9991522055901444,
  "macro_f1": 0.8397733331356685,
  "false_alarms": 16,
  "false_alarm_rate": 0.0010207336523125998,
  "missed_attacks": 14,
  "detection_rate": 0.9993656547349343,
  "classes": [
    "benign",
    "phase1",
    "phase2",
    "phase3",
    "phase4",
    "phase5"
  ],
  "per_class": {
    "benign": {
      "TP": 15659,
      "FP": 14,
      "FN": 16,
      "precision": 0.9991067440821796,
      "recall": 0.9989792663476874,
      "f1": 0.9990430011483986
    },
    "phase1": {
      "TP": 6,
      "FP": 1,
      "FN": 0,
      "precision": 0.8571428571428571,
      "recall": 1.0,
      "f1": 0.923076923076923
    },
    "phase2": {
      "TP": 5,
      "FP": 3,
      "FN": 1,
      "precision": 0.625,
      "recall": 0.8333333333333334,
      "f1": 0.7142857142857143
    },
    "phase3": {
      "TP": 9,
      "FP": 2,
      "FN": 1,
      "precision": 0.8181818181818182,
      "recall": 0.9,
      "f1": 0.8571428571428572
    },
    "phase4": {
      "TP": 6,
      "FP": 10,
      "FN": 0,
      "precision": 0.375,
      "recall": 1.0,
      "f1": 0.5454545454545454
    },
    "phase5": {
      "TP": 22028,
      "FP": 2,
      "FN": 14,
      "precision": 0.9999092147072174,
      "recall": 0.99936484892478,
      "f1": 0.9996369577055727
    }
  },
  "confusion_matrix": [
    [
      15659,
      1,
      2,
      1,
      10,
      2
    ],
    [
      0,
      6,
      0,
      0,
      0,
      0
    ],
    [
      1,
      0,
      5,
      0,
      0,
      0
    ],
    [
      0,
      0,
      1,
      9,
      0,
      0
    ],
    [
      0,
      0,
      0,
      0,
      6,
      0
    ],
    [
      13,
      0,
      0,
      1,
      0,
      22028
    ]
  ]
}