{
  "accuracy": 0.997907007550669,
  "micro_f1": 0.997907007550669,
  "macro_f1": 0.6448391490439519,
  "false_alarms": 60,
  "false_alarm_rate": 0.003827751196172249,
  "missed_attacks": 15,
  "detection_rate": 0.9993203443588582,
  "classes": [
    "benign",
    "phase1",
    "phase2",
    "phase3",
    "phase4",
    "phase5"
  ],
  "per_class": {
    "benign": {
      "TP": 15615,
      "FP": 15,
      "FN": 60,
      "precision": 0.9990403071017274,
      "recall": 0.9961722488038277,
      "f1": 0.9976042165788213
    },
    "phase1": {
      "TP": 6,
      "FP": 5,
      "FN": 0,
      "precision": 0.5454545454545454,
      "recall": 1.0,
      "f1": 0.7058823529411764
    },
    "phase2": {
      "TP": 5,
      "FP": 28,
      "FN": 1,
      "precision": 0.15151515151515152,
      "recall": 0.8333333333333334,
      "f1": 0.25641025641025644
    },
    "phase3": {
      "TP": 9,
      "FP": 9,
      "FN": 1,
      "precision": 0.5,
      "recall": 0.9,
      "f1": 0.6428571428571429
    },
    "phase4": {
      "TP": 4,
      "FP": 20,
      "FN": 2,
      "precision": 0.16666666666666666,
      "recall": 0.6666666666666666,
      "f1": 0.26666666666666666
    },
    "phase5": {
      "TP": 22027,
      "FP": 2,
      "FN": 15,
      "precision": 0.9999092105860456,
      "recall": 0.9993194809908357,
      "f1": 0.999614258809648
    }
  },
  "confusion_matrix": [
    [
      15615,
      4,
      25,
      9,
      20,
      2
    ],
    [
      0,
      6,
      0,
      0,
      0,
      0
    ],
    [
      0,
      1,
      5,
      0,
      0,
      0
    ],
    [
      0,
      0,
      1,
      9,
      0,
      0
    ],
    [
      2,
      0,
      0,
      0,
      4,
      0
    ],
    [
      13,
      0,
      2,
      0,
      0,
      22027
    ]
  ]
}