{
  "accuracy": 0.9962114187309578,
  "micro_f1": 0.9962114187309578,
  "macro_f1": 0.5695342275881731,
  "false_alarms": 128,
  "false_alarm_rate": 0.008165869218500798,
  "missed_attacks": 12,
  "detection_rate": 0.9994562754870865,
  "classes": [
    "benign",
    "phase1",
    "phase2",
    "phase3",
    "phase4",
    "phase5"
  ],
  "per_class": {
    "benign": {
      "TP": 15547,
      "FP": 12,
      "FN": 128,
      "precision": 0.9992287422070827,
      "recall": 0.9918341307814992,
      "f1": 0.9955177050649934
    },
    "phase1": {
      "TP": 6,
      "FP": 9,
      "FN": 0,
      "precision": 0.4,
      "recall": 1.0,
      "f1": 0.5714285714285715
    },
    "phase2": {
      "TP": 5,
      "FP": 18,
      "FN": 1,
      "precision": 0.21739130434782608,
      "recall": 0.8333333333333334,
      "f1": 0.3448275862068966
    },
    "phase3": {
      "TP": 9,
      "FP": 37,
      "FN": 1,
      "precision": 0.1956521739130435,
      "recall": 0.9,
      "f1": 0.3214285714285714
    },
    "phase4": {
      "TP": 6,
      "FP": 53,
      "FN": 0,
      "precision": 0.1016949152542373,
      "recall": 1.0,
      "f1": 0.18461538461538463
    },
    "phase5": {
      "TP": 22029,
      "FP": 14,
      "FN": 13,
      "precision": 0.9993648777389648,
      "recall": 0.9994102168587242,
      "f1": 0.9993875467846206
    }
  },
  "confusion_matrix": [
    [
      15547,
      8,
      17,
      37,
      52,
      14
    ],
    [
      0,
      6,
      0,
      0,
      0,
      0
    ],
    [
      0,
      1,
      5,
      0,
      0,
      0
    ],
    [
      0,
      0,
      1,
      9,
      0,
      0
    ],
    [
      0,
      0,
      0,
      0,
      6,
      0
    ],
    [
      12,
      0,
      0,
      0,
      1,
      22029
    ]
  ]
}