{
  "accuracy": 0.9795734534375414,
  "micro_f1": 0.9795734534375414,
  "macro_f1": 0.4395242975251832,
  "false_alarms": 752,
  "false_alarm_rate": 0.047974481658692184,
  "missed_attacks": 12,
  "detection_rate": 0.9994562754870865,
  "classes": [
    "benign",
    "phase1",
    "phase2",
    "phase3",
    "phase4",
    "phase5"
  ],
  "per_class": {
    "benign": {
      "TP": 14923,
      "FP": 12,
      "FN": 752,
      "precision": 0.9991965182457315,
      "recall": 0.9520255183413078,
      "f1": 0.9750408363279974
    },
    "phase1": {
      "TP": 6,
      "FP": 13,
      "FN": 0,
      "precision": 0.3157894736842105,
      "recall": 1.0,
      "f1": 0.4799999999999999
    },
    "phase2": {
      "TP": 5,
      "FP": 315,
      "FN": 1,
      "precision": 0.015625,
      "recall": 0.8333333333333334,
      "f1": 0.03067484662576687
    },
    "phase3": {
      "TP": 8,
      "FP": 114,
      "FN": 2,
      "precision": 0.06557377049180328,
      "recall": 0.8,
      "f1": 0.12121212121212123
    },
    "phase4": {
      "TP": 5,
      "FP": 316,
      "FN": 1,
      "precision": 0.01557632398753894,
      "recall": 0.8333333333333334,
      "f1": 0.03058103975535168
    },
    "phase5": {
      "TP": 22027,
      "FP": 1,
      "FN": 15,
      "precision": 0.9999546032322498,
      "recall": 0.9993194809908357,
      "f1": 0.9996369412298616
    }
  },
  "confusion_matrix": [
    [
      14923,
      13,
      310,
      114,
      314,
      1
    ],
    [
      0,
      6,
      0,
      0,
      0,
      0
    ],
    [
      1,
      0,
      5,
      0,
      0,
      0
    ],
    [
      0,
      0,
      2,
      8,
      0,
      0
    ],
    [
      0,
      0,
      1,
      0,
      5,
      0
    ],
    [
      11,
      0,
      2,
      0,
      2,
      22027
    ]
  ]
}