{
  "accuracy": 0.9981719433037488,
  "micro_f1": 0.9981719433037488,
  "macro_f1": 0.6549799034648931,
  "false_alarms": 50,
  "false_alarm_rate": 0.003189792663476874,
  "missed_attacks": 14,
  "detection_rate": 0.9993656547349343,
  "classes": [
    "benign",
    "phase1",
    "phase2",
    "phase3",
    "phase4",
    "phase5"
  ],
  "per_class": {
    "benign": {
      "TP": 15625,
      "FP": 14,
      "FN": 50,
      "precision": 0.9991048020973208,
      "recall": 0.9968102073365231,
      "f1": 0.9979561857316216
    },
    "phase1": {
      "TP": 6,
      "FP": 5,
      "FN": 0,
      "precision": 0.5454545454545454,
      "recall": 1.0,
      "f1": 0.7058823529411764
    },
    "phase2": {
      "TP": 5,
      "FP": 24,
      "FN": 1,
      "precision": 0.1724137931034483,
      "recall": 0.8333333333333334,
      "f1": 0.28571428571428575
    },
    "phase3": {
      "TP": 9,
      "FP": 10,
      "FN": 1,
      "precision": 0.47368421052631576,
      "recall": 0.9,
      "f1": 0.6206896551724138
    },
    "phase4": {
      "TP": 4,
      "FP": 15,
      "FN": 2,
      "precision": 0.21052631578947367,
      "recall": 0.6666666666666666,
      "f1": 0.32
    },
    "phase5": {
      "TP": 22027,
      "FP": 1,
      "FN": 15,
      "precision": 0.9999546032322498,
      "recall": 0.9993194809908357,
      "f1": 0.9996369412298616
    }
  },
  "confusion_matrix": [
    [
      15625,
      4,
      23,
      7,
      15,
      1
    ],
    [
      0,
      6,
      0,
      0,
      0,
      0
    ],
    [
      0,
      1,
      5,
      0,
      0,
      0
    ],
    [
      0,
      0,
      1,
      9,
      0,
      0
    ],
    [
      1,
      0,
      0,
      1,
      4,
      0
    ],
    [
      13,
      0,
      0,
      2,
      0,
      22027
    ]
  ]
}