{
  "accuracy": 0.9958934958272619,
  "micro_f1": 0.9958934958272619,
  "macro_f1": 0.4936551696198112,
  "false_alarms": 122,
  "false_alarm_rate": 0.007783094098883572,
  "missed_attacks": 29,
  "detection_rate": 0.9986859990937925,
  "classes": [
    "benign",
    "phase1",
    "phase2",
    "phase3",
    "phase4",
    "phase5"
  ],
  "per_class": {
    "benign": {
      "TP": 15553,
      "FP": 29,
      "FN": 122,
      "precision": 0.9981388781927866,
      "recall": 0.9922169059011164,
      "f1": 0.9951690821256038
    },
    "phase1": {
      "TP": 5,
      "FP": 3,
      "FN": 1,
      "precision": 0.625,
      "recall": 0.8333333333333334,
      "f1": 0.7142857142857143
    },
    "phase2": {
      "TP": 1,
      "FP": 47,
      "FN": 5,
      "precision": 0.020833333333333332,
      "recall": 0.16666666666666666,
      "f1": 0.037037037037037035
    },
    "phase3": {
      "TP": 1,
      "FP": 0,
      "FN": 9,
      "precision": 1.0,
      "recall": 0.1,
      "f1": 0.18181818181818182
    },
    "phase4": {
      "TP": 1,
      "FP": 51,
      "FN": 5,
      "precision": 0.019230769230769232,
      "recall": 0.16666666666666666,
      "f1": 0.034482758620689655
    },
    "phase5": {
      "TP": 22029,
      "FP": 25,
      "FN": 13,
      "precision": 0.9988664187902422,
      "recall": 0.9994102168587242,
      "f1": 0.9991382438316401
    }
  },
  "confusion_matrix": [
    [
      15553,
      2,
      44,
      0,
      51,
      25
    ],
    [
      1,
      5,
      0,
      0,
      0,
      0
    ],
    [
      4,
      1,
      1,
      0,
      0,
      0
    ],
    [
      6,
      0,
      3,
      1,
      0,
      0
    ],
    [
      5,
      0,
      0,
      0,
      1,
      0
    ],
    [
      13,
      0,
      0,
      0,
      0,
      22029
    ]
  ]
}