{
  "accuracy": 0.9207312226785005,
  "micro_f1": 0.9207312226785005,
  "macro_f1": 0.35370437594388204,
  "false_alarms": 2971,
  "false_alarm_rate": 0.18953748006379587,
  "missed_attacks": 8,
  "detection_rate": 0.999637516991391,
  "classes": [
    "benign",
    "phase1",
    "phase2",
    "phase3",
    "phase4",
    "phase5"
  ],
  "per_class": {
    "benign": {
      "TP": 12704,
      "FP": 8,
      "FN": 2971,
      "precision": 0.9993706733794839,
      "recall": 0.8104625199362041,
      "f1": 0.8950575967872617
    },
    "phase1": {
      "TP": 6,
      "FP": 72,
      "FN": 0,
      "precision": 0.07692307692307693,
      "recall": 1.0,
      "f1": 0.14285714285714288
    },
    "phase2": {
      "TP": 1,
      "FP": 2276,
      "FN": 5,
      "precision": 0.0004391743522178305,
      "recall": 0.16666666666666666,
      "f1": 0.0008760402978537014
    },
    "phase3": {
      "TP": 10,
      "FP": 357,
      "FN": 0,
      "precision": 0.027247956403269755,
      "recall": 1.0,
      "f1": 0.05305039787798409
    },
    "phase4": {
      "TP": 4,
      "FP": 244,
      "FN": 2,
      "precision": 0.016129032258064516,
      "recall": 0.6666666666666666,
      "f1": 0.031496062992125984
    },
    "phase5": {
      "TP": 22028,
      "FP": 35,
      "FN": 14,
      "precision": 0.9984136336853556,
      "recall": 0.99936484892478,
      "f1": 0.9988890148509239
    }
  },
  "confusion_matrix": [
    [
      12704,
      69,
      2268,
      355,
      244,
      35
    ],
    [
      0,
      6,
      0,
      0,
      0,
      0
    ],
    [
      1,
      2,
      1,
      2,
      0,
      0
    ],
    [
      0,
      0,
      0,
      10,
      0,
      0
    ],
    [
      1,
      0,
      1,
      0,
      4,
      0
    ],
    [
      6,
      1,
      7,
      0,
      0,
      22028
    ]
  ]
}