{
  "accuracy": 0.9998410680228862,
  "precision": 0.5882352941176471,
  "recall": 0.9090909090909091,
  "f1": 0.7142857142857143,
  "confusion_matrix": [
    [
      50318,
      7
    ],
    [
      1,
      10
    ]
  ],
  "misclassified_info": {
    "total_misclassified": 8,
    "per_phase": {
      "0": 3,
      "1": 1,
      "2": 1,
      "3": 3,
      "4": 0,
      "5": 0
    }
  }
}