{
  "accuracy": 0.9999006675143038,
  "precision": 0.7142857142857143,
  "recall": 0.625,
  "f1": 0.6666666666666666,
  "confusion_matrix": [
    [
      50326,
      2
    ],
    [
      3,
      5
    ]
  ],
  "misclassified_info": {
    "total_misclassified": 5,
    "per_phase": {
      "0": 1,
      "1": 0,
      "2": 0,
      "3": 0,
      "4": 3,
      "5": 1
    }
  }
}