{
  "accuracy": 0.9998609096508833,
  "precision": 0.5833333333333334,
  "recall": 0.7777777777777778,
  "f1": 0.6666666666666666,
  "confusion_matrix": [
    [
      50313,
      5
    ],
    [
      2,
      7
    ]
  ],
  "misclassified_samples": {
    "total_misclassified": 7,
    "per_phase": {
      "0": 5,
      "1": 0,
      "2": 2,
      "3": 0,
      "4": 0,
      "5": 0
    }
  }
}