{
  "accuracy": 0.9999006497506309,
  "precision": 0.7647058823529411,
  "recall": 0.9285714285714286,
  "f1": 0.8387096774193549,
  "confusion_matrix": [
    [
      50309,
      4
    ],
    [
      1,
      13
    ]
  ],
  "misclassified_samples": {
    "total_misclassified": 5,
    "per_phase": {
      "0": 1,
      "1": 0,
      "2": 3,
      "3": 1,
      "4": 0,
      "5": 0
    }
  }
}