{
  "accuracy": 0.9999205198005047,
  "precision": 0.6363636363636364,
  "recall": 1.0,
  "f1": 0.7777777777777778,
  "confusion_matrix": [
    [
      50316,
      4
    ],
    [
      0,
      7
    ]
  ],
  "misclassified_samples": {
    "total_misclassified": 4,
    "per_phase": {
      "0": 3,
      "1": 0,
      "2": 0,
      "3": 0,
      "4": 0,
      "5": 1
    }
  }
}