{
  "accuracy": 0.9998807797007571,
  "precision": 0.6666666666666666,
  "recall": 0.6666666666666666,
  "f1": 0.6666666666666666,
  "confusion_matrix": [
    [
      50315,
      3
    ],
    [
      3,
      6
    ]
  ],
  "misclassified_samples": {
    "total_misclassified": 6,
    "per_phase": {
      "0": 3,
      "1": 0,
      "2": 0,
      "3": 0,
      "4": 3,
      "5": 0
    }
  }
}