{
  "accuracy": 0.9999006497506309,
  "precision": 0.6666666666666666,
  "recall": 0.8888888888888888,
  "f1": 0.7619047619047619,
  "confusion_matrix": [
    [
      50314,
      4
    ],
    [
      1,
      8
    ]
  ],
  "misclassified_samples": {
    "total_misclassified": 5,
    "per_phase": {
      "0": 2,
      "1": 1,
      "2": 1,
      "3": 1,
      "4": 0,
      "5": 0
    }
  }
}