{
  "Accuracy": 0.9590457961151283,
  "Macro Precision": 0.7835540646768819,
  "Macro Recall": 0.9396028308193594,
  "Macro F1": 0.8413474011114562,
  "False Alarms": 5160,
  "False Alarm Rate": 0.03863721452639461,
  "Missed Attacks": 617,
  "Detection Rate": 0.9178428761651132,
  "Confusion Matrix (actual_pred)": [
    [
      128390,
      5160
    ],
    [
      617,
      6893
    ]
  ],
  "Misclassified Info": {
    "total_misclassified": 5777,
    "per_phase": {
      "0": 5160,
      "1": 248,
      "2": 341,
      "3": 0,
      "4": 28,
      "5": 0
    }
  }
}