{
  "Accuracy": 0.9994635086534067,
  "Macro Precision": 0.9993891068660372,
  "Macro Recall": 0.9995065764068184,
  "Macro F1": 0.9994477173329073,
  "False Alarms": 5,
  "False Alarm Rate": 0.00023923444976076556,
  "Missed Attacks": 22,
  "Detection Rate": 0.9992523872633976,
  "Confusion Matrix (actual_pred)": [
    [
      20895,
      5
    ],
    [
      22,
      29405
    ]
  ],
  "Misclassified Info": {
    "total_misclassified": 27,
    "per_phase": {
      "0": 5,
      "1": 1,
      "2": 2,
      "3": 1,
      "4": 4,
      "5": 14
    }
  }
}