{
  "accuracy": 0.9999801157264719,
  "precision": 1.0,
  "recall": 0.8888888888888888,
  "f1": 0.9411764705882353,
  "confusion_matrix": [
    [
      50282,
      0
    ],
    [
      1,
      8
    ]
  ],
  "misclassified_samples": {
    "total_misclassified": 1,
    "per_phase": {
      "0": 0,
      "1": 0,
      "2": 1,
      "3": 0,
      "4": 0,
      "5": 0
    }
  }
}