{
  "accuracy": 0.9999204629058878,
  "precision": 0.7,
  "recall": 0.875,
  "f1": 0.7777777777777778,
  "confusion_matrix": [
    [
      50280,
      3
    ],
    [
      1,
      7
    ]
  ],
  "misclassified_samples": {
    "total_misclassified": 4,
    "per_phase": {
      "0": 3,
      "1": 1,
      "2": 0,
      "3": 0,
      "4": 0,
      "5": 0
    }
  }
}