{
  "accuracy": 0.684675190391919,
  "precision": 0.45987191715492576,
  "recall": 0.9998518737964746,
  "f1": 0.629987400251995,
  "confusion_matrix": [
    [
      20933,
      15856
    ],
    [
      2,
      13500
    ]
  ],
  "misclassified_samples": {
    "total_misclassified": 15858,
    "per_phase": {
      "0": 15856,
      "1": 0,
      "2": 0,
      "3": 0,
      "4": 0,
      "5": 2
    }
  }
}