{
  "accuracy": 0.9999602314529439,
  "precision": 0.9285714285714286,
  "recall": 0.9285714285714286,
  "f1": 0.9285714285714286,
  "confusion_matrix": [
    [
      50276,
      1
    ],
    [
      1,
      13
    ]
  ],
  "misclassified_samples": {
    "total_misclassified": 2,
    "per_phase": {
      "0": 0,
      "1": 0,
      "2": 1,
      "3": 1,
      "4": 0,
      "5": 0
    }
  }
}