{
  "accuracy": 0.731416535855505,
  "precision": 0.633189409971646,
  "recall": 0.7079663988441344,
  "f1": 0.6639162765377796,
  "confusion_matrix": [
    [
      36777,
      0,
      2,
      2,
      4,
      0
    ],
    [
      0,
      7,
      1,
      0,
      0,
      0
    ],
    [
      1,
      0,
      6,
      2,
      0,
      0
    ],
    [
      1,
      0,
      0,
      13,
      0,
      0
    ],
    [
      2,
      0,
      0,
      0,
      7,
      0
    ],
    [
      13502,
      0,
      0,
      0,
      0,
      0
    ]
  ],
  "misclassified_info": {}
}