{
  "Accuracy": 0.9989050687644713,
  "Macro Precision": 0.7785161006237872,
  "Macro Recall": 0.8993464901616133,
  "Macro F1": 0.8218614389177279,
  "False Alarms": 91,
  "False Alarm Rate": 0.0007463053783194187,
  "Missed Attacks": 66,
  "Detection Rate": 0.9969236506012865,
  "Confusion Matrix (actual_pred)": [
    [
      121843,
      76,
      1,
      13,
      1
    ],
    [
      54,
      21364,
      0,
      0,
      0
    ],
    [
      0,
      0,
      11,
      0,
      0
    ],
    [
      12,
      0,
      0,
      12,
      0
    ],
    [
      0,
      0,
      0,
      0,
      1
    ]
  ],
  "missclassified_indices": [
    3439,
    10709,
    10710,
    36345,
    38373,
    38590,
    39032,
    40888,
    41814,
    51284,
    55416,
    56188,
    56189,
    58220,
    61076,
    61546,
    61766,
    63156,
    65088,
    67992,
    68036,
    68668,
    72371,
    73817,
    76638,
    82590,
    82743,
    84652,
    85019,
    85020,
    85021,
    85028,
    85279,
    85658,
    85659,
    85685,
    85996,
    85997,
    86025,
    86026,
    86038,
    86048,
    86049,
    86074,
    86126,
    86128,
    86130,
    86142,
    86213,
    86215,
    86216,
    93305,
    94500,
    99961,
    99967,
    100125,
    100128,
    100136,
    100148,
    100213,
    100214,
    100223,
    100224,
    100225,
    100226,
    100228,
    100233,
    100234,
    100235,
    100242,
    100244,
    100245,
    100247,
    100249,
    100250,
    102992,
    102993,
    102994,
    103002,
    103014,
    103015,
    103017,
    103018,
    103019,
    103020,
    103023,
    103063,
    103073,
    105180,
    105181,
    105182,
    105193,
    105194,
    105195,
    105196,
    105197,
    105203,
    105350,
    105414,
    105417,
    105484,
    106135,
    106291,
    106361,
    106566,
    106567,
    106698,
    106701,
    106702,
    106813,
    106814,
    107214,
    107310,
    107397,
    107700,
    108007,
    108009,
    108093,
    108105,
    108111,
    108161,
    108162,
    108163,
    108247,
    108532,
    108734,
    108805,
    108809,
    108811,
    108812,
    108814,
    108815,
    108882,
    108883,
    108927,
    109239,
    109374,
    109419,
    109439,
    110802,
    110803,
    112215,
    115536,
    116310,
    121370,
    121389,
    121407,
    121408,
    121952,
    122863,
    128652,
    128653,
    129607,
    130569,
    133023,
    135612,
    142760
  ],
  "real_flow_indices": [
    8789,
    27074,
    27075,
    90825,
    95946,
    96498,
    97650,
    102153,
    104360,
    127952,
    138387,
    140329,
    140330,
    145398,
    152667,
    153827,
    154379,
    157955,
    162796,
    170060,
    170187,
    171710,
    180903,
    184513,
    191709,
    206444,
    206827,
    211688,
    212646,
    212651,
    212652,
    212678,
    213308,
    214233,
    214234,
    214286,
    215092,
    215093,
    215179,
    215180,
    215212,
    215236,
    215239,
    215290,
    215419,
    215423,
    215427,
    215454,
    215603,
    215608,
    215609,
    233349,
    236321,
    249896,
    249913,
    250301,
    250310,
    250335,
    250362,
    250539,
    250541,
    250572,
    250573,
    250574,
    250576,
    250584,
    250600,
    250601,
    250608,
    250627,
    250637,
    250638,
    250644,
    250648,
    250650,
    257525,
    257526,
    257527,
    257550,
    257574,
    257575,
    257581,
    257583,
    257584,
    257587,
    257604,
    257700,
    257728,
    262847,
    262848,
    262851,
    262881,
    262882,
    262884,
    262885,
    262886,
    262899,
    263277,
    263433,
    263443,
    263629,
    265269,
    265669,
    265853,
    266382,
    266383,
    266728,
    266735,
    266736,
    267036,
    267039,
    268005,
    268244,
    268445,
    269297,
    270043,
    270047,
    270230,
    270257,
    270269,
    270411,
    270412,
    270414,
    270609,
    271293,
    271821,
    271996,
    272007,
    272012,
    272013,
    272015,
    272016,
    272213,
    272214,
    272311,
    273113,
    273456,
    273583,
    273634,
    277012,
    277014,
    280589,
    289019,
    290958,
    303592,
    303640,
    303679,
    303680,
    305055,
    307476,
    321831,
    321832,
    324215,
    326526,
    332531,
    339038,
    356863
  ],
  "y_pred": [
    3,
    1,
    1,
    1,
    1,
    1,
    1,
    1,
    1,
    1,
    1,
    1,
    1,
    3,
    1,
    1,
    3,
    1,
    1,
    3,
    1,
    1,
    1,
    1,
    3,
    3,
    1,
    1,
    1,
    1,
    1,
    3,
    3,
    1,
    1,
    1,
    3,
    3,
    1,
    1,
    1,
    1,
    1,
    1,
    1,
    1,
    1,
    1,
    2,
    1,
    1,
    0,
    1,
    0,
    0,
    1,
    0,
    0,
    0,
    0,
    0,
    0,
    0,
    0,
    0,
    0,
    0,
    0,
    0,
    0,
    0,
    0,
    0,
    0,
    0,
    0,
    0,
    0,
    0,
    0,
    0,
    0,
    0,
    0,
    0,
    0,
    1,
    1,
    1,
    1,
    1,
    0,
    0,
    0,
    0,
    0,
    0,
    0,
    1,
    1,
    0,
    1,
    0,
    1,
    1,
    1,
    1,
    0,
    0,
    0,
    0,
    1,
    1,
    0,
    1,
    0,
    0,
    1,
    1,
    1,
    0,
    0,
    0,
    0,
    0,
    1,
    0,
    0,
    0,
    0,
    0,
    0,
    0,
    0,
    0,
    0,
    0,
    0,
    4,
    1,
    1,
    1,
    1,
    3,
    1,
    1,
    1,
    1,
    1,
    3,
    1,
    1,
    1,
    3,
    1,
    1,
    1
  ],
  "y_true": [
    0,
    0,
    0,
    0,
    0,
    0,
    0,
    0,
    0,
    0,
    0,
    0,
    0,
    0,
    0,
    0,
    0,
    0,
    0,
    0,
    0,
    0,
    0,
    0,
    0,
    0,
    0,
    0,
    0,
    0,
    0,
    0,
    0,
    0,
    0,
    0,
    0,
    0,
    0,
    0,
    0,
    0,
    0,
    0,
    0,
    0,
    0,
    0,
    0,
    0,
    0,
    1,
    0,
    1,
    1,
    0,
    1,
    1,
    1,
    1,
    1,
    1,
    1,
    1,
    1,
    1,
    1,
    1,
    1,
    1,
    1,
    1,
    1,
    1,
    1,
    1,
    1,
    1,
    1,
    1,
    1,
    1,
    1,
    1,
    1,
    1,
    0,
    0,
    0,
    0,
    0,
    1,
    1,
    1,
    1,
    1,
    1,
    1,
    0,
    0,
    1,
    0,
    1,
    0,
    0,
    0,
    0,
    1,
    1,
    1,
    1,
    0,
    0,
    1,
    0,
    1,
    1,
    0,
    0,
    0,
    1,
    1,
    1,
    1,
    1,
    0,
    3,
    3,
    3,
    3,
    3,
    3,
    3,
    3,
    3,
    3,
    3,
    3,
    0,
    0,
    0,
    0,
    0,
    0,
    0,
    0,
    0,
    0,
    0,
    0,
    0,
    0,
    0,
    0,
    0,
    0,
    0
  ]
}