{
  "Accuracy": 0.9997718276077981,
  "Macro Precision": 0.9994790988633072,
  "Macro Recall": 0.8995266319797335,
  "Macro F1": 0.9415892675998003,
  "False Alarms": 24,
  "False Alarm Rate": 0.00015002250337550632,
  "Missed Attacks": 18,
  "Detection Rate": 0.9993679109456755,
  "Confusion Matrix (actual_pred)": [
    [
      159952,
      13,
      0,
      0,
      11
    ],
    [
      9,
      22568,
      0,
      0,
      0
    ],
    [
      1,
      1,
      9,
      0,
      0
    ],
    [
      8,
      0,
      0,
      17,
      0
    ],
    [
      0,
      0,
      0,
      0,
      5865
    ]
  ],
  "misclassified_indices": [
    580,
    32698,
    32699,
    32701,
    35259,
    57182,
    60518,
    63384,
    63389,
    82104,
    87082,
    122699,
    125095,
    125140,
    129739,
    130854,
    132558,
    132633,
    132955,
    133316,
    136812,
    144744,
    144828,
    148616,
    148619,
    148621,
    148698,
    148699,
    148738,
    148778,
    152735,
    152892,
    153439,
    153777,
    153778,
    153827,
    153828,
    153841,
    153842,
    153894,
    153895,
    153977,
    153978
  ],
  "real_flow_indices": [
    1597,
    82319,
    82320,
    82326,
    88701,
    143156,
    151570,
    158681,
    158689,
    205396,
    217858,
    306766,
    312791,
    312892,
    324405,
    327097,
    331262,
    331445,
    332260,
    333150,
    341996,
    361828,
    362042,
    371340,
    371343,
    371347,
    371522,
    371523,
    371615,
    371718,
    381827,
    382269,
    383642,
    384595,
    384596,
    384704,
    384705,
    384741,
    384742,
    384873,
    384874,
    385107,
    385108
  ],
  "y_pred": [
    4,
    4,
    4,
    4,
    4,
    4,
    4,
    4,
    4,
    4,
    4,
    1,
    1,
    1,
    0,
    0,
    1,
    0,
    0,
    0,
    0,
    0,
    1,
    1,
    1,
    1,
    1,
    1,
    1,
    1,
    0,
    0,
    1,
    1,
    0,
    0,
    0,
    0,
    0,
    0,
    0,
    0,
    0
  ],
  "y_true": [
    0,
    0,
    0,
    0,
    0,
    0,
    0,
    0,
    0,
    0,
    0,
    0,
    0,
    0,
    1,
    1,
    0,
    1,
    1,
    1,
    1,
    1,
    0,
    0,
    0,
    0,
    0,
    0,
    0,
    0,
    1,
    1,
    0,
    2,
    2,
    3,
    3,
    3,
    3,
    3,
    3,
    3,
    3
  ]
}