{
  "Accuracy": 0.9964571651742127,
  "Macro Precision": 0.7134672673184075,
  "Macro Recall": 0.8988631413711634,
  "Macro F1": 0.7825839100170651,
  "False Alarms": 454,
  "False Alarm Rate": 0.0037233257335935834,
  "Missed Attacks": 54,
  "Detection Rate": 0.997482986855598,
  "Confusion Matrix (actual_pred)": [
    [
      121480,
      430,
      5,
      18,
      1
    ],
    [
      42,
      21376,
      0,
      0,
      0
    ],
    [
      0,
      0,
      11,
      0,
      0
    ],
    [
      12,
      0,
      0,
      12,
      0
    ],
    [
      0,
      0,
      0,
      0,
      1
    ]
  ],
  "missclassified_indices": [
    3438,
    3439,
    4825,
    5172,
    5173,
    5174,
    6760,
    6761,
    6762,
    7084,
    7085,
    8234,
    8235,
    8236,
    8275,
    8276,
    8277,
    8732,
    8820,
    8821,
    8928,
    9323,
    10535,
    10709,
    10710,
    11211,
    11213,
    14131,
    15087,
    15883,
    16308,
    17356,
    17357,
    18198,
    19605,
    19606,
    19607,
    20392,
    21605,
    21691,
    23930,
    23931,
    25191,
    29643,
    29906,
    32276,
    32277,
    32451,
    33791,
    34390,
    34507,
    34508,
    34521,
    34708,
    34935,
    35143,
    35275,
    35605,
    35607,
    35671,
    35676,
    36027,
    36410,
    36411,
    36419,
    36420,
    36427,
    36630,
    36678,
    36679,
    37000,
    37723,
    38262,
    38373,
    38374,
    38541,
    38589,
    38590,
    38594,
    38630,
    38801,
    38802,
    38803,
    38811,
    38812,
    38815,
    39032,
    39125,
    39174,
    39218,
    39219,
    39775,
    39897,
    40306,
    40307,
    40308,
    40725,
    40726,
    40727,
    40887,
    40888,
    40890,
    41344,
    41345,
    41366,
    41814,
    42273,
    42274,
    42612,
    43087,
    43169,
    43170,
    44636,
    44776,
    44785,
    44879,
    45294,
    45429,
    45562,
    45563,
    45571,
    46317,
    46318,
    46321,
    46390,
    46391,
    46541,
    46542,
    47993,
    47994,
    47995,
    48003,
    48031,
    48411,
    48412,
    48413,
    48526,
    48538,
    48662,
    48703,
    48772,
    48783,
    48807,
    48863,
    48864,
    48954,
    49045,
    49079,
    49081,
    49140,
    49162,
    49163,
    49369,
    49444,
    49446,
    49653,
    49897,
    50120,
    51038,
    52086,
    52244,
    55416,
    55417,
    55534,
    55647,
    55648,
    56188,
    56189,
    56190,
    56898,
    56973,
    57493,
    58220,
    59280,
    59315,
    59939,
    60321,
    61546,
    61766,
    61946,
    62894,
    62895,
    62941,
    63156,
    63246,
    63468,
    63473,
    63474,
    63930,
    64684,
    64882,
    65777,
    66348,
    67992,
    68356,
    68618,
    68619,
    68665,
    68666,
    68668,
    68721,
    68722,
    68723,
    70055,
    70086,
    70663,
    70722,
    71351,
    71460,
    71622,
    71716,
    71881,
    72371,
    73433,
    73437,
    73616,
    73618,
    73817,
    75818,
    76160,
    80646,
    80647,
    80648,
    81506,
    81507,
    81511,
    81512,
    81534,
    81535,
    81536,
    81579,
    81943,
    81944,
    81948,
    82434,
    82435,
    82465,
    82466,
    82467,
    82469,
    82590,
    82777,
    84620,
    84622,
    84623,
    84635,
    84652,
    84654,
    85000,
    85001,
    85002,
    85003,
    85018,
    85019,
    85020,
    85021,
    85022,
    85028,
    85557,
    85558,
    85685,
    85887,
    85888,
    85892,
    85904,
    85907,
    85931,
    85933,
    85973,
    85978,
    85982,
    85990,
    85996,
    85997,
    86015,
    86016,
    86025,
    86026,
    86036,
    86037,
    86038,
    86039,
    86048,
    86049,
    86074,
    86087,
    86088,
    86096,
    86104,
    86107,
    86108,
    86109,
    86110,
    86111,
    86125,
    86126,
    86128,
    86131,
    86134,
    86141,
    86142,
    86213,
    86214,
    86215,
    86216,
    86762,
    94500,
    99945,
    99946,
    99960,
    99961,
    99976,
    100010,
    100125,
    100128,
    100148,
    100233,
    100234,
    100235,
    100242,
    100244,
    100245,
    100250,
    102992,
    102993,
    102994,
    103017,
    103018,
    103019,
    103063,
    103073,
    105180,
    105181,
    105182,
    105194,
    105195,
    105197,
    105203,
    105239,
    105414,
    105417,
    105468,
    105483,
    105484,
    106135,
    106291,
    106361,
    106567,
    106657,
    106698,
    106813,
    106814,
    106927,
    106996,
    107013,
    107079,
    107104,
    107137,
    107214,
    107264,
    107293,
    107310,
    107397,
    107700,
    107707,
    108011,
    108012,
    108013,
    108014,
    108093,
    108105,
    108111,
    108160,
    108162,
    108163,
    108199,
    108247,
    108250,
    108532,
    108734,
    108787,
    108788,
    108794,
    108807,
    108811,
    108812,
    108814,
    108816,
    108867,
    108882,
    108883,
    108957,
    109239,
    109374,
    109419,
    109439,
    109552,
    109561,
    109562,
    109563,
    110252,
    110800,
    110801,
    110802,
    110803,
    110805,
    110806,
    110812,
    110813,
    110816,
    110849,
    110909,
    111112,
    111205,
    111398,
    111399,
    111552,
    111553,
    111554,
    111556,
    111566,
    111591,
    111662,
    111679,
    111698,
    111706,
    111779,
    111780,
    111918,
    112215,
    112216,
    112218,
    112253,
    112289,
    112375,
    112716,
    112869,
    113005,
    113136,
    113403,
    113405,
    113430,
    113561,
    113994,
    114024,
    114424,
    114729,
    115536,
    115840,
    116155,
    116955,
    117816,
    120688,
    121154,
    121328,
    121370,
    121389,
    121407,
    121408,
    122705,
    122706,
    122707,
    122738,
    122863,
    124869,
    125292,
    125293,
    125724,
    127393,
    127394,
    128149,
    128652,
    128653,
    128845,
    128848,
    128849,
    128972,
    129202,
    129203,
    129606,
    129607,
    129608,
    130647,
    130901,
    130902,
    132404,
    134981,
    135501,
    135608,
    135612,
    136409,
    136637,
    136638,
    136639,
    137214,
    137573,
    137688,
    137689,
    137690,
    138996,
    138997,
    138998,
    140237,
    140265,
    140266,
    141231,
    142760,
    142761
  ],