{
  "Accuracy": 0.99938358752063,
  "Macro Precision": 0.7894316294592955,
  "Macro Recall": 0.8080554403004463,
  "Macro F1": 0.7938328028787746,
  "False Alarms": 9,
  "False Alarm Rate": 0.00043136503067484663,
  "Missed Attacks": 19,
  "Detection Rate": 0.9993542686242524,
  "Confusion Matrix (actual_pred)": [
    [
      20855,
      2,
      0,
      1,
      6,
      0
    ],
    [
      0,
      8,
      0,
      0,
      0,
      0
    ],
    [
      0,
      0,
      7,
      2,
      0,
      0
    ],
    [
      1,
      0,
      0,
      13,
      0,
      0
    ],
    [
      6,
      0,
      0,
      0,
      1,
      0
    ],
    [
      12,
      0,
      0,
      0,
      1,
      29376
    ]
  ],
  "misclassified_indices": [
    8408,
    9423,
    9955,
    10435,
    10801,
    11671,
    11734,
    12087,
    12831,
    12834,
    12905,
    12906,
    12918,
    12919,
    15767,
    15814,
    45341,
    45886,
    45887,
    45889,
    45899,
    45901,
    45902,
    46047,
    46056,
    46061,
    46146,
    46148,
    50036,
    50203,
    50255
  ],
  "real_flow_indices": [
    20729,
    23251,
    24688,
    25976,
    26877,
    29051,
    29217,
    30101,
    31974,
    31981,
    32193,
    32194,
    32221,
    32222,
    39374,
    39483,
    113315,
    114608,
    114614,
    114616,
    114647,
    114649,
    114651,
    115037,
    115068,
    115074,
    115298,
    115304,
    125166,
    125620,
    125737
  ],
  "y_pred": [
    4,
    1,
    3,
    3,
    4,
    0,
    3,
    4,
    0,
    0,
    0,
    0,
    0,
    0,
    0,
    4,
    1,
    0,
    0,
    0,
    0,
    0,
    0,
    0,
    0,
    0,
    0,
    0,
    4,
    4,
    4
  ],
  "y_true": [
    0,
    0,
    2,
    2,
    0,
    3,
    0,
    0,
    4,
    4,
    4,
    4,
    4,
    4,
    5,
    5,
    0,
    5,
    5,
    5,
    5,
    5,
    5,
    5,
    5,
    5,
    5,
    5,
    0,
    0,
    0
  ]
}