{
  "Accuracy": 0.9991257178055517,
  "Macro Precision": 0.7200736783566729,
  "Macro Recall": 0.926964249366249,
  "Macro F1": 0.7949486078249309,
  "False Alarms": 25,
  "False Alarm Rate": 0.0011961722488038277,
  "Missed Attacks": 17,
  "Detection Rate": 0.9994222599830076,
  "Confusion Matrix (actual_pred)": [
    [
      20875,
      3,
      5,
      4,
      12,
      1
    ],
    [
      0,
      8,
      0,
      0,
      0,
      0
    ],
    [
      1,
      0,
      7,
      1,
      0,
      0
    ],
    [
      0,
      0,
      1,
      13,
      0,
      0
    ],
    [
      1,
      0,
      0,
      0,
      6,
      0
    ],
    [
      15,
      0,
      0,
      0,
      0,
      29374
    ]
  ],
  "missclassified_indices": [
    1140,
    7978,
    8446,
    9453,
    9454,
    10126,
    10383,
    10385,
    10745,
    11701,
    11739,
    11741,
    11776,
    12721,
    12738,
    12858,
    12859,
    12934,
    12936,
    12937,
    12944,
    12946,
    12947,
    12958,
    15472,
    15473,
    15788,
    15839,
    25927,
    45775,
    45886,
    45887,
    45888,
    45890,
    45903,
    45906,
    45907,
    45908,
    45926,
    46053,
    46054,
    46150,
    46153,
    50090
  ],
  "real_flow_indices": [
    2788,
    19583,
    20729,
    23250,
    23252,
    25039,
    25734,
    25739,
    26667,
    29066,
    29141,
    29149,
    29214,
    31613,
    31662,
    31973,
    31975,
    32189,
    32192,
    32196,
    32219,
    32223,
    32224,
    32261,
    38562,
    38563,
    39374,
    39483,
    65110,
    114380,
    114604,
    114608,
    114612,
    114616,
    114645,
    114655,
    114657,
    114659,
    114702,
    115033,
    115035,
    115296,
    115304,
    125203
  ],
  "y_pred": [
    4,
    1,
    2,
    1,
    1,
    4,
    0,
    3,
    2,
    3,
    3,
    3,
    2,
    2,
    2,
    4,
    4,
    0,
    4,
    4,
    4,
    4,
    4,
    4,
    4,
    4,
    0,
    0,
    5,
    2,
    0,
    0,
    0,
    0,
    0,
    0,
    0,
    0,
    0,
    0,
    0,
    0,
    0,
    3
  ],
  "y_true": [
    0,
    0,
    0,
    0,
    0,
    0,
    2,
    2,
    0,
    0,
    0,
    0,
    3,
    0,
    0,
    0,
    0,
    4,
    0,
    0,
    0,
    0,
    0,
    0,
    0,
    0,
    5,
    5,
    0,
    0,
    5,
    5,
    5,
    5,
    5,
    5,
    5,
    5,
    5,
    5,
    5,
    5,
    5,
    0
  ]
}