{
  "Accuracy": 0.9936966852916028,
  "Macro Precision": 0.41399961237264776,
  "Macro Recall": 0.8705709221179987,
  "Macro F1": 0.47038019087162725,
  "False Alarms": 294,
  "False Alarm Rate": 0.014091257668711657,
  "Missed Attacks": 13,
  "Detection Rate": 0.9995580786619982,
  "Confusion Matrix (actual_pred)": [
    [
      20570,
      31,
      77,
      56,
      121,
      9
    ],
    [
      0,
      8,
      0,
      0,
      0,
      0
    ],
    [
      1,
      0,
      6,
      1,
      1,
      0
    ],
    [
      0,
      0,
      0,
      14,
      0,
      0
    ],
    [
      1,
      0,
      0,
      2,
      4,
      0
    ],
    [
      11,
      3,
      1,
      0,
      2,
      29372
    ]
  ],
  "misclassified_indices": [
    3548,
    3549,
    4616,
    4957,
    5691,
    6022,
    6189,
    6199,
    6643,
    7030,
    7120,
    7121,
    7122,
    7908,
    7909,
    7940,
    7941,
    7942,
    8176,
    8179,
    8210,
    8382,
    8408,
    8409,
    8410,
    8411,
    8528,
    8531,
    8533,
    8588,
    8633,
    8634,
    8751,
    8785,
    8786,
    8787,
    8788,
    8789,
    8790,
    8791,
    8796,
    8797,
    8798,
    8799,
    8800,
    8801,
    8802,
    8803,
    8804,
    8805,
    8806,
    8807,
    8808,
    8809,
    8810,
    8877,
    9067,
    9068,
    9227,
    9333,
    9408,
    9423,
    9490,
    9517,
    9518,
    9521,
    9582,
    9583,
    9584,
    9585,
    9652,
    9653,
    9654,
    9655,
    9660,
    9730,
    9731,
    9746,
    9758,
    9786,
    9787,
    9788,
    9803,
    9804,
    9805,
    9851,
    9852,
    10034,
    10035,
    10036,
    10089,
    10090,
    10091,
    10144,
    10150,
    10248,
    10249,
    10250,
    10283,
    10284,
    10435,
    10437,
    10442,
    10470,
    10526,
    10544,
    10767,
    10771,
    10801,
    10802,
    10804,
    11039,
    11066,
    11357,
    11358,
    11359,
    11439,
    11449,
    11450,
    11667,
    11672,
    11702,
    11703,
    11705,
    11708,
    11734,
    11735,
    11821,
    11828,
    12087,
    12094,
    12103,
    12142,
    12166,
    12180,
    12376,
    12412,
    12429,
    12474,
    12514,
    12691,
    12706,
    12707,
    12708,
    12709,
    12710,
    12711,
    12712,
    12831,
    12907,
    12908,
    12916,
    12917,
    12918,
    12919,
    12932,
    12995,
    13004,
    13016,
    13018,
    13281,
    13513,
    13514,
    13615,
    13907,
    13933,
    13991,
    14077,
    14112,
    14113,
    14204,
    14206,
    14559,
    14746,
    14747,
    14749,
    14782,
    15001,
    15060,
    15062,
    15064,
    15124,
    15200,
    15209,
    15210,
    15211,
    15238,
    15355,
    15356,
    15386,
    15387,
    15449,
    15450,
    15451,
    15452,
    15455,
    15464,
    15465,
    15573,
    15629,
    15663,
    15664,
    15693,
    15694,
    15695,
    15696,
    15725,
    15726,
    15730,
    15731,
    15732,
    15749,
    15767,
    15814,
    15953,
    15954,
    15955,
    15956,
    26325,
    37252,
    45331,
    45332,
    45333,
    45334,
    45335,
    45336,
    45337,
    45338,
    45339,
    45340,
    45341,
    45342,
    45407,
    45540,
    45848,
    45868,
    45886,
    45887,
    45889,
    45899,
    45901,
    45902,
    45907,
    46047,
    46055,
    46056,
    46057,
    46061,
    46089,
    46090,
    46122,
    46146,
    46148,
    46235,
    46236,
    46454,
    46535,
    46536,
    46571,
    46575,
    46723,
    46850,
    46851,
    46852,
    46853,
    46854,
    46855,
    47049,
    47050,
    47079,
    47179,
    47207,
    47415,
    47430,
    47583,
    47584,
    47585,
    47852,
    48014,
    48328,
    48369,
    48370,
    48392,
    48665,
    48768,
    48835,
    48836,
    49091,
    49234,
    49237,
    49406,
    49430,
    49590,
    49740,
    49836,
    49837,
    49838,
    49839,
    49840,
    49841,
    49842,
    49952,
    49953,
    49954,
    49955,
    49956,
    50023,
    50036,
    50037,
    50052,
    50055,
    50203,
    50204,
    50255,
    50256,
    50258,
    50290
  ],
  "real_flow_indices": [
    8823,
    8825,
    11392,
    12186,
    13967,
    14797,
    15201,
    15219,
    16311,
    17329,
    17564,
    17565,
    17566,
    19497,
    19499,
    19583,
    19584,
    19585,
    20153,
    20159,
    20247,
    20670,
    20729,
    20734,
    20735,
    20737,
    21022,
    21026,
    21029,
    21204,
    21320,
    21321,
    21579,
    21667,
    21669,
    21670,
    21675,
    21681,
    21682,
    21683,
    21692,
    21694,
    21696,
    21698,
    21700,
    21701,
    21703,
    21704,
    21705,
    21706,
    21707,
    21709,
    21713,
    21717,
    21718,
    21909,
    22357,
    22358,
    22748,
    23035,
    23216,
    23251,
    23439,
    23519,
    23521,
    23549,
    23717,
    23718,
    23721,
    23722,
    23879,
    23882,
    23884,
    23885,
    23901,
    24095,
    24096,
    24120,
    24154,
    24215,
    24216,
    24217,
    24260,
    24262,
    24265,
    24392,
    24394,
    24903,
    24904,
    24905,
    25039,
    25045,
    25046,
    25171,
    25190,
    25438,
    25439,
    25440,
    25557,
    25562,
    25976,
    25978,
    25991,
    26060,
    26197,
    26239,
    26800,
    26810,
    26877,
    26878,
    26882,
    27507,
    27590,
    28254,
    28255,
    28256,
    28466,
    28497,
    28498,
    29041,
    29052,
    29142,
    29143,
    29148,
    29154,
    29217,
    29221,
    29432,
    29449,
    30101,
    30115,
    30140,
    30247,
    30300,
    30325,
    30793,
    30883,
    30925,
    31048,
    31151,
    31613,
    31662,
    31663,
    31664,
    31665,
    31673,
    31675,
    31676,
    31974,
    32196,
    32197,
    32215,
    32219,
    32221,
    32222,
    32261,
    32410,
    32437,
    32474,
    32477,
    33113,
    33693,
    33694,
    33956,
    34715,
    34783,
    34914,
    35137,
    35226,
    35227,
    35495,
    35497,
    36346,
    36789,
    36790,
    36795,
    36873,
    37386,
    37552,
    37557,
    37564,
    37723,
    37929,
    37945,
    37947,
    37949,
    38008,
    38302,
    38303,
    38381,
    38382,
    38551,
    38553,
    38557,
    38559,
    38566,
    38593,
    38594,
    38861,
    39008,
    39100,
    39101,
    39179,
    39182,
    39183,
    39185,
    39270,
    39271,
    39280,
    39281,
    39284,
    39322,
    39374,
    39483,
    39859,
    39862,
    39864,
    39867,
    66119,
    93042,
    113300,
    113302,
    113304,
    113306,
    113308,
    113309,
    113310,
    113311,
    113312,
    113313,
    113315,
    113317,
    113483,
    113800,
    114531,
    114570,
    114608,
    114614,
    114616,
    114647,
    114649,
    114651,
    114663,
    115037,
    115064,
    115068,
    115069,
    115074,
    115147,
    115150,
    115228,
    115298,
    115304,
    115528,
    115529,
    116038,
    116229,
    116231,
    116330,
    116338,
    116704,
    117074,
    117076,
    117078,
    117080,
    117081,
    117083,
    117598,
    117599,
    117688,
    117970,
    118037,
    118566,
    118599,
    118958,
    118959,
    118960,
    119717,
    120121,
    120935,
    121064,
    121066,
    121114,
    121774,
    122028,
    122188,
    122189,
    122807,
    123144,
    123148,
    123575,
    123624,
    124033,
    124416,
    124653,
    124659,
    124660,
    124662,
    124663,
    124664,
    124665,
    124973,
    124974,
    124975,
    124976,
    124978,
    125146,
    125166,
    125167,
    125204,
    125210,
    125620,
    125621,
    125737,
    125738,
    125747,
    125823
  ],