{
  "Accuracy": 0.9947145667335625,
  "Macro Precision": 0.46002685188691056,
  "Macro Recall": 0.960896858040177,
  "Macro F1": 0.5345795097609639,
  "False Alarms": 247,
  "False Alarm Rate": 0.011818181818181818,
  "Missed Attacks": 14,
  "Detection Rate": 0.9995241655903746,
  "Confusion Matrix (actual_pred)": [
    [
      20653,
      20,
      46,
      29,
      150,
      2
    ],
    [
      0,
      8,
      0,
      0,
      0,
      0
    ],
    [
      0,
      1,
      7,
      1,
      0,
      0
    ],
    [
      0,
      0,
      0,
      14,
      0,
      0
    ],
    [
      0,
      0,
      0,
      0,
      7,
      0
    ],
    [
      14,
      0,
      1,
      1,
      1,
      29372
    ]
  ],
  "misclassified_indices": [
    540,
    1140,
    3594,
    3595,
    3662,
    5491,
    5658,
    6235,
    6236,
    6237,
    6835,
    7652,
    7978,
    7979,
    8107,
    8108,
    8213,
    8214,
    8446,
    8447,
    8548,
    8549,
    8564,
    8565,
    8784,
    8819,
    8820,
    8821,
    8822,
    8826,
    8961,
    9022,
    9079,
    9098,
    9099,
    9100,
    9365,
    9442,
    9443,
    9444,
    9453,
    9454,
    9455,
    9456,
    9457,
    9790,
    9791,
    9792,
    9883,
    9884,
    9885,
    10068,
    10071,
    10078,
    10079,
    10080,
    10081,
    10082,
    10126,
    10127,
    10128,
    10129,
    10130,
    10181,
    10274,
    10277,
    10386,
    10475,
    10476,
    10508,
    10706,
    10707,
    10745,
    10837,
    10838,
    10839,
    10840,
    10841,
    10964,
    10992,
    11072,
    11074,
    11076,
    11077,
    11109,
    11388,
    11678,
    11698,
    11701,
    11702,
    11703,
    11704,
    11739,
    11741,
    11742,
    11747,
    11748,
    11753,
    11778,
    11779,
    11780,
    11859,
    11860,
    11861,
    12076,
    12120,
    12123,
    12398,
    12406,
    12420,
    12453,
    12493,
    12494,
    12495,
    12537,
    12711,
    12712,
    12713,
    12714,
    12717,
    12721,
    12722,
    12738,
    12739,
    12857,
    12858,
    12859,
    12936,
    12937,
    12938,
    12944,
    12946,
    12947,
    12948,
    12958,
    12959,
    13211,
    13390,
    13927,
    13928,
    13929,
    13930,
    13954,
    14062,
    14063,
    14100,
    14129,
    14130,
    14242,
    14245,
    14246,
    14463,
    14802,
    14903,
    15083,
    15089,
    15470,
    15474,
    15656,
    15718,
    15754,
    15755,
    15756,
    15788,
    15839,
    15973,
    15974,
    15975,
    25927,
    45349,
    45350,
    45354,
    45355,
    45356,
    45774,
    45775,
    45886,
    45887,
    45888,
    45890,
    45903,
    45906,
    45907,
    45908,
    45912,
    45913,
    45914,
    45926,
    45993,
    46053,
    46054,
    46066,
    46068,
    46099,
    46150,
    46153,
    46237,
    46238,
    46441,
    46452,
    46536,
    46537,
    46538,
    46735,
    46906,
    46914,
    46915,
    46921,
    46937,
    46938,
    46939,
    46940,
    47061,
    47104,
    47134,
    47179,
    47222,
    47223,
    47224,
    47429,
    47430,
    47431,
    47432,
    47434,
    47435,
    47446,
    47588,
    47590,
    47615,
    47857,
    47932,
    48313,
    48314,
    48389,
    48681,
    48682,
    48859,
    49263,
    49265,
    49438,
    49615,
    49707,
    49773,
    49796,
    49798,
    49878,
    49879,
    49880,
    49881,
    49882,
    49883,
    49884,
    50061,
    50062,
    50074,
    50075,
    50076,
    50090,
    50241,
    50242,
    50243,
    50244,
    50286,
    50288,
    50294,
    50296
  ],
  "real_flow_indices": [
    1338,
    2788,
    8824,
    8825,
    8974,
    13399,
    13788,
    15201,
    15202,
    15203,
    16709,
    18736,
    19583,
    19584,
    19887,
    19888,
    20157,
    20161,
    20729,
    20730,
    20983,
    20990,
    21030,
    21031,
    21579,
    21663,
    21666,
    21669,
    21670,
    21697,
    22012,
    22168,
    22310,
    22357,
    22358,
    22359,
    23035,
    23216,
    23217,
    23220,
    23250,
    23252,
    23254,
    23256,
    23259,
    24140,
    24144,
    24146,
    24394,
    24395,
    24398,
    24901,
    24907,
    24927,
    24928,
    24931,
    24932,
    24934,
    25039,
    25045,
    25046,
    25047,
    25050,
    25173,
    25449,
    25455,
    25740,
    25985,
    25986,
    26062,
    26590,
    26591,
    26667,
    26877,
    26878,
    26880,
    26882,
    26884,
    27188,
    27275,
    27507,
    27512,
    27514,
    27515,
    27590,
    28255,
    28997,
    29055,
    29066,
    29069,
    29072,
    29073,
    29141,
    29149,
    29150,
    29159,
    29162,
    29172,
    29220,
    29221,
    29224,
    29431,
    29433,
    29434,
    29987,
    30102,
    30114,
    30763,
    30793,
    30824,
    30925,
    31032,
    31034,
    31035,
    31151,
    31593,
    31595,
    31596,
    31597,
    31604,
    31613,
    31614,
    31662,
    31665,
    31972,
    31973,
    31975,
    32192,
    32196,
    32200,
    32219,
    32223,
    32224,
    32227,
    32261,
    32265,
    32875,
    33331,
    34713,
    34714,
    34716,
    34717,
    34782,
    35046,
    35047,
    35137,
    35226,
    35228,
    35498,
    35504,
    35506,
    36051,
    36873,
    37101,
    37552,
    37565,
    38559,
    38565,
    39021,
    39191,
    39278,
    39279,
    39280,
    39374,
    39483,
    39855,
    39859,
    39862,
    65110,
    113307,
    113308,
    113316,
    113320,
    113324,
    114379,
    114380,
    114604,
    114608,
    114612,
    114616,
    114645,
    114655,
    114657,
    114659,
    114666,
    114667,
    114669,
    114702,
    114887,
    115033,
    115035,
    115064,
    115069,
    115146,
    115296,
    115304,
    115528,
    115529,
    116009,
    116038,
    116229,
    116230,
    116231,
    116730,
    117167,
    117188,
    117191,
    117203,
    117246,
    117248,
    117251,
    117252,
    117598,
    117715,
    117804,
    117923,
    118043,
    118044,
    118045,
    118565,
    118566,
    118567,
    118568,
    118571,
    118574,
    118599,
    118960,
    118967,
    119028,
    119696,
    119872,
    120858,
    120861,
    121063,
    121775,
    121779,
    122189,
    123144,
    123148,
    123575,
    124034,
    124240,
    124414,
    124472,
    124479,
    124656,
    124657,
    124658,
    124659,
    124660,
    124661,
    124662,
    125146,
    125147,
    125167,
    125171,
    125172,
    125203,
    125620,
    125621,
    125623,
    125624,
    125713,
    125724,
    125738,
    125750
  ],