{
  "Accuracy": 0.9978341645637531,
  "Macro Precision": 0.5433654360095789,
  "Macro Recall": 0.9687603048487535,
  "Macro F1": 0.6400010998999832,
  "False Alarms": 91,
  "False Alarm Rate": 0.004354066985645933,
  "Missed Attacks": 16,
  "Detection Rate": 0.9994562446898896,
  "Confusion Matrix (actual_pred)": [
    [
      20809,
      7,
      32,
      22,
      29,
      1
    ],
    [
      0,
      8,
      0,
      0,
      0,
      0
    ],
    [
      1,
      0,
      8,
      0,
      0,
      0
    ],
    [
      0,
      1,
      0,
      13,
      0,
      0
    ],
    [
      0,
      0,
      0,
      0,
      7,
      0
    ],
    [
      15,
      0,
      1,
      0,
      0,
      29373
    ]
  ],
  "missclassified_indices": [
    1140,
    7068,
    7978,
    8108,
    8214,
    8446,
    8447,
    8819,
    9079,
    9259,
    9453,
    9454,
    9542,
    9791,
    9794,
    9827,
    10126,
    10127,
    10128,
    10250,
    10311,
    10383,
    10407,
    10408,
    10508,
    10745,
    10837,
    10838,
    10839,
    11701,
    11702,
    11703,
    11704,
    11739,
    11741,
    11742,
    11747,
    11748,
    11753,
    11776,
    12076,
    12493,
    12537,
    12721,
    12738,
    12858,
    12859,
    12936,
    12937,
    12944,
    12946,
    12947,
    12958,
    12959,
    13390,
    13954,
    15027,
    15029,
    15083,
    15084,
    15085,
    15086,
    15473,
    15650,
    15715,
    15716,
    15788,
    15839,
    15973,
    15974,
    25927,
    45556,
    45775,
    45886,
    45887,
    45888,
    45890,
    45903,
    45906,
    45907,
    45908,
    45926,
    45993,
    46053,
    46054,
    46150,
    46153,
    46452,
    46536,
    46537,
    47430,
    47431,
    47433,
    49260,
    49773,
    49774,
    49775,
    49798,
    49800,
    49989,
    50061,
    50074,
    50090,
    50241,
    50242,
    50285,
    50286,
    50294,
    50326
  ],
  "real_flow_indices": [
    2788,
    17329,
    19583,
    19888,
    20161,
    20729,
    20730,
    21663,
    22310,
    22743,
    23250,
    23252,
    23519,
    24144,
    24151,
    24224,
    25039,
    25045,
    25046,
    25366,
    25558,
    25734,
    25811,
    25812,
    26062,
    26667,
    26877,
    26878,
    26880,
    29066,
    29069,
    29072,
    29073,
    29141,
    29149,
    29150,
    29159,
    29162,
    29172,
    29214,
    29987,
    31032,
    31151,
    31613,
    31662,
    31973,
    31975,
    32192,
    32196,
    32219,
    32223,
    32224,
    32261,
    32265,
    33331,
    34782,
    37380,
    37384,
    37552,
    37553,
    37554,
    37556,
    38563,
    39006,
    39175,
    39184,
    39374,
    39483,
    39855,
    39859,
    65110,
    113800,
    114380,
    114604,
    114608,
    114612,
    114616,
    114645,
    114655,
    114657,
    114659,
    114702,
    114887,
    115033,
    115035,
    115296,
    115304,
    116038,
    116229,
    116230,
    118566,
    118567,
    118570,
    123141,
    124414,
    124417,
    124418,
    124479,
    124483,
    124974,
    125146,
    125167,
    125203,
    125620,
    125621,
    125710,
    125713,
    125738,
    125823
  ],
  "y_pred": [
    4,
    2,
    1,
    3,
    4,
    2,
    2,
    1,
    3,
    3,
    1,
    1,
    2,
    3,
    2,
    2,
    4,
    4,
    4,
    4,
    2,
    0,
    2,
    2,
    2,
    2,
    4,
    4,
    4,
    3,
    3,
    3,
    3,
    3,
    3,
    3,
    3,
    3,
    3,
    1,
    4,
    4,
    4,
    2,
    1,
    4,
    4,
    4,
    4,
    4,
    4,
    4,
    4,
    4,
    2,
    2,
    2,
    2,
    2,
    2,
    2,
    2,
    4,
    2,
    3,
    2,
    0,
    0,
    2,
    2,
    5,
    4,
    2,
    0,
    0,
    0,
    0,
    0,
    0,
    0,
    0,
    0,
    2,
    0,
    0,
    0,
    0,
    2,
    2,
    2,
    3,
    3,
    4,
    4,
    2,
    2,
    2,
    4,
    4,
    3,
    3,
    1,
    3,
    1,
    3,
    3,
    4,
    4,
    2
  ],
  "y_true": [
    0,
    0,
    0,
    0,
    0,
    0,
    0,
    0,
    0,
    0,
    0,
    0,
    0,
    0,
    0,
    0,
    0,
    0,
    0,
    0,
    0,
    2,
    0,
    0,
    0,
    0,
    0,
    0,
    0,
    0,
    0,
    0,
    0,
    0,
    0,
    0,
    0,
    0,
    0,
    3,
    0,
    0,
    0,
    0,
    0,
    0,
    0,
    0,
    0,
    0,
    0,
    0,
    0,
    0,
    0,
    0,
    0,
    0,
    0,
    0,
    0,
    0,
    0,
    0,
    0,
    0,
    5,
    5,
    0,
    5,
    0,
    0,
    0,
    5,
    5,
    5,
    5,
    5,
    5,
    5,
    5,
    5,
    0,
    5,
    5,
    5,
    5,
    0,
    0,
    0,
    0,
    0,
    0,
    0,
    0,
    0,
    0,
    0,
    0,
    0,
    0,
    0,
    0,
    0,
    0,
    0,
    0,
    0,
    0
  ]
}