{
  "Accuracy": 0.9949331372821746,
  "Macro Precision": 0.4777328993659395,
  "Macro Recall": 0.9014949691668425,
  "Macro F1": 0.539747762754205,
  "False Alarms": 231,
  "False Alarm Rate": 0.011052631578947368,
  "Missed Attacks": 13,
  "Detection Rate": 0.999558063638836,
  "Confusion Matrix (actual_pred)": [
    [
      20669,
      5,
      77,
      58,
      88,
      3
    ],
    [
      0,
      8,
      0,
      0,
      0,
      0
    ],
    [
      0,
      1,
      7,
      1,
      0,
      0
    ],
    [
      0,
      0,
      3,
      11,
      0,
      0
    ],
    [
      0,
      0,
      0,
      1,
      6,
      0
    ],
    [
      13,
      0,
      1,
      0,
      4,
      29371
    ]
  ],
  "misclassified_indices": [
    1140,
    1735,
    3139,
    3502,
    3593,
    3594,
    3595,
    5491,
    6235,
    7068,
    7942,
    7978,
    8108,
    8362,
    8422,
    8446,
    8447,
    8448,
    8449,
    8564,
    8745,
    8784,
    8819,
    8961,
    9022,
    9079,
    9098,
    9262,
    9335,
    9365,
    9442,
    9444,
    9453,
    9454,
    9544,
    9555,
    9676,
    9687,
    9790,
    9791,
    9794,
    9796,
    9827,
    9833,
    9885,
    9987,
    10068,
    10078,
    10126,
    10127,
    10128,
    10129,
    10160,
    10181,
    10274,
    10277,
    10508,
    10560,
    10561,
    10623,
    10644,
    10706,
    10707,
    10745,
    10808,
    10817,
    10837,
    10839,
    10840,
    10841,
    10997,
    11071,
    11072,
    11075,
    11076,
    11077,
    11109,
    11388,
    11678,
    11698,
    11701,
    11702,
    11703,
    11716,
    11736,
    11739,
    11741,
    11742,
    11746,
    11747,
    11748,
    11752,
    11776,
    11778,
    11779,
    11780,
    11847,
    12060,
    12076,
    12120,
    12123,
    12398,
    12406,
    12420,
    12453,
    12537,
    12690,
    12691,
    12711,
    12721,
    12722,
    12738,
    12858,
    12859,
    12862,
    12936,
    12937,
    12943,
    12944,
    12946,
    12947,
    12958,
    13211,
    13296,
    13302,
    13303,
    13390,
    13746,
    13927,
    13931,
    13954,
    14129,
    14130,
    14595,
    14802,
    15083,
    15084,
    15085,
    15086,
    15093,
    15097,
    15132,
    15234,
    15432,
    15461,
    15467,
    15468,
    15469,
    15470,
    15473,
    15474,
    15478,
    15484,
    15486,
    15590,
    15718,
    15754,
    15755,
    15756,
    15759,
    15774,
    15775,
    15788,
    15789,
    15839,
    15841,
    15973,
    15974,
    15975,
    15976,
    25927,
    45349,
    45350,
    45556,
    45775,
    45886,
    45887,
    45888,
    45890,
    45892,
    45898,
    45899,
    45903,
    45906,
    45907,
    45908,
    45913,
    45926,
    45993,
    46053,
    46054,
    46066,
    46068,
    46099,
    46150,
    46153,
    46237,
    46238,
    46441,
    46452,
    46453,
    46455,
    46536,
    46537,
    46538,
    46731,
    47134,
    47429,
    47430,
    47431,
    47432,
    47433,
    47434,
    47435,
    47446,
    47476,
    47587,
    47588,
    47615,
    47617,
    47857,
    47932,
    48279,
    48313,
    48314,
    48389,
    48390,
    48682,
    48683,
    48724,
    48749,
    48788,
    48858,
    48859,
    49263,
    49265,
    49438,
    49773,
    49796,
    49798,
    49978,
    50061,
    50074,
    50090,
    50241,
    50242,
    50286,
    50288,
    50294,
    50295,
    50296,
    50297,
    50324,
    50325,
    50326
  ],
  "real_flow_indices": [
    2788,
    4204,
    7696,
    8589,
    8823,
    8824,
    8825,
    13399,
    15201,
    17329,
    19491,
    19583,
    19888,
    20539,
    20670,
    20729,
    20730,
    20733,
    20734,
    21030,
    21481,
    21579,
    21663,
    22012,
    22168,
    22310,
    22357,
    22748,
    22957,
    23035,
    23216,
    23220,
    23250,
    23252,
    23523,
    23554,
    23861,
    23885,
    24140,
    24144,
    24151,
    24153,
    24224,
    24251,
    24398,
    24688,
    24901,
    24927,
    25039,
    25045,
    25046,
    25047,
    25123,
    25173,
    25449,
    25455,
    26062,
    26196,
    26197,
    26355,
    26409,
    26590,
    26591,
    26667,
    26810,
    26828,
    26877,
    26880,
    26882,
    26884,
    27287,
    27506,
    27507,
    27513,
    27514,
    27515,
    27590,
    28255,
    28997,
    29055,
    29066,
    29069,
    29072,
    29095,
    29136,
    29141,
    29149,
    29150,
    29157,
    29159,
    29162,
    29169,
    29214,
    29220,
    29221,
    29224,
    29402,
    29952,
    29987,
    30102,
    30114,
    30763,
    30793,
    30824,
    30925,
    31151,
    31544,
    31549,
    31593,
    31613,
    31614,
    31662,
    31973,
    31975,
    31979,
    32192,
    32196,
    32216,
    32219,
    32223,
    32224,
    32261,
    32875,
    33099,
    33112,
    33115,
    33331,
    34247,
    34713,
    34720,
    34782,
    35226,
    35228,
    36355,
    36873,
    37552,
    37553,
    37554,
    37556,
    37575,
    37586,
    37683,
    37945,
    38447,
    38534,
    38552,
    38554,
    38555,
    38559,
    38563,
    38565,
    38574,
    38585,
    38594,
    38851,
    39191,
    39278,
    39279,
    39280,
    39287,
    39323,
    39324,
    39374,
    39375,
    39483,
    39486,
    39855,
    39859,
    39862,
    39864,
    65110,
    113307,
    113308,
    113800,
    114380,
    114604,
    114608,
    114612,
    114616,
    114626,
    114635,
    114636,
    114645,
    114655,
    114657,
    114659,
    114667,
    114702,
    114887,
    115033,
    115035,
    115064,
    115069,
    115146,
    115296,
    115304,
    115528,
    115529,
    116009,
    116038,
    116039,
    116041,
    116229,
    116230,
    116231,
    116708,
    117804,
    118565,
    118566,
    118567,
    118568,
    118570,
    118571,
    118574,
    118599,
    118676,
    118958,
    118960,
    119028,
    119037,
    119696,
    119872,
    120782,
    120858,
    120861,
    121063,
    121064,
    121779,
    121780,
    121865,
    121929,
    122033,
    122188,
    122189,
    123144,
    123148,
    123575,
    124414,
    124472,
    124479,
    124941,
    125146,
    125167,
    125203,
    125620,
    125621,
    125713,
    125724,
    125738,
    125741,
    125750,
    125752,
    125821,
    125822,
    125823
  ],