{
  "Accuracy": 0.9995231188030282,
  "Macro Precision": 0.8813380231800277,
  "Macro Recall": 0.9284385158405155,
  "Macro F1": 0.903508160735596,
  "False Alarms": 6,
  "False Alarm Rate": 0.00028708133971291867,
  "Missed Attacks": 18,
  "Detection Rate": 0.9993883168518707,
  "Confusion Matrix (actual_pred)": [
    [
      20894,
      1,
      1,
      0,
      4,
      0
    ],
    [
      0,
      8,
      0,
      0,
      0,
      0
    ],
    [
      0,
      0,
      9,
      0,
      0,
      0
    ],
    [
      0,
      0,
      0,
      14,
      0,
      0
    ],
    [
      3,
      0,
      0,
      0,
      4,
      0
    ],
    [
      15,
      0,
      0,
      0,
      0,
      29374
    ]
  ],
  "misclassified_indices": [
    9453,
    10837,
    12721,
    12855,
    12934,
    12936,
    12943,
    12944,
    12947,
    15788,
    15839,
    45886,
    45887,
    45888,
    45890,
    45903,
    45906,
    45907,
    45908,
    45926,
    46053,
    46054,
    46150,
    46153
  ],
  "real_flow_indices": [
    23250,
    26877,
    31613,
    31965,
    32189,
    32192,
    32216,
    32219,
    32224,
    39374,
    39483,
    114604,
    114608,
    114612,
    114616,
    114645,
    114655,
    114657,
    114659,
    114702,
    115033,
    115035,
    115296,
    115304
  ],
  "y_pred": [
    1,
    4,
    2,
    0,
    0,
    4,
    0,
    4,
    4,
    0,
    0,
    0,
    0,
    0,
    0,
    0,
    0,
    0,
    0,
    0,
    0,
    0,
    0,
    0
  ],
  "y_true": [
    0,
    0,
    0,
    4,
    4,
    0,
    4,
    0,
    0,
    5,
    5,
    5,
    5,
    5,
    5,
    5,
    5,
    5,
    5,
    5,
    5,
    5,
    5,
    5
  ]
}