{
  "Accuracy": 0.9993641584040376,
  "Macro Precision": 0.7991450941056394,
  "Macro Recall": 0.8467346982156453,
  "Macro F1": 0.8187507413233766,
  "False Alarms": 9,
  "False Alarm Rate": 0.000430622009569378,
  "Missed Attacks": 19,
  "Detection Rate": 0.9993542466777691,
  "Confusion Matrix (actual_pred)": [
    [
      20891,
      1,
      1,
      1,
      6,
      0
    ],
    [
      1,
      7,
      0,
      0,
      0,
      0
    ],
    [
      1,
      0,
      7,
      1,
      0,
      0
    ],
    [
      0,
      0,
      2,
      12,
      0,
      0
    ],
    [
      3,
      0,
      0,
      0,
      4,
      0
    ],
    [
      14,
      0,
      0,
      0,
      1,
      29374
    ]
  ],
  "misclassified_indices": [
    8446,
    8813,
    9453,
    9987,
    10078,
    10837,
    11701,
    11736,
    11776,
    12721,
    12855,
    12934,
    12936,
    12943,
    12944,
    12947,
    12958,
    15788,
    15839,
    45886,
    45887,
    45888,
    45890,
    45903,
    45906,
    45907,
    45908,
    45926,
    46053,
    46054,
    46150,
    46153
  ],
  "real_flow_indices": [
    20729,
    21650,
    23250,
    24688,
    24927,
    26877,
    29066,
    29136,
    29214,
    31613,
    31965,
    32189,
    32192,
    32216,
    32219,
    32224,
    32261,
    39374,
    39483,
    114604,
    114608,
    114612,
    114616,
    114645,
    114655,
    114657,
    114659,
    114702,
    115033,
    115035,
    115296,
    115304
  ],
  "y_pred": [
    4,
    0,
    1,
    3,
    0,
    4,
    3,
    2,
    2,
    2,
    0,
    0,
    4,
    0,
    4,
    4,
    4,
    0,
    4,
    0,
    0,
    0,
    0,
    0,
    0,
    0,
    0,
    0,
    0,
    0,
    0,
    0
  ],
  "y_true": [
    0,
    1,
    0,
    2,
    2,
    0,
    0,
    3,
    3,
    0,
    4,
    4,
    0,
    4,
    0,
    0,
    0,
    5,
    5,
    5,
    5,
    5,
    5,
    5,
    5,
    5,
    5,
    5,
    5,
    5,
    5,
    5
  ]
}