{
  "Accuracy": 0.9994830088882702,
  "Macro Precision": 0.8495278123702782,
  "Macro Recall": 0.843801678979967,
  "Macro F1": 0.8436749117492441,
  "False Alarms": 5,
  "False Alarm Rate": 0.00023964723926380368,
  "Missed Attacks": 19,
  "Detection Rate": 0.9993542905692439,
  "Confusion Matrix (actual_pred)": [
    [
      20859,
      2,
      0,
      0,
      3,
      0
    ],
    [
      0,
      8,
      0,
      0,
      0,
      0
    ],
    [
      1,
      0,
      7,
      1,
      0,
      0
    ],
    [
      1,
      0,
      1,
      12,
      0,
      0
    ],
    [
      4,
      0,
      0,
      0,
      3,
      0
    ],
    [
      13,
      0,
      0,
      0,
      0,
      29376
    ]
  ],
  "misclassified_indices": [
    8408,
    9423,
    9955,
    10435,
    10801,
    11670,
    11671,
    12691,
    12831,
    12834,
    12918,
    12919,
    15767,
    15814,
    45886,
    45887,
    45889,
    45899,
    45901,
    45902,
    46047,
    46056,
    46061,
    46146,
    46148,
    50203
  ],
  "real_flow_indices": [
    20729,
    23251,
    24688,
    25976,
    26877,
    29049,
    29051,
    31613,
    31974,
    31981,
    32221,
    32222,
    39374,
    39483,
    114608,
    114614,
    114616,
    114647,
    114649,
    114651,
    115037,
    115068,
    115074,
    115298,
    115304,
    125620
  ],
  "y_pred": [
    4,
    1,
    3,
    0,
    4,
    2,
    0,
    1,
    0,
    0,
    0,
    0,
    0,
    0,
    0,
    0,
    0,
    0,
    0,
    0,
    0,
    0,
    0,
    0,
    0,
    4
  ],
  "y_true": [
    0,
    0,
    2,
    2,
    0,
    3,
    3,
    0,
    4,
    4,
    4,
    4,
    5,
    5,
    5,
    5,
    5,
    5,
    5,
    5,
    5,
    5,
    5,
    5,
    5,
    0
  ]
}