{
  "Accuracy": 0.9974765036660243,
  "Macro Precision": 0.5557937310338608,
  "Macro Recall": 0.914402212335005,
  "Macro F1": 0.6341716470411342,
  "False Alarms": 106,
  "False Alarm Rate": 0.00507177033492823,
  "Missed Attacks": 16,
  "Detection Rate": 0.9994561892461423,
  "Confusion Matrix (actual_pred)": [
    [
      20794,
      3,
      51,
      28,
      22,
      2
    ],
    [
      0,
      8,
      0,
      0,
      0,
      0
    ],
    [
      0,
      0,
      7,
      2,
      0,
      0
    ],
    [
      0,
      0,
      0,
      14,
      0,
      0
    ],
    [
      2,
      0,
      0,
      0,
      5,
      0
    ],
    [
      14,
      0,
      1,
      1,
      1,
      29372
    ]
  ],
  "misclassified_indices": [
    1140,
    3594,
    3662,
    5658,
    6235,
    7652,
    7978,
    8107,
    8108,
    8446,
    8447,
    8784,
    9022,
    9079,
    9365,
    9453,
    9546,
    9547,
    9560,
    9561,
    9562,
    9790,
    9791,
    10181,
    10274,
    10277,
    10385,
    10386,
    10407,
    10408,
    10508,
    10623,
    10745,
    10817,
    10837,
    10838,
    10997,
    11109,
    11388,
    11678,
    11698,
    11701,
    11702,
    11703,
    11704,
    11739,
    11741,
    11742,
    11747,
    11748,
    11749,
    11751,
    11752,
    11753,
    11778,
    11779,
    11780,
    11847,
    12120,
    12453,
    12721,
    12738,
    12857,
    12858,
    12863,
    12936,
    12937,
    12938,
    12943,
    12944,
    12946,
    12947,
    12958,
    13211,
    13302,
    13390,
    13712,
    13954,
    14802,
    15083,
    15131,
    15474,
    15718,
    15759,
    15788,
    15839,
    15973,
    15974,
    15975,
    25927,
    45349,
    45350,
    45775,
    45886,
    45887,
    45888,
    45890,
    45903,
    45906,
    45907,
    45908,
    45926,
    45993,
    46053,
    46054,
    46099,
    46150,
    46153,
    46452,
    46536,
    46537,
    46538,
    47429,
    47430,
    47587,
    47615,
    47857,
    48313,
    49438,
    49773,
    49796,
    50074,
    50090,
    50241,
    50242,
    50288,
    50326
  ],
  "real_flow_indices": [
    2788,
    8824,
    8974,
    13788,
    15201,
    18736,
    19583,
    19887,
    19888,
    20729,
    20730,
    21579,
    22168,
    22310,
    23035,
    23250,
    23529,
    23530,
    23563,
    23564,
    23565,
    24140,
    24144,
    25173,
    25449,
    25455,
    25739,
    25740,
    25811,
    25812,
    26062,
    26355,
    26667,
    26828,
    26877,
    26878,
    27287,
    27590,
    28255,
    28997,
    29055,
    29066,
    29069,
    29072,
    29073,
    29141,
    29149,
    29150,
    29159,
    29162,
    29166,
    29168,
    29169,
    29172,
    29220,
    29221,
    29224,
    29402,
    30102,
    30925,
    31613,
    31662,
    31972,
    31973,
    31981,
    32192,
    32196,
    32200,
    32216,
    32219,
    32223,
    32224,
    32261,
    32875,
    33112,
    33331,
    34158,
    34782,
    36873,
    37552,
    37679,
    38565,
    39191,
    39287,
    39374,
    39483,
    39855,
    39859,
    39862,
    65110,
    113307,
    113308,
    114380,
    114604,
    114608,
    114612,
    114616,
    114645,
    114655,
    114657,
    114659,
    114702,
    114887,
    115033,
    115035,
    115146,
    115296,
    115304,
    116038,
    116229,
    116230,
    116231,
    118565,
    118566,
    118958,
    119028,
    119696,
    120858,
    123575,
    124414,
    124472,
    125167,
    125203,
    125620,
    125621,
    125724,
    125823
  ],
  "y_pred": [
    4,
    4,
    2,
    2,
    4,
    2,
    1,
    3,
    3,
    2,
    2,
    2,
    2,
    3,
    4,
    1,
    2,
    2,
    2,
    2,
    2,
    2,
    3,
    2,
    2,
    4,
    3,
    3,
    2,
    2,
    2,
    2,
    2,
    2,
    4,
    4,
    2,
    4,
    3,
    2,
    3,
    3,
    3,
    3,
    3,
    3,
    3,
    3,
    3,
    3,
    3,
    3,
    3,
    3,
    3,
    3,
    3,
    2,
    2,
    2,
    2,
    1,
    4,
    4,
    0,
    4,
    4,
    3,
    0,
    4,
    4,
    4,
    4,
    2,
    2,
    2,
    2,
    2,
    4,
    2,
    2,
    4,
    2,
    2,
    4,
    0,
    2,
    2,
    3,
    5,
    5,
    4,
    2,
    0,
    0,
    0,
    0,
    0,
    0,
    0,
    0,
    0,
    2,
    0,
    0,
    2,
    0,
    0,
    2,
    2,
    2,
    2,
    3,
    3,
    2,
    2,
    2,
    4,
    2,
    2,
    3,
    4,
    3,
    3,
    4,
    2,
    2
  ],
  "y_true": [
    0,
    0,
    0,
    0,
    0,
    0,
    0,
    0,
    0,
    0,
    0,
    0,
    0,
    0,
    0,
    0,
    0,
    0,
    0,
    0,
    0,
    0,
    0,
    0,
    0,
    0,
    2,
    2,
    0,
    0,
    0,
    0,
    0,
    0,
    0,
    0,
    0,
    0,
    0,
    0,
    0,
    0,
    0,
    0,
    0,
    0,
    0,
    0,
    0,
    0,
    0,
    0,
    0,
    0,
    0,
    0,
    0,
    0,
    0,
    0,
    0,
    0,
    0,
    0,
    4,
    0,
    0,
    0,
    4,
    0,
    0,
    0,
    0,
    0,
    0,
    0,
    0,
    0,
    0,
    0,
    0,
    0,
    0,
    0,
    5,
    5,
    0,
    5,
    5,
    0,
    0,
    0,
    0,
    5,
    5,
    5,
    5,
    5,
    5,
    5,
    5,
    5,
    0,
    5,
    5,
    0,
    5,
    5,
    0,
    0,
    0,
    0,
    0,
    0,
    0,
    0,
    0,
    0,
    0,
    0,
    0,
    0,
    0,
    0,
    0,
    0,
    0
  ]
}