{
  "Accuracy": 0.9992046290588773,
  "Macro Precision": 0.7161147268532121,
  "Macro Recall": 0.7828695646642544,
  "Macro F1": 0.7390772117459815,
  "False Alarms": 15,
  "False Alarm Rate": 0.000718941717791411,
  "Missed Attacks": 18,
  "Detection Rate": 0.9993881713120326,
  "Confusion Matrix (actual_pred)": [
    [
      20849,
      4,
      1,
      0,
      8,
      2
    ],
    [
      0,
      8,
      0,
      0,
      0,
      0
    ],
    [
      0,
      0,
      5,
      4,
      0,
      0
    ],
    [
      1,
      0,
      1,
      12,
      0,
      0
    ],
    [
      5,
      0,
      0,
      0,
      2,
      0
    ],
    [
      12,
      0,
      0,
      0,
      2,
      29375
    ]
  ],
  "misclassified_indices": [
    7940,
    8382,
    8408,
    9423,
    9955,
    10144,
    10435,
    10470,
    10801,
    11670,
    11706,
    12087,
    12691,
    12706,
    12831,
    12905,
    12906,
    12918,
    12919,
    15767,
    15814,
    15953,
    26325,
    45331,
    45886,
    45887,
    45889,
    45899,
    45901,
    45902,
    46047,
    46056,
    46061,
    46146,
    46148,
    49234,
    49836,
    50203,
    50204,
    50255
  ],
  "real_flow_indices": [
    19583,
    20670,
    20729,
    23251,
    24688,
    25171,
    25976,
    26060,
    26877,
    29049,
    29151,
    30101,
    31613,
    31662,
    31974,
    32193,
    32194,
    32221,
    32222,
    39374,
    39483,
    39859,
    66119,
    113300,
    114608,
    114614,
    114616,
    114647,
    114649,
    114651,
    115037,
    115068,
    115074,
    115298,
    115304,
    123144,
    124653,
    125620,
    125621,
    125737
  ],
  "y_pred": [
    2,
    4,
    4,
    1,
    3,
    3,
    3,
    3,
    4,
    2,
    0,
    4,
    1,
    1,
    0,
    0,
    0,
    0,
    0,
    4,
    0,
    4,
    5,
    5,
    0,
    0,
    0,
    0,
    0,
    0,
    0,
    0,
    0,
    0,
    0,
    4,
    1,
    4,
    4,
    4
  ],
  "y_true": [
    0,
    0,
    0,
    0,
    2,
    2,
    2,
    2,
    0,
    3,
    3,
    0,
    0,
    0,
    4,
    4,
    4,
    4,
    4,
    5,
    5,
    5,
    0,
    0,
    5,
    5,
    5,
    5,
    5,
    5,
    5,
    5,
    5,
    5,
    5,
    0,
    0,
    0,
    0,
    0
  ]
}