{
  "Accuracy": 0.999403471794158,
  "Macro Precision": 0.7877191301848837,
  "Macro Recall": 0.7776561246010921,
  "Macro F1": 0.7725856737938349,
  "False Alarms": 6,
  "False Alarm Rate": 0.00028757668711656444,
  "Missed Attacks": 20,
  "Detection Rate": 0.9993202596608096,
  "Confusion Matrix (actual_pred)": [
    [
      20858,
      3,
      0,
      0,
      3,
      0
    ],
    [
      0,
      8,
      0,
      0,
      0,
      0
    ],
    [
      0,
      0,
      6,
      3,
      0,
      0
    ],
    [
      2,
      0,
      0,
      12,
      0,
      0
    ],
    [
      6,
      0,
      0,
      0,
      1,
      0
    ],
    [
      12,
      0,
      0,
      0,
      1,
      29376
    ]
  ],
  "misclassified_indices": [
    8408,
    9423,
    10144,
    10435,
    10470,
    10801,
    11671,
    11706,
    12691,
    12706,
    12831,
    12834,
    12905,
    12906,
    12918,
    12919,
    15767,
    15814,
    45886,
    45887,
    45889,
    45899,
    45901,
    45902,
    46047,
    46056,
    46061,
    46146,
    46148,
    50255
  ],
  "real_flow_indices": [
    20729,
    23251,
    25171,
    25976,
    26060,
    26877,
    29051,
    29151,
    31613,
    31662,
    31974,
    31981,
    32193,
    32194,
    32221,
    32222,
    39374,
    39483,
    114608,
    114614,
    114616,
    114647,
    114649,
    114651,
    115037,
    115068,
    115074,
    115298,
    115304,
    125737
  ],
  "y_pred": [
    4,
    1,
    3,
    3,
    3,
    4,
    0,
    0,
    1,
    1,
    0,
    0,
    0,
    0,
    0,
    0,
    0,
    4,
    0,
    0,
    0,
    0,
    0,
    0,
    0,
    0,
    0,
    0,
    0,
    4
  ],
  "y_true": [
    0,
    0,
    2,
    2,
    2,
    0,
    3,
    3,
    0,
    0,
    4,
    4,
    4,
    4,
    4,
    4,
    5,
    5,
    5,
    5,
    5,
    5,
    5,
    5,
    5,
    5,
    5,
    5,
    5,
    0
  ]
}