{
  "Accuracy": 0.9956055755502973,
  "Macro Precision": 0.4531721613286604,
  "Macro Recall": 0.8951532319633263,
  "Macro F1": 0.5243928726247779,
  "False Alarms": 193,
  "False Alarm Rate": 0.009250383435582822,
  "Missed Attacks": 11,
  "Detection Rate": 0.9996259775586536,
  "Confusion Matrix (actual_pred)": [
    [
      20671,
      24,
      37,
      26,
      89,
      17
    ],
    [
      0,
      8,
      0,
      0,
      0,
      0
    ],
    [
      0,
      0,
      6,
      1,
      2,
      0
    ],
    [
      0,
      0,
      0,
      14,
      0,
      0
    ],
    [
      0,
      0,
      2,
      0,
      5,
      0
    ],
    [
      11,
      8,
      2,
      0,
      2,
      29366
    ]
  ],
  "misclassified_indices": [
    4616,
    5386,
    5691,
    6022,
    6189,
    6199,
    7030,
    7120,
    7121,
    7644,
    7940,
    8069,
    8176,
    8210,
    8382,
    8408,
    8409,
    8410,
    8411,
    8531,
    8588,
    8751,
    8785,
    8786,
    8787,
    8788,
    8789,
    8790,
    8791,
    8796,
    8797,
    8798,
    8799,
    8800,
    8801,
    8802,
    8803,
    8804,
    8805,
    8806,
    8807,
    8808,
    8877,
    9067,
    9226,
    9227,
    9333,
    9400,
    9408,
    9423,
    9526,
    9790,
    10089,
    10144,
    10150,
    10284,
    10435,
    10437,
    10470,
    10526,
    10544,
    10771,
    10801,
    10804,
    11039,
    11066,
    11358,
    11359,
    11416,
    11449,
    11450,
    11667,
    11672,
    11702,
    11703,
    11705,
    11708,
    11734,
    11821,
    11828,
    12087,
    12094,
    12103,
    12142,
    12166,
    12376,
    12412,
    12429,
    12474,
    12514,
    12691,
    12706,
    12707,
    12708,
    12709,
    12907,
    12916,
    12917,
    12918,
    12919,
    12932,
    12995,
    13004,
    13281,
    13282,
    13513,
    13514,
    13698,
    13905,
    13907,
    14077,
    14204,
    14206,
    14782,
    15062,
    15064,
    15124,
    15209,
    15210,
    15211,
    15238,
    15355,
    15356,
    15386,
    15387,
    15449,
    15450,
    15452,
    15455,
    15462,
    15465,
    15725,
    15767,
    15814,
    15953,
    15954,
    15955,
    15956,
    15957,
    15958,
    15959,
    15960,
    15961,
    15962,
    26325,
    37252,
    45331,
    45332,
    45333,
    45334,
    45335,
    45336,
    45337,
    45338,
    45339,
    45340,
    45341,
    45342,
    45343,
    45344,
    45345,
    45346,
    45407,
    45540,
    45848,
    45868,
    45886,
    45887,
    45889,
    45896,
    45899,
    45901,
    45902,
    45907,
    46047,
    46055,
    46056,
    46057,
    46061,
    46090,
    46146,
    46148,
    46235,
    46236,
    46535,
    46536,
    46574,
    46575,
    46723,
    46891,
    47179,
    47414,
    47430,
    47583,
    47584,
    47585,
    47842,
    48014,
    48370,
    48392,
    48665,
    48768,
    48835,
    48836,
    49234,
    49406,
    49430,
    49590,
    49740,
    49836,
    49956,
    50023,
    50036,
    50037,
    50203,
    50204,
    50249,
    50255,
    50256,
    50259,
    50290
  ],
  "real_flow_indices": [
    11392,
    13249,
    13967,
    14797,
    15201,
    15219,
    17329,
    17564,
    17565,
    18807,
    19583,
    19888,
    20153,
    20247,
    20670,
    20729,
    20734,
    20735,
    20737,
    21026,
    21204,
    21579,
    21667,
    21669,
    21670,
    21675,
    21681,
    21682,
    21683,
    21692,
    21694,
    21696,
    21698,
    21700,
    21701,
    21703,
    21704,
    21705,
    21706,
    21707,
    21709,
    21713,
    21909,
    22357,
    22747,
    22748,
    23035,
    23203,
    23216,
    23251,
    23566,
    24227,
    25039,
    25171,
    25190,
    25562,
    25976,
    25978,
    26060,
    26197,
    26239,
    26810,
    26877,
    26882,
    27507,
    27590,
    28255,
    28256,
    28405,
    28497,
    28498,
    29041,
    29052,
    29142,
    29143,
    29148,
    29154,
    29217,
    29432,
    29449,
    30101,
    30115,
    30140,
    30247,
    30300,
    30793,
    30883,
    30925,
    31048,
    31151,
    31613,
    31662,
    31663,
    31664,
    31665,
    32196,
    32215,
    32219,
    32221,
    32222,
    32261,
    32410,
    32437,
    33113,
    33115,
    33693,
    33694,
    34159,
    34711,
    34715,
    35137,
    35495,
    35497,
    36873,
    37557,
    37564,
    37723,
    37945,
    37947,
    37949,
    38008,
    38302,
    38303,
    38381,
    38382,
    38551,
    38553,
    38559,
    38566,
    38586,
    38594,
    39270,
    39374,
    39483,
    39859,
    39862,
    39864,
    39867,
    39870,
    39875,
    39877,
    39880,
    39881,
    39882,
    66119,
    93042,
    113300,
    113302,
    113304,
    113306,
    113308,
    113309,
    113310,
    113311,
    113312,
    113313,
    113315,
    113317,
    113319,
    113320,
    113327,
    113332,
    113483,
    113800,
    114531,
    114570,
    114608,
    114614,
    114616,
    114636,
    114647,
    114649,
    114651,
    114663,
    115037,
    115064,
    115068,
    115069,
    115074,
    115150,
    115298,
    115304,
    115528,
    115529,
    116229,
    116231,
    116336,
    116338,
    116704,
    117167,
    117970,
    118565,
    118599,
    118958,
    118959,
    118960,
    119696,
    120121,
    121066,
    121114,
    121774,
    122028,
    122188,
    122189,
    123144,
    123575,
    123624,
    124033,
    124416,
    124653,
    124978,
    125146,
    125166,
    125167,
    125620,
    125621,
    125724,
    125737,
    125738,
    125750,
    125823
  ],
  "y_pred": [
    4,
    4,
    4,
    4,
    4,
    4,
    4,
    4,
    4,
    4,
    2,
    3,
    4,
    4,
    4,
    4,
    2,
    2,
    2,
    4,
    4,
    4,
    1,
    1,
    1,
    1,
    1,
    1,
    1,
    1,
    1,
    1,
    1,
    1,
    1,
    1,
    1,
    1,
    1,
    1,
    1,
    1,
    4,
    4,
    3,
    3,
    4,
    4,
    4,
    1,
    2,
    3,
    4,
    4,
    4,
    2,
    3,
    3,
    4,
    4,
    4,
    2,
    4,
    4,
    3,
    4,
    2,
    2,
    4,
    4,
    4,
    3,
    3,
    3,
    3,
    3,
    3,
    3,
    4,
    4,
    4,
    2,
    4,
    2,
    3,
    2,
    3,
    3,
    3,
    4,
    2,
    1,
    1,
    2,
    2,
    2,
    4,
    4,
    2,
    2,
    4,
    4,
    2,
    4,
    4,
    4,
    4,
    2,
    3,
    3,
    4,
    3,
    2,
    4,
    2,
    2,
    4,
    2,
    2,
    2,
    4,
    2,
    2,
    4,
    4,
    4,
    4,
    4,
    4,
    4,
    4,
    4,
    4,
    4,
    2,
    2,
    1,
    1,
    1,
    1,
    1,
    1,
    1,
    1,
    5,
    5,
    5,
    5,
    5,
    5,
    5,
    5,
    5,
    5,
    5,
    5,
    5,
    5,
    5,
    5,
    5,
    1,
    4,
    2,
    4,
    2,
    0,
    0,
    0,
    4,
    0,
    0,
    0,
    2,
    0,
    4,
    0,
    4,
    0,
    3,
    0,
    0,
    4,
    4,
    3,
    3,
    3,
    3,
    4,
    4,
    4,
    2,
    4,
    4,
    4,
    4,
    4,
    2,
    4,
    4,
    4,
    2,
    4,
    4,
    4,
    4,
    2,
    2,
    4,
    2,
    2,
    4,
    4,
    4,
    4,
    4,
    3,
    4,
    4,
    4,
    2
  ],