{
  "Accuracy": 0.994631246147422,
  "Macro Precision": 0.464378778455746,
  "Macro Recall": 0.9238497146279263,
  "Macro F1": 0.5324713963479932,
  "False Alarms": 245,
  "False Alarm Rate": 0.01174271472392638,
  "Missed Attacks": 13,
  "Detection Rate": 0.9995580486146524,
  "Confusion Matrix (actual_pred)": [
    [
      20619,
      9,
      65,
      48,
      113,
      10
    ],
    [
      0,
      8,
      0,
      0,
      0,
      0
    ],
    [
      1,
      1,
      5,
      2,
      0,
      0
    ],
    [
      0,
      0,
      0,
      14,
      0,
      0
    ],
    [
      0,
      0,
      0,
      0,
      7,
      0
    ],
    [
      12,
      0,
      3,
      0,
      6,
      29368
    ]
  ],
  "misclassified_indices": [
    3549,
    3615,
    3657,
    3658,
    3659,
    4220,
    4616,
    5691,
    6022,
    6189,
    6199,
    6643,
    7030,
    7120,
    7121,
    7122,
    7908,
    7909,
    7940,
    8069,
    8210,
    8382,
    8385,
    8408,
    8409,
    8410,
    8411,
    8531,
    8751,
    8785,
    8796,
    8797,
    8877,
    8878,
    9067,
    9226,
    9227,
    9333,
    9407,
    9408,
    9423,
    9490,
    9525,
    9526,
    9582,
    9583,
    9584,
    9585,
    9655,
    9705,
    9752,
    9755,
    9757,
    9787,
    9788,
    9790,
    9804,
    9805,
    9851,
    9955,
    9956,
    10045,
    10092,
    10093,
    10150,
    10164,
    10251,
    10283,
    10284,
    10375,
    10376,
    10377,
    10378,
    10435,
    10436,
    10437,
    10442,
    10470,
    10526,
    10544,
    10768,
    10771,
    10801,
    10804,
    11039,
    11066,
    11357,
    11358,
    11359,
    11416,
    11449,
    11450,
    11667,
    11668,
    11672,
    11702,
    11703,
    11705,
    11708,
    11734,
    12001,
    12051,
    12087,
    12094,
    12103,
    12142,
    12166,
    12376,
    12412,
    12474,
    12663,
    12691,
    12706,
    12707,
    12708,
    12829,
    12907,
    12916,
    12917,
    12932,
    13513,
    13514,
    13515,
    13698,
    13699,
    13755,
    13905,
    14077,
    14112,
    14113,
    14204,
    14206,
    14207,
    14208,
    14746,
    14747,
    14748,
    14749,
    14750,
    14751,
    14782,
    15000,
    15001,
    15060,
    15061,
    15062,
    15064,
    15200,
    15209,
    15210,
    15211,
    15353,
    15354,
    15355,
    15356,
    15389,
    15449,
    15451,
    15452,
    15455,
    15573,
    15629,
    15630,
    15632,
    15663,
    15664,
    15694,
    15695,
    15696,
    15698,
    15724,
    15725,
    15731,
    15732,
    15767,
    15768,
    15814,
    15932,
    15953,
    15954,
    15955,
    15956,
    15957,
    15958,
    15959,
    15960,
    26325,
    37252,
    45331,
    45332,
    45333,
    45334,
    45335,
    45336,
    45337,
    45338,
    45339,
    45340,
    45341,
    45342,
    45540,
    45769,
    45770,
    45771,
    45772,
    45778,
    45779,
    45868,
    45886,
    45887,
    45889,
    45893,
    45896,
    45899,
    45901,
    45902,
    46047,
    46056,
    46061,
    46090,
    46122,
    46146,
    46148,
    46236,
    46454,
    46535,
    46536,
    46575,
    46850,
    46851,
    46852,
    46853,
    46854,
    46855,
    47083,
    47206,
    47207,
    47208,
    47414,
    47415,
    47416,
    47842,
    47844,
    48392,
    48413,
    48665,
    48768,
    48835,
    48836,
    48869,
    49125,
    49126,
    49406,
    49430,
    49431,
    49590,
    49741,
    49836,
    49952,
    49953,
    49954,
    49955,
    49956,
    50037,
    50203,
    50204,
    50249,
    50255,
    50289,
    50290
  ],
  "real_flow_indices": [
    8825,
    8974,
    9066,
    9068,
    9071,
    10395,
    11392,
    13967,
    14797,
    15201,
    15219,
    16311,
    17329,
    17564,
    17565,
    17566,
    19497,
    19499,
    19583,
    19888,
    20247,
    20670,
    20677,
    20729,
    20734,
    20735,
    20737,
    21026,
    21579,
    21667,
    21692,
    21694,
    21909,
    21910,
    22357,
    22747,
    22748,
    23035,
    23215,
    23216,
    23251,
    23439,
    23564,
    23566,
    23717,
    23718,
    23721,
    23722,
    23885,
    24034,
    24134,
    24146,
    24151,
    24216,
    24217,
    24227,
    24262,
    24265,
    24392,
    24688,
    24692,
    24928,
    25049,
    25051,
    25190,
    25215,
    25443,
    25557,
    25562,
    25806,
    25809,
    25810,
    25811,
    25976,
    25977,
    25978,
    25991,
    26060,
    26197,
    26239,
    26803,
    26810,
    26877,
    26882,
    27507,
    27590,
    28254,
    28255,
    28256,
    28405,
    28497,
    28498,
    29041,
    29045,
    29052,
    29142,
    29143,
    29148,
    29154,
    29217,
    29873,
    29990,
    30101,
    30115,
    30140,
    30247,
    30300,
    30793,
    30883,
    31048,
    31550,
    31613,
    31662,
    31663,
    31664,
    31969,
    32196,
    32215,
    32219,
    32261,
    33693,
    33694,
    33700,
    34159,
    34160,
    34304,
    34711,
    35137,
    35226,
    35227,
    35495,
    35497,
    35498,
    35499,
    36789,
    36790,
    36794,
    36795,
    36797,
    36799,
    36873,
    37385,
    37386,
    37552,
    37554,
    37557,
    37564,
    37929,
    37945,
    37947,
    37949,
    38300,
    38301,
    38302,
    38303,
    38390,
    38551,
    38557,
    38559,
    38566,
    38861,
    39008,
    39010,
    39019,
    39100,
    39101,
    39182,
    39183,
    39185,
    39191,
    39269,
    39270,
    39281,
    39284,
    39374,
    39376,
    39483,
    39800,
    39859,
    39862,
    39864,
    39867,
    39870,
    39875,
    39877,
    39880,
    66119,
    93042,
    113300,
    113302,
    113304,
    113306,
    113308,
    113309,
    113310,
    113311,
    113312,
    113313,
    113315,
    113317,
    113800,
    114361,
    114363,
    114364,
    114366,
    114379,
    114381,
    114570,
    114608,
    114614,
    114616,
    114626,
    114636,
    114647,
    114649,
    114651,
    115037,
    115068,
    115074,
    115150,
    115228,
    115298,
    115304,
    115529,
    116038,
    116229,
    116231,
    116338,
    117074,
    117076,
    117078,
    117080,
    117081,
    117083,
    117693,
    118033,
    118037,
    118039,
    118565,
    118566,
    118567,
    119696,
    119701,
    121114,
    121166,
    121774,
    122028,
    122188,
    122189,
    122250,
    122883,
    122884,
    123575,
    123624,
    123626,
    124033,
    124419,
    124653,
    124973,
    124974,
    124975,
    124976,
    124978,
    125167,
    125620,
    125621,
    125724,
    125737,
    125822,
    125823
  ],