{
  "Accuracy": 0.9973175432670336,
  "Macro Precision": 0.5016361766053304,
  "Macro Recall": 0.8482430261780575,
  "Macro F1": 0.5766139640987172,
  "False Alarms": 108,
  "False Alarm Rate": 0.005167464114832536,
  "Missed Attacks": 15,
  "Detection Rate": 0.9994900560938297,
  "Confusion Matrix (actual_pred)": [
    [
      20792,
      6,
      33,
      31,
      36,
      2
    ],
    [
      0,
      8,
      0,
      0,
      0,
      0
    ],
    [
      1,
      1,
      6,
      1,
      0,
      0
    ],
    [
      0,
      0,
      4,
      10,
      0,
      0
    ],
    [
      1,
      0,
      0,
      1,
      5,
      0
    ],
    [
      13,
      0,
      1,
      1,
      3,
      29371
    ]
  ],
  "misclassified_indices": [
    1140,
    3594,
    5658,
    8108,
    8362,
    8422,
    8446,
    8447,
    9022,
    9079,
    9098,
    9262,
    9365,
    9453,
    9454,
    9544,
    9554,
    9556,
    9559,
    9687,
    9788,
    9790,
    9791,
    9794,
    9822,
    9987,
    9988,
    10078,
    10126,
    10181,
    10274,
    10277,
    10383,
    10407,
    10408,
    10508,
    10561,
    10706,
    10707,
    10808,
    10837,
    11109,
    11388,
    11678,
    11698,
    11701,
    11702,
    11703,
    11736,
    11737,
    11739,
    11741,
    11742,
    11746,
    11747,
    11748,
    11749,
    11750,
    11751,
    11752,
    11753,
    11776,
    11778,
    11779,
    12721,
    12738,
    12857,
    12858,
    12859,
    12863,
    12936,
    12937,
    12943,
    12944,
    12946,
    12947,
    12958,
    13211,
    13302,
    13390,
    13954,
    14802,
    15131,
    15132,
    15474,
    15718,
    15759,
    15760,
    15774,
    15788,
    15839,
    15973,
    15974,
    15975,
    15976,
    25927,
    45349,
    45774,
    45775,
    45886,
    45887,
    45888,
    45890,
    45903,
    45906,
    45907,
    45908,
    45926,
    45993,
    46053,
    46054,
    46066,
    46099,
    46150,
    46153,
    46237,
    46238,
    46452,
    46536,
    46537,
    47429,
    47430,
    47434,
    47932,
    48279,
    48313,
    48858,
    49438,
    49796,
    50074,
    50090,
    50241,
    50242,
    50324,
    50326
  ],
  "real_flow_indices": [
    2788,
    8824,
    13788,
    19888,
    20539,
    20670,
    20729,
    20730,
    22168,
    22310,
    22357,
    22748,
    23035,
    23250,
    23252,
    23523,
    23553,
    23557,
    23561,
    23885,
    24134,
    24140,
    24144,
    24151,
    24217,
    24688,
    24691,
    24927,
    25039,
    25173,
    25449,
    25455,
    25734,
    25811,
    25812,
    26062,
    26197,
    26590,
    26591,
    26810,
    26877,
    27590,
    28255,
    28997,
    29055,
    29066,
    29069,
    29072,
    29136,
    29138,
    29141,
    29149,
    29150,
    29157,
    29159,
    29162,
    29166,
    29167,
    29168,
    29169,
    29172,
    29214,
    29220,
    29221,
    31613,
    31662,
    31972,
    31973,
    31975,
    31981,
    32192,
    32196,
    32216,
    32219,
    32223,
    32224,
    32261,
    32875,
    33112,
    33331,
    34782,
    36873,
    37679,
    37683,
    38565,
    39191,
    39287,
    39288,
    39323,
    39374,
    39483,
    39855,
    39859,
    39862,
    39864,
    65110,
    113307,
    114379,
    114380,
    114604,
    114608,
    114612,
    114616,
    114645,
    114655,
    114657,
    114659,
    114702,
    114887,
    115033,
    115035,
    115064,
    115146,
    115296,
    115304,
    115528,
    115529,
    116038,
    116229,
    116230,
    118565,
    118566,
    118571,
    119872,
    120782,
    120858,
    122188,
    123575,
    124472,
    125167,
    125203,
    125620,
    125621,
    125821,
    125823
  ],
  "y_pred": [
    4,
    4,
    3,
    3,
    4,
    4,
    4,
    4,
    2,
    3,
    3,
    3,
    4,
    1,
    1,
    2,
    2,
    2,
    2,
    2,
    2,
    2,
    3,
    2,
    2,
    3,
    2,
    1,
    4,
    2,
    2,
    4,
    0,
    2,
    2,
    2,
    4,
    4,
    4,
    2,
    4,
    4,
    3,
    4,
    3,
    3,
    3,
    3,
    2,
    2,
    3,
    3,
    3,
    2,
    3,
    3,
    3,
    3,
    3,
    3,
    3,
    2,
    3,
    3,
    2,
    2,
    4,
    4,
    4,
    0,
    4,
    4,
    3,
    4,
    4,
    4,
    4,
    1,
    2,
    2,
    1,
    4,
    3,
    3,
    4,
    2,
    2,
    2,
    4,
    3,
    4,
    2,
    2,
    4,
    4,
    5,
    5,
    2,
    2,
    0,
    0,
    0,
    0,
    0,
    0,
    0,
    0,
    0,
    4,
    0,
    0,
    1,
    2,
    0,
    0,
    4,
    4,
    3,
    2,
    3,
    2,
    3,
    3,
    2,
    4,
    4,
    4,
    4,
    3,
    4,
    3,
    1,
    4,
    2,
    2
  ],
  "y_true": [
    0,
    0,
    0,
    0,
    0,
    0,
    0,
    0,
    0,
    0,
    0,
    0,
    0,
    0,
    0,
    0,
    0,
    0,
    0,
    0,
    0,
    0,
    0,
    0,
    0,
    2,
    0,
    2,
    0,
    0,
    0,
    0,
    2,
    0,
    0,
    0,
    0,
    0,
    0,
    0,
    0,
    0,
    0,
    0,
    0,
    0,
    0,
    0,
    3,
    3,
    0,
    0,
    0,
    3,
    0,
    0,
    0,
    0,
    0,
    0,
    0,
    3,
    0,
    0,
    0,
    0,
    0,
    0,
    0,
    4,
    0,
    0,
    4,
    0,
    0,
    0,
    0,
    0,
    0,
    0,
    0,
    0,
    0,
    0,
    0,
    0,
    0,
    0,
    0,
    5,
    5,
    0,
    5,
    5,
    5,
    0,
    0,
    0,
    0,
    5,
    5,
    5,
    5,
    5,
    5,
    5,
    5,
    5,
    0,
    5,
    5,
    0,
    0,
    5,
    5,
    0,
    0,
    0,
    0,
    0,
    0,
    0,
    0,
    0,
    0,
    0,
    0,
    0,
    0,
    0,
    0,
    0,
    0,
    0,
    0
  ]
}