{
  "Accuracy": 0.9994038985037852,
  "Macro Precision": 0.8036003683031563,
  "Macro Recall": 0.8741840915883299,
  "Macro F1": 0.8322003112143221,
  "False Alarms": 8,
  "False Alarm Rate": 0.0003827751196172249,
  "Missed Attacks": 19,
  "Detection Rate": 0.9993542686242524,
  "Confusion Matrix (actual_pred)": [
    [
      20892,
      2,
      2,
      1,
      3,
      0
    ],
    [
      0,
      8,
      0,
      0,
      0,
      0
    ],
    [
      0,
      1,
      8,
      0,
      0,
      0
    ],
    [
      0,
      0,
      1,
      13,
      0,
      0
    ],
    [
      4,
      0,
      0,
      0,
      3,
      0
    ],
    [
      15,
      0,
      1,
      0,
      0,
      29373
    ]
  ],
  "missclassified_indices": [
    7978,
    8446,
    9453,
    10078,
    11746,
    12855,
    12863,
    12934,
    12936,
    12943,
    12944,
    12958,
    15788,
    15839,
    15973,
    15974,
    45886,
    45887,
    45888,
    45890,
    45903,
    45906,
    45907,
    45908,
    45926,
    46053,
    46054,
    46150,
    46153,
    50090
  ],
  "real_flow_indices": [
    19583,
    20729,
    23250,
    24927,
    29157,
    31965,
    31981,
    32189,
    32192,
    32216,
    32219,
    32261,
    39374,
    39483,
    39855,
    39859,
    114604,
    114608,
    114612,
    114616,
    114645,
    114655,
    114657,
    114659,
    114702,
    115033,
    115035,
    115296,
    115304,
    125203
  ],
  "y_pred": [
    1,
    2,
    1,
    1,
    2,
    0,
    0,
    0,
    4,
    0,
    4,
    4,
    0,
    0,
    2,
    2,
    0,
    0,
    0,
    0,
    0,
    0,
    0,
    0,
    0,
    0,
    0,
    0,
    0,
    3
  ],
  "y_true": [
    0,
    0,
    0,
    2,
    3,
    4,
    4,
    4,
    0,
    4,
    0,
    0,
    5,
    5,
    0,
    5,
    5,
    5,
    5,
    5,
    5,
    5,
    5,
    5,
    5,
    5,
    5,
    5,
    5,
    0
  ]
}