{
  "Accuracy": 0.9993641584040376,
  "Macro Precision": 0.8345594179133012,
  "Macro Recall": 0.8771420296756083,
  "Macro F1": 0.8500190006403884,
  "False Alarms": 11,
  "False Alarm Rate": 0.0005263157894736842,
  "Missed Attacks": 19,
  "Detection Rate": 0.9993542905692439,
  "Confusion Matrix (actual_pred)": [
    [
      20889,
      1,
      2,
      0,
      6,
      2
    ],
    [
      1,
      7,
      0,
      0,
      0,
      0
    ],
    [
      1,
      0,
      8,
      0,
      0,
      0
    ],
    [
      1,
      0,
      0,
      13,
      0,
      0
    ],
    [
      3,
      0,
      0,
      0,
      4,
      0
    ],
    [
      13,
      0,
      0,
      0,
      2,
      29374
    ]
  ],
  "misclassified_indices": [
    8446,
    8813,
    9453,
    10078,
    10837,
    11743,
    12721,
    12738,
    12855,
    12934,
    12936,
    12943,
    12944,
    12947,
    12958,
    15788,
    15839,
    45886,
    45887,
    45888,
    45890,
    45903,
    45906,
    45907,
    45908,
    45926,
    46053,
    46054,
    46150,
    46153,
    50074,
    50286
  ],
  "real_flow_indices": [
    20729,
    21650,
    23250,
    24927,
    26877,
    29151,
    31613,
    31662,
    31965,
    32189,
    32192,
    32216,
    32219,
    32224,
    32261,
    39374,
    39483,
    114604,
    114608,
    114612,
    114616,
    114645,
    114655,
    114657,
    114659,
    114702,
    115033,
    115035,
    115296,
    115304,
    125167,
    125713
  ],
  "y_pred": [
    4,
    0,
    1,
    0,
    4,
    0,
    2,
    2,
    0,
    0,
    4,
    0,
    4,
    5,
    4,
    4,
    4,
    0,
    0,
    0,
    0,
    0,
    0,
    0,
    0,
    0,
    0,
    0,
    0,
    0,
    5,
    4
  ],
  "y_true": [
    0,
    1,
    0,
    2,
    0,
    3,
    0,
    0,
    4,
    4,
    0,
    4,
    0,
    0,
    0,
    5,
    5,
    5,
    5,
    5,
    5,
    5,
    5,
    5,
    5,
    5,
    5,
    5,
    5,
    5,
    0,
    0
  ]
}