{
  "Accuracy": 0.9944363860353289,
  "Macro Precision": 0.4649563718752352,
  "Macro Recall": 0.9607852152969553,
  "Macro F1": 0.53291965834454,
  "False Alarms": 261,
  "False Alarm Rate": 0.012488038277511961,
  "Missed Attacks": 13,
  "Detection Rate": 0.9995581387444342,
  "Confusion Matrix (actual_pred)": [
    [
      20639,
      8,
      56,
      73,
      123,
      1
    ],
    [
      0,
      8,
      0,
      0,
      0,
      0
    ],
    [
      0,
      1,
      7,
      1,
      0,
      0
    ],
    [
      0,
      0,
      0,
      14,
      0,
      0
    ],
    [
      0,
      0,
      0,
      0,
      7,
      0
    ],
    [
      13,
      0,
      2,
      0,
      2,
      29372
    ]
  ],
  "misclassified_indices": [
    540,
    692,
    1140,
    1735,
    3502,
    3593,
    3594,
    3595,
    3662,
    5491,
    5657,
    5658,
    5661,
    6235,
    6835,
    7537,
    7652,
    7682,
    7978,
    8107,
    8108,
    8263,
    8362,
    8422,
    8446,
    8447,
    8448,
    8449,
    8450,
    8549,
    8563,
    8783,
    8784,
    8819,
    9022,
    9079,
    9098,
    9259,
    9262,
    9267,
    9291,
    9335,
    9365,
    9442,
    9443,
    9453,
    9454,
    9690,
    9790,
    9791,
    9792,
    9827,
    9839,
    9885,
    9987,
    9988,
    9989,
    9990,
    9991,
    10078,
    10079,
    10125,
    10126,
    10127,
    10128,
    10129,
    10130,
    10181,
    10184,
    10274,
    10277,
    10310,
    10474,
    10475,
    10508,
    10561,
    10623,
    10644,
    10645,
    10706,
    10707,
    10745,
    10808,
    10817,
    10837,
    10839,
    10840,
    10964,
    10997,
    11071,
    11072,
    11074,
    11109,
    11319,
    11388,
    11678,
    11698,
    11701,
    11702,
    11703,
    11704,
    11716,
    11717,
    11739,
    11742,
    11747,
    11748,
    11752,
    11753,
    11778,
    11779,
    11780,
    11847,
    12060,
    12076,
    12120,
    12123,
    12398,
    12406,
    12420,
    12438,
    12439,
    12453,
    12502,
    12503,
    12504,
    12505,
    12537,
    12691,
    12711,
    12721,
    12722,
    12731,
    12734,
    12738,
    12858,
    12859,
    12936,
    12937,
    12944,
    12946,
    12947,
    12958,
    13211,
    13302,
    13390,
    13537,
    13712,
    13746,
    13768,
    13926,
    13927,
    13954,
    14054,
    14129,
    14130,
    14131,
    14242,
    14365,
    14367,
    14463,
    14489,
    14802,
    14903,
    15132,
    15234,
    15235,
    15236,
    15258,
    15468,
    15469,
    15470,
    15473,
    15474,
    15478,
    15484,
    15718,
    15754,
    15755,
    15774,
    15775,
    15788,
    15789,
    15839,
    15840,
    15841,
    15973,
    15974,
    15975,
    25927,
    45349,
    45556,
    45774,
    45775,
    45886,
    45887,
    45888,
    45890,
    45892,
    45899,
    45903,
    45906,
    45907,
    45908,
    45912,
    45913,
    45926,
    45993,
    46053,
    46054,
    46066,
    46099,
    46150,
    46153,
    46155,
    46237,
    46238,
    46441,
    46452,
    46453,
    46454,
    46455,
    46496,
    46536,
    46537,
    46538,
    46539,
    46731,
    47134,
    47429,
    47430,
    47431,
    47432,
    47433,
    47434,
    47446,
    47587,
    47588,
    47612,
    47615,
    47617,
    47857,
    47932,
    47933,
    48279,
    48313,
    48314,
    48389,
    48390,
    48682,
    48786,
    48788,
    48789,
    48791,
    48858,
    48859,
    48883,
    49150,
    49151,
    49263,
    49265,
    49438,
    49464,
    49615,
    49707,
    49796,
    49798,
    49875,
    49876,
    49924,
    50074,
    50090,
    50241,
    50242,
    50244,
    50286,
    50288,
    50294,
    50295,
    50323
  ],
  "real_flow_indices": [
    1338,
    1689,
    2788,
    4204,
    8589,
    8823,
    8824,
    8825,
    8974,
    13399,
    13787,
    13788,
    13795,
    15201,
    16709,
    18466,
    18736,
    18807,
    19583,
    19887,
    19888,
    20295,
    20539,
    20670,
    20729,
    20730,
    20733,
    20734,
    20735,
    20990,
    21025,
    21578,
    21579,
    21663,
    22168,
    22310,
    22357,
    22743,
    22748,
    22755,
    22821,
    22957,
    23035,
    23216,
    23217,
    23250,
    23252,
    23902,
    24140,
    24144,
    24146,
    24224,
    24273,
    24398,
    24688,
    24691,
    24692,
    24693,
    24695,
    24927,
    24928,
    25038,
    25039,
    25045,
    25046,
    25047,
    25050,
    25173,
    25179,
    25449,
    25455,
    25557,
    25984,
    25985,
    26062,
    26197,
    26355,
    26409,
    26410,
    26590,
    26591,
    26667,
    26810,
    26828,
    26877,
    26880,
    26882,
    27188,
    27287,
    27506,
    27507,
    27512,
    27590,
    28088,
    28255,
    28997,
    29055,
    29066,
    29069,
    29072,
    29073,
    29095,
    29097,
    29141,
    29150,
    29159,
    29162,
    29169,
    29172,
    29220,
    29221,
    29224,
    29402,
    29952,
    29987,
    30102,
    30114,
    30763,
    30793,
    30824,
    30883,
    30884,
    30925,
    31049,
    31050,
    31051,
    31054,
    31151,
    31549,
    31593,
    31613,
    31614,
    31645,
    31650,
    31662,
    31973,
    31975,
    32192,
    32196,
    32219,
    32223,
    32224,
    32261,
    32875,
    33112,
    33331,
    33697,
    34158,
    34247,
    34305,
    34711,
    34713,
    34782,
    35019,
    35226,
    35228,
    35229,
    35498,
    35810,
    35814,
    36051,
    36122,
    36873,
    37101,
    37683,
    37945,
    37946,
    37947,
    38008,
    38554,
    38555,
    38559,
    38563,
    38565,
    38574,
    38585,
    39191,
    39278,
    39279,
    39323,
    39324,
    39374,
    39375,
    39483,
    39484,
    39486,
    39855,
    39859,
    39862,
    65110,
    113307,
    113800,
    114379,
    114380,
    114604,
    114608,
    114612,
    114616,
    114626,
    114636,
    114645,
    114655,
    114657,
    114659,
    114666,
    114667,
    114702,
    114887,
    115033,
    115035,
    115064,
    115146,
    115296,
    115304,
    115317,
    115528,
    115529,
    116009,
    116038,
    116039,
    116040,
    116041,
    116138,
    116229,
    116230,
    116231,
    116232,
    116708,
    117804,
    118565,
    118566,
    118567,
    118568,
    118570,
    118571,
    118599,
    118958,
    118960,
    119020,
    119028,
    119037,
    119696,
    119872,
    119873,
    120782,
    120858,
    120861,
    121063,
    121064,
    121779,
    122029,
    122033,
    122038,
    122043,
    122188,
    122189,
    122242,
    122882,
    122883,
    123144,
    123148,
    123575,
    123626,
    124034,
    124240,
    124472,
    124479,
    124647,
    124648,
    124757,
    125167,
    125203,
    125620,
    125621,
    125624,
    125713,
    125724,
    125738,
    125741,
    125818
  ],