{
  "Accuracy": 0.990104715162835,
  "Macro Precision": 0.5146798996622521,
  "Macro Recall": 0.650986957338564,
  "Macro F1": 0.4693549816861919,
  "False Alarms": 462,
  "False Alarm Rate": 0.022105263157894735,
  "Missed Attacks": 25,
  "Detection Rate": 0.999150122382377,
  "Confusion Matrix (actual_pred)": [
    [
      20438,
      0,
      0,
      97,
      363,
      2
    ],
    [
      0,
      4,
      0,
      1,
      1,
      2
    ],
    [
      4,
      0,
      0,
      3,
      2,
      0
    ],
    [
      6,
      0,
      0,
      8,
      0,
      0
    ],
    [
      1,
      0,
      0,
      0,
      6,
      0
    ],
    [
      14,
      0,
      0,
      0,
      2,
      29373
    ]
  ],
  "misclassified_indices": [
    3594,
    3704,
    3705,
    3706,
    3707,
    3708,
    3709,
    3710,
    3711,
    3712,
    3713,
    3714,
    3715,
    3716,
    3717,
    3718,
    3719,
    3720,
    4279,
    4280,
    4281,
    4282,
    4283,
    4284,
    4285,
    4288,
    4289,
    4290,
    4291,
    4292,
    4360,
    4374,
    7170,
    7764,
    7948,
    8206,
    8213,
    8448,
    8449,
    8450,
    8451,
    8452,
    8548,
    8549,
    8675,
    8733,
    8734,
    8735,
    8736,
    8737,
    8738,
    8739,
    8740,
    8741,
    8742,
    8743,
    8744,
    8745,
    8746,
    8747,
    8748,
    8749,
    8772,
    8813,
    8814,
    8817,
    8818,
    8819,
    8820,
    8821,
    8826,
    8991,
    9079,
    9098,
    9099,
    9438,
    9439,
    9441,
    9442,
    9454,
    9534,
    9542,
    9543,
    9544,
    9545,
    9548,
    9549,
    9550,
    9553,
    9554,
    9555,
    9556,
    9557,
    9558,
    9559,
    9560,
    9561,
    9562,
    9563,
    9620,
    9621,
    9674,
    9676,
    9677,
    9679,
    9680,
    9685,
    9686,
    9687,
    9688,
    9690,
    9769,
    9770,
    9775,
    9776,
    9778,
    9780,
    9784,
    9786,
    9787,
    9788,
    9789,
    9790,
    9792,
    9793,
    9794,
    9795,
    9796,
    9797,
    9798,
    9819,
    9820,
    9821,
    9822,
    9823,
    9825,
    9836,
    9837,
    9885,
    9972,
    9987,
    9988,
    9990,
    9991,
    10078,
    10080,
    10122,
    10126,
    10127,
    10128,
    10129,
    10130,
    10131,
    10141,
    10269,
    10270,
    10271,
    10272,
    10313,
    10383,
    10384,
    10385,
    10386,
    10405,
    10406,
    10407,
    10408,
    10409,
    10410,
    10471,
    10477,
    10478,
    10479,
    10576,
    10577,
    10578,
    10579,
    10580,
    10745,
    10746,
    10747,
    10805,
    10806,
    10807,
    10808,
    10840,
    10841,
    10842,
    11066,
    11072,
    11388,
    11511,
    11696,
    11697,
    11699,
    11701,
    11702,
    11736,
    11739,
    11741,
    11747,
    11776,
    11777,
    12123,
    12208,
    12210,
    12398,
    12406,
    12475,
    12476,
    12477,
    12478,
    12479,
    12480,
    12481,
    12482,
    12483,
    12484,
    12485,
    12486,
    12487,
    12488,
    12489,
    12490,
    12493,
    12495,
    12537,
    12691,
    12694,
    12711,
    12934,
    12936,
    12937,
    12944,
    12946,
    12947,
    12958,
    13006,
    13007,
    13211,
    13212,
    13213,
    13214,
    13283,
    13326,
    13441,
    13537,
    13746,
    13807,
    13845,
    13892,
    13924,
    13954,
    14063,
    14100,
    14130,
    14131,
    14242,
    14246,
    14250,
    14255,
    14275,
    14276,
    14279,
    14281,
    14282,
    14283,
    14284,
    14285,
    14515,
    14516,
    14517,
    14518,
    14519,
    14520,
    14521,
    14522,
    14523,
    14524,
    14593,
    14775,
    14776,
    14777,
    14778,
    14779,
    14787,
    14788,
    15028,
    15029,
    15030,
    15085,
    15086,
    15087,
    15088,
    15089,
    15132,
    15133,
    15234,
    15235,
    15236,
    15237,
    15238,
    15239,
    15240,
    15242,
    15243,
    15254,
    15257,
    15258,
    15381,
    15382,
    15390,
    15391,
    15392,
    15393,
    15408,
    15410,
    15411,
    15412,
    15413,
    15449,
    15463,
    15464,
    15465,
    15466,
    15467,
    15468,
    15469,
    15470,
    15471,
    15472,
    15473,
    15474,
    15651,
    15652,
    15653,
    15654,
    15655,
    15656,
    15716,
    15754,
    15755,
    15756,
    15757,
    15758,
    15759,
    15760,
    15761,
    15762,
    15774,
    15775,
    15776,
    15788,
    15839,
    15941,
    15942,
    15974,
    25927,
    45349,
    45350,
    45351,
    45353,
    45354,
    45366,
    45770,
    45771,
    45772,
    45852,
    45853,
    45886,
    45887,
    45888,
    45890,
    45892,
    45903,
    45906,
    45907,
    45908,
    45913,
    45926,
    46053,
    46054,
    46066,
    46068,
    46069,
    46070,
    46071,
    46130,
    46131,
    46150,
    46153,
    46173,
    46240,
    46441,
    46442,
    46451,
    46459,
    46462,
    46580,
    46581,
    46725,
    46726,
    46731,
    46734,
    46737,
    46866,
    46867,
    46868,
    46869,
    46870,
    46906,
    46937,
    46938,
    47051,
    47118,
    47134,
    47220,
    47221,
    47222,
    47223,
    47224,
    47434,
    47435,
    47518,
    47588,
    47701,
    47704,
    48040,
    48091,
    48137,
    48318,
    48383,
    48389,
    48390,
    48391,
    48392,
    48396,
    48397,
    48434,
    48448,
    48682,
    48813,
    48815,
    48945,
    48947,
    49114,
    49152,
    49162,
    49163,
    49208,
    49248,
    49250,
    49251,
    49253,
    49255,
    49256,
    49257,
    49263,
    49265,
    49266,
    49267,
    49268,
    49269,
    49375,
    49438,
    49440,
    49442,
    49774,
    49775,
    49776,
    49777,
    49875,
    49876,
    49878,
    49882,
    49884,
    49978,
    49989,
    49990,
    49991,
    49993,
    50061,
    50062,
    50074,
    50090,
    50091,
    50092,
    50144,
    50241,
    50242,
    50244,
    50286,
    50287,
    50296,
    50297,
    50324,
    50325,
    50326
  ],