{
  "Accuracy": 0.9993641584040376,
  "Macro Precision": 0.7859755903126544,
  "Macro Recall": 0.8741738136810765,
  "Macro F1": 0.8195165068332161,
  "False Alarms": 10,
  "False Alarm Rate": 0.0004784688995215311,
  "Missed Attacks": 17,
  "Detection Rate": 0.9994222010740262,
  "Confusion Matrix (actual_pred)": [
    [
      20890,
      1,
      2,
      1,
      6,
      0
    ],
    [
      0,
      8,
      0,
      0,
      0,
      0
    ],
    [
      0,
      1,
      8,
      0,
      0,
      0
    ],
    [
      1,
      0,
      2,
      11,
      0,
      0
    ],
    [
      3,
      0,
      0,
      0,
      4,
      0
    ],
    [
      13,
      0,
      0,
      0,
      2,
      29374
    ]
  ],
  "misclassified_indices": [
    8446,
    9453,
    10078,
    10837,
    11701,
    11736,
    11746,
    11776,
    12721,
    12738,
    12855,
    12934,
    12936,
    12943,
    12944,
    12947,
    12958,
    15788,
    15839,
    45886,
    45887,
    45888,
    45890,
    45903,
    45906,
    45907,
    45908,
    45926,
    46053,
    46054,
    46150,
    46153
  ],
  "real_flow_indices": [
    20729,
    23250,
    24927,
    26877,
    29066,
    29136,
    29157,
    29214,
    31613,
    31662,
    31965,
    32189,
    32192,
    32216,
    32219,
    32224,
    32261,
    39374,
    39483,
    114604,
    114608,
    114612,
    114616,
    114645,
    114655,
    114657,
    114659,
    114702,
    115033,
    115035,
    115296,
    115304
  ],
  "y_pred": [
    4,
    1,
    1,
    4,
    3,
    2,
    0,
    2,
    2,
    2,
    0,
    0,
    4,
    0,
    4,
    4,
    4,
    4,
    4,
    0,
    0,
    0,
    0,
    0,
    0,
    0,
    0,
    0,
    0,
    0,
    0,
    0
  ],
  "y_true": [
    0,
    0,
    2,
    0,
    0,
    3,
    3,
    3,
    0,
    0,
    4,
    4,
    0,
    4,
    0,
    0,
    0,
    5,
    5,
    5,
    5,
    5,
    5,
    5,
    5,
    5,
    5,
    5,
    5,
    5,
    5,
    5
  ]
}