{
  "Accuracy": 0.9993442883541638,
  "Macro Precision": 0.7813300170596769,
  "Macro Recall": 0.8652292932891877,
  "Macro F1": 0.8191063182730232,
  "False Alarms": 12,
  "False Alarm Rate": 0.0005741626794258373,
  "Missed Attacks": 19,
  "Detection Rate": 0.9993542905692439,
  "Confusion Matrix (actual_pred)": [
    [
      20888,
      2,
      2,
      3,
      5,
      0
    ],
    [
      1,
      7,
      0,
      0,
      0,
      0
    ],
    [
      0,
      0,
      8,
      1,
      0,
      0
    ],
    [
      0,
      0,
      0,
      14,
      0,
      0
    ],
    [
      4,
      0,
      0,
      0,
      3,
      0
    ],
    [
      14,
      0,
      0,
      0,
      1,
      29374
    ]
  ],
  "misclassified_indices": [
    8446,
    8813,
    9079,
    9453,
    9987,
    10837,
    11701,
    12721,
    12855,
    12863,
    12934,
    12936,
    12943,
    12944,
    12947,
    12958,
    13954,
    15788,
    15839,
    45886,
    45887,
    45888,
    45890,
    45903,
    45906,
    45907,
    45908,
    45926,
    46053,
    46054,
    46150,
    46153,
    50090
  ],
  "real_flow_indices": [
    20729,
    21650,
    22310,
    23250,
    24688,
    26877,
    29066,
    31613,
    31965,
    31981,
    32189,
    32192,
    32216,
    32219,
    32224,
    32261,
    34782,
    39374,
    39483,
    114604,
    114608,
    114612,
    114616,
    114645,
    114655,
    114657,
    114659,
    114702,
    115033,
    115035,
    115296,
    115304,
    125203
  ],
  "y_pred": [
    2,
    0,
    3,
    1,
    3,
    4,
    3,
    1,
    0,
    0,
    0,
    4,
    0,
    4,
    4,
    4,
    2,
    0,
    4,
    0,
    0,
    0,
    0,
    0,
    0,
    0,
    0,
    0,
    0,
    0,
    0,
    0,
    3
  ],
  "y_true": [
    0,
    1,
    0,
    0,
    2,
    0,
    0,
    0,
    4,
    4,
    4,
    0,
    4,
    0,
    0,
    0,
    0,
    5,
    5,
    5,
    5,
    5,
    5,
    5,
    5,
    5,
    5,
    5,
    5,
    5,
    5,
    5,
    0
  ]
}