{
  "Accuracy": 0.9974765036660243,
  "Macro Precision": 0.5120983354902618,
  "Macro Recall": 0.8429975643514096,
  "Macro F1": 0.5887403972502613,
  "False Alarms": 103,
  "False Alarm Rate": 0.00492822966507177,
  "Missed Attacks": 17,
  "Detection Rate": 0.9994221617946975,
  "Confusion Matrix (actual_pred)": [
    [
      20797,
      6,
      48,
      26,
      22,
      1
    ],
    [
      0,
      8,
      0,
      0,
      0,
      0
    ],
    [
      0,
      1,
      7,
      1,
      0,
      0
    ],
    [
      0,
      0,
      0,
      14,
      0,
      0
    ],
    [
      3,
      0,
      2,
      0,
      2,
      0
    ],
    [
      14,
      0,
      2,
      0,
      1,
      29372
    ]
  ],
  "misclassified_indices": [
    540,
    1140,
    3594,
    3662,
    5491,
    5658,
    6835,
    7068,
    7169,
    7652,
    7978,
    8107,
    8108,
    8362,
    8422,
    8446,
    8447,
    9079,
    9098,
    9365,
    9453,
    9454,
    9548,
    9790,
    9791,
    9792,
    9794,
    9885,
    9987,
    10078,
    10181,
    10508,
    10707,
    10817,
    10837,
    11109,
    11388,
    11701,
    11702,
    11739,
    11747,
    11748,
    11753,
    11778,
    11779,
    11847,
    12120,
    12420,
    12438,
    12453,
    12502,
    12721,
    12722,
    12738,
    12855,
    12856,
    12858,
    12863,
    12934,
    12936,
    12937,
    12943,
    12944,
    12946,
    12947,
    12958,
    13390,
    13712,
    13746,
    13954,
    14802,
    15027,
    15028,
    15029,
    15083,
    15084,
    15085,
    15086,
    15132,
    15650,
    15788,
    15839,
    15973,
    15974,
    15975,
    25927,
    45349,
    45886,
    45887,
    45888,
    45890,
    45903,
    45906,
    45907,
    45908,
    45926,
    45993,
    46053,
    46054,
    46066,
    46099,
    46150,
    46153,
    46238,
    46452,
    46453,
    46536,
    46537,
    46538,
    47429,
    47430,
    47431,
    47432,
    47932,
    48313,
    49438,
    49464,
    49707,
    49796,
    50074,
    50090,
    50241,
    50242,
    50288,
    50324,
    50325,
    50326
  ],
  "real_flow_indices": [
    1338,
    2788,
    8824,
    8974,
    13399,
    13788,
    16709,
    17329,
    17565,
    18736,
    19583,
    19887,
    19888,
    20539,
    20670,
    20729,
    20730,
    22310,
    22357,
    23035,
    23250,
    23252,
    23534,
    24140,
    24144,
    24146,
    24151,
    24398,
    24688,
    24927,
    25173,
    26062,
    26591,
    26828,
    26877,
    27590,
    28255,
    29066,
    29069,
    29141,
    29159,
    29162,
    29172,
    29220,
    29221,
    29402,
    30102,
    30824,
    30883,
    30925,
    31049,
    31613,
    31614,
    31662,
    31965,
    31966,
    31973,
    31981,
    32189,
    32192,
    32196,
    32216,
    32219,
    32223,
    32224,
    32261,
    33331,
    34158,
    34247,
    34782,
    36873,
    37380,
    37383,
    37384,
    37552,
    37553,
    37554,
    37556,
    37683,
    39006,
    39374,
    39483,
    39855,
    39859,
    39862,
    65110,
    113307,
    114604,
    114608,
    114612,
    114616,
    114645,
    114655,
    114657,
    114659,
    114702,
    114887,
    115033,
    115035,
    115064,
    115146,
    115296,
    115304,
    115529,
    116038,
    116039,
    116229,
    116230,
    116231,
    118565,
    118566,
    118567,
    118568,
    119872,
    120858,
    123575,
    123626,
    124240,
    124472,
    125167,
    125203,
    125620,
    125621,
    125724,
    125821,
    125822,
    125823
  ],
  "y_pred": [
    2,
    2,
    4,
    2,
    2,
    2,
    2,
    2,
    2,
    2,
    2,
    2,
    3,
    4,
    4,
    4,
    4,
    2,
    4,
    2,
    1,
    1,
    2,
    2,
    3,
    3,
    2,
    3,
    3,
    1,
    2,
    2,
    4,
    2,
    4,
    2,
    2,
    3,
    3,
    3,
    3,
    3,
    3,
    3,
    3,
    2,
    2,
    2,
    2,
    2,
    3,
    2,
    2,
    2,
    0,
    0,
    4,
    0,
    2,
    4,
    4,
    2,
    4,
    4,
    4,
    4,
    2,
    3,
    4,
    1,
    4,
    2,
    2,
    2,
    2,
    2,
    2,
    2,
    3,
    2,
    4,
    0,
    2,
    2,
    2,
    5,
    4,
    0,
    0,
    0,
    0,
    0,
    0,
    0,
    0,
    0,
    2,
    0,
    0,
    4,
    2,
    0,
    0,
    4,
    3,
    3,
    2,
    3,
    3,
    2,
    3,
    3,
    3,
    2,
    4,
    1,
    3,
    3,
    3,
    1,
    2,
    1,
    4,
    3,
    2,
    2,
    2
  ],
  "y_true": [
    0,
    0,
    0,
    0,
    0,
    0,
    0,
    0,
    0,
    0,
    0,
    0,
    0,
    0,
    0,
    0,
    0,
    0,
    0,
    0,
    0,
    0,
    0,
    0,
    0,
    0,
    0,
    0,
    2,
    2,
    0,
    0,
    0,
    0,
    0,
    0,
    0,
    0,
    0,
    0,
    0,
    0,
    0,
    0,
    0,
    0,
    0,
    0,
    0,
    0,
    0,
    0,
    0,
    0,
    4,
    4,
    0,
    4,
    4,
    0,
    0,
    4,
    0,
    0,
    0,
    0,
    0,
    0,
    0,
    0,
    0,
    0,
    0,
    0,
    0,
    0,
    0,
    0,
    0,
    0,
    5,
    5,
    0,
    5,
    5,
    0,
    0,
    5,
    5,
    5,
    5,
    5,
    5,
    5,
    5,
    5,
    0,
    5,
    5,
    0,
    0,
    5,
    5,
    0,
    0,
    0,
    0,
    0,
    0,
    0,
    0,
    0,
    0,
    0,
    0,
    0,
    0,
    0,
    0,
    0,
    0,
    0,
    0,
    0,
    0,
    0,
    0
  ]
}