{
  "accuracy": 0.9975788257304793,
  "precision": 0.16,
  "recall": 0.8,
  "f1": 0.26666666666666666,
  "confusion_matrix": [
    [
      18121,
      42
    ],
    [
      2,
      8
    ]
  ],
  "misclassified_samples": {
    "total_misclassified": 44,
    "per_phase": {
      "0": 34,
      "1": 0,
      "2": 2,
      "3": 8,
      "4": 0,
      "5": 0
    }
  }
}