{
  "accuracy": 0.9140092312589527,
  "micro_f1": 0.9140092312589527,
  "macro_f1": 0.7961727140018975,
  "false_alarms": 5517,
  "false_alarm_rate": 0.013791982800644975,
  "missed_attacks": 35004,
  "detection_rate": 0.5084398258671535,
  "classes": [
    "benign",
    "attack"
  ],
  "per_class": {
    "benign": {
      "TP": 394498,
      "FP": 35004,
      "FN": 5517,
      "precision": 0.9185009615787586,
      "recall": 0.986208017199355,
      "f1": 0.9511510915388112
    },
    "attack": {
      "TP": 36206,
      "FP": 5517,
      "FN": 35004,
      "precision": 0.8677707739136687,
      "recall": 0.5084398258671535,
      "f1": 0.6411943364649837
    }
  },
  "confusion_matrix": [
    [
      394498,
      5517
    ],
    [
      35004,
      36206
    ]
  ],
  "misclassified_indices": {
    "total_misclassified": 40521,
    "per_phase": {
      "0": 5517,
      "1": 391,
      "2": 34549,
      "3": 10,
      "4": 54
    }
  }
}