{
  "Accuracy": 0.9963611779443639,
  "Macro Precision": 0.4837648669759526,
  "Macro Recall": 0.8954382476511026,
  "Macro F1": 0.5635918882223915,
  "False Alarms": 163,
  "False Alarm Rate": 0.0078125,
  "Missed Attacks": 13,
  "Detection Rate": 0.9995581237253569,
  "Confusion Matrix (actual_pred)": [
    [
      20701,
      11,
      25,
      40,
      66,
      21
    ],
    [
      0,
      8,
      0,
      0,
      0,
      0
    ],
    [
      1,
      1,
      6,
      1,
      0,
      0
    ],
    [
      0,
      0,
      0,
      14,
      0,
      0
    ],
    [
      1,
      0,
      1,
      0,
      5,
      0
    ],
    [
      11,
      0,
      1,
      0,
      3,
      29374
    ]
  ],
  "misclassified_indices": [
    3615,
    4616,
    5691,
    6189,
    6199,
    7644,
    7940,
    8176,
    8210,
    8382,
    8408,
    8530,
    8531,
    8751,
    8785,
    8786,
    8787,
    8796,
    8797,
    8798,
    8799,
    8800,
    8877,
    9067,
    9226,
    9227,
    9333,
    9407,
    9408,
    9423,
    9519,
    9758,
    9851,
    10045,
    10088,
    10090,
    10091,
    10150,
    10435,
    10436,
    10437,
    10470,
    10526,
    10544,
    10767,
    10768,
    10771,
    10801,
    10804,
    11066,
    11357,
    11358,
    11359,
    11449,
    11667,
    11672,
    11702,
    11703,
    11705,
    11708,
    11734,
    11735,
    11808,
    11821,
    12087,
    12412,
    12474,
    12514,
    12685,
    12691,
    12706,
    12707,
    12708,
    12831,
    12834,
    12907,
    12916,
    12917,
    12932,
    13004,
    13281,
    13282,
    13513,
    13698,
    13699,
    13755,
    13905,
    14206,
    14207,
    14782,
    15124,
    15378,
    15387,
    15449,
    15451,
    15637,
    15698,
    15724,
    15725,
    15730,
    15749,
    15767,
    15814,
    15953,
    15954,
    26325,
    37252,
    45331,
    45332,
    45333,
    45334,
    45335,
    45336,
    45337,
    45338,
    45339,
    45340,
    45341,
    45342,
    45343,
    45344,
    45345,
    45346,
    45347,
    45348,
    45349,
    45540,
    45848,
    45868,
    45886,
    45887,
    45889,
    45893,
    45899,
    45901,
    45902,
    45907,
    46028,
    46047,
    46056,
    46061,
    46146,
    46148,
    46236,
    46454,
    46535,
    46536,
    46574,
    46723,
    47179,
    47414,
    47415,
    47416,
    47583,
    47584,
    47585,
    47842,
    47918,
    48370,
    48392,
    48413,
    48665,
    48768,
    48770,
    48795,
    48835,
    48836,
    49234,
    49237,
    49406,
    49590,
    49591,
    49833,
    49836,
    50023,
    50036,
    50037,
    50038,
    50203,
    50204,
    50249,
    50255,
    50256
  ],
  "real_flow_indices": [
    8974,
    11392,
    13967,
    15201,
    15219,
    18807,
    19583,
    20153,
    20247,
    20670,
    20729,
    21025,
    21026,
    21579,
    21667,
    21669,
    21670,
    21692,
    21694,
    21696,
    21698,
    21700,
    21909,
    22357,
    22747,
    22748,
    23035,
    23215,
    23216,
    23251,
    23529,
    24154,
    24392,
    24928,
    25038,
    25045,
    25046,
    25190,
    25976,
    25977,
    25978,
    26060,
    26197,
    26239,
    26800,
    26803,
    26810,
    26877,
    26882,
    27590,
    28254,
    28255,
    28256,
    28497,
    29041,
    29052,
    29142,
    29143,
    29148,
    29154,
    29217,
    29221,
    29403,
    29432,
    30101,
    30883,
    31048,
    31151,
    31592,
    31613,
    31662,
    31663,
    31664,
    31974,
    31981,
    32196,
    32215,
    32219,
    32261,
    32437,
    33113,
    33115,
    33693,
    34159,
    34160,
    34304,
    34711,
    35497,
    35498,
    36873,
    37723,
    38365,
    38382,
    38551,
    38557,
    39039,
    39191,
    39269,
    39270,
    39280,
    39322,
    39374,
    39483,
    39859,
    39862,
    66119,
    93042,
    113300,
    113302,
    113304,
    113306,
    113308,
    113309,
    113310,
    113311,
    113312,
    113313,
    113315,
    113317,
    113319,
    113320,
    113327,
    113332,
    113333,
    113334,
    113338,
    113800,
    114531,
    114570,
    114608,
    114614,
    114616,
    114626,
    114647,
    114649,
    114651,
    114663,
    114977,
    115037,
    115068,
    115074,
    115298,
    115304,
    115529,
    116038,
    116229,
    116231,
    116336,
    116704,
    117970,
    118565,
    118566,
    118567,
    118958,
    118959,
    118960,
    119696,
    119873,
    121066,
    121114,
    121166,
    121774,
    122028,
    122034,
    122103,
    122188,
    122189,
    123144,
    123148,
    123575,
    124033,
    124036,
    124642,
    124653,
    125146,
    125166,
    125167,
    125169,
    125620,
    125621,
    125724,
    125737,
    125738
  ],
  "y_pred": [
    3,
    4,
    4,
    4,
    4,
    4,
    1,
    4,
    4,
    4,
    4,
    2,
    2,
    4,
    1,
    1,
    1,
    1,
    1,
    1,
    1,
    1,
    4,
    4,
    3,
    3,
    4,
    3,
    3,
    1,
    3,
    2,
    2,
    2,
    3,
    4,
    4,
    4,
    3,
    1,
    1,
    0,
    4,
    4,
    4,
    4,
    2,
    4,
    2,
    4,
    3,
    3,
    3,
    4,
    3,
    3,
    3,
    3,
    3,
    3,
    3,
    3,
    4,
    4,
    4,
    2,
    3,
    4,
    2,
    4,
    2,
    2,
    2,
    2,
    0,
    2,
    4,
    4,
    4,
    2,
    2,
    2,
    4,
    3,
    3,
    3,
    3,
    2,
    2,
    4,
    4,
    4,
    4,
    4,
    4,
    2,
    3,
    3,
    3,
    4,
    4,
    4,
    4,
    2,
    4,
    5,
    5,
    5,
    5,
    5,
    5,
    5,
    5,
    5,
    5,
    5,
    5,
    5,
    5,
    5,
    5,
    5,
    5,
    5,
    5,
    5,
    2,
    4,
    3,
    0,
    0,
    0,
    4,
    0,
    0,
    0,
    4,
    4,
    0,
    0,
    0,
    0,
    0,
    4,
    3,
    3,
    3,
    4,
    3,
    4,
    3,
    3,
    3,
    4,
    4,
    4,
    4,
    3,
    4,
    4,
    3,
    2,
    2,
    3,
    2,
    4,
    4,
    4,
    2,
    4,
    3,
    3,
    4,
    2,
    4,
    4,
    4,
    4,
    4,
    4,
    3,
    4,
    4
  ],
  "y_true": [
    0,
    0,
    0,
    0,
    0,
    0,
    0,
    0,
    0,
    0,
    0,
    0,
    0,
    0,
    0,
    0,
    0,
    0,
    0,
    0,
    0,
    0,
    0,
    0,
    0,
    0,
    0,
    0,
    0,
    0,
    0,
    0,
    0,
    0,
    0,
    0,
    0,
    0,
    2,
    2,
    0,
    2,
    0,
    0,
    0,
    0,
    0,
    0,
    0,
    0,
    0,
    0,
    0,
    0,
    0,
    0,
    0,
    0,
    0,
    0,
    0,
    0,
    0,
    0,
    0,
    0,
    0,
    0,
    0,
    0,
    0,
    0,
    0,
    4,
    4,
    0,
    0,
    0,
    0,
    0,
    0,
    0,
    0,
    0,
    0,
    0,
    0,
    0,
    0,
    0,
    0,
    0,
    0,
    0,
    0,
    0,
    0,
    0,
    0,
    0,
    0,
    5,
    5,
    5,
    5,
    0,
    0,
    0,
    0,
    0,
    0,
    0,
    0,
    0,
    0,
    0,
    0,
    0,
    0,
    0,
    0,
    0,
    0,
    0,
    0,
    0,
    0,
    0,
    0,
    5,
    5,
    5,
    0,
    5,
    5,
    5,
    0,
    0,
    5,
    5,
    5,
    5,
    5,
    0,
    0,
    0,
    0,
    0,
    0,
    0,
    0,
    0,
    0,
    0,
    0,
    0,
    0,
    0,
    0,
    0,
    0,
    0,
    0,
    0,
    0,
    0,
    0,
    0,
    0,
    0,
    0,
    0,
    0,
    0,
    0,
    0,
    0,
    0,
    0,
    0,
    0,
    0,
    0
  ]
}