{
  "Accuracy": 0.9993637032471019,
  "Macro Precision": 0.7794458913171187,
  "Macro Recall": 0.8318513048125972,
  "Macro F1": 0.8037475783122976,
  "False Alarms": 10,
  "False Alarm Rate": 0.00047929447852760736,
  "Missed Attacks": 20,
  "Detection Rate": 0.999320305862362,
  "Confusion Matrix (actual_pred)": [
    [
      20854,
      1,
      4,
      1,
      4,
      0
    ],
    [
      0,
      8,
      0,
      0,
      0,
      0
    ],
    [
      1,
      0,
      7,
      1,
      0,
      0
    ],
    [
      1,
      0,
      0,
      13,
      0,
      0
    ],
    [
      5,
      0,
      0,
      0,
      2,
      0
    ],
    [
      13,
      0,
      0,
      0,
      1,
      29375
    ]
  ],
  "misclassified_indices": [
    7940,
    8408,
    9423,
    10435,
    10470,
    10801,
    11706,
    11734,
    12087,
    12691,
    12706,
    12831,
    12905,
    12906,
    12918,
    12919,
    15767,
    15814,
    15953,
    45886,
    45887,
    45889,
    45899,
    45901,
    45902,
    46047,
    46056,
    46061,
    46146,
    46148,
    49836,
    50255
  ],
  "real_flow_indices": [
    19583,
    20729,
    23251,
    25976,
    26060,
    26877,
    29151,
    29217,
    30101,
    31613,
    31662,
    31974,
    32193,
    32194,
    32221,
    32222,
    39374,
    39483,
    39859,
    114608,
    114614,
    114616,
    114647,
    114649,
    114651,
    115037,
    115068,
    115074,
    115298,
    115304,
    124653,
    125737
  ],
  "y_pred": [
    2,
    4,
    2,
    3,
    0,
    4,
    0,
    3,
    4,
    1,
    2,
    0,
    0,
    0,
    0,
    0,
    0,
    0,
    4,
    0,
    0,
    0,
    0,
    0,
    0,
    0,
    0,
    0,
    0,
    0,
    2,
    4
  ],
  "y_true": [
    0,
    0,
    0,
    2,
    2,
    0,
    3,
    0,
    0,
    0,
    0,
    4,
    4,
    4,
    4,
    4,
    5,
    5,
    5,
    5,
    5,
    5,
    5,
    5,
    5,
    5,
    5,
    5,
    5,
    5,
    0,
    0
  ]
}