{
  "Accuracy": 0.9992846782045423,
  "Macro Precision": 0.7507162957496577,
  "Macro Recall": 0.826877479411058,
  "Macro F1": 0.7749440582012451,
  "False Alarms": 11,
  "False Alarm Rate": 0.0005263157894736842,
  "Missed Attacks": 18,
  "Detection Rate": 0.9993881713120326,
  "Confusion Matrix (actual_pred)": [
    [
      20889,
      1,
      2,
      0,
      8,
      0
    ],
    [
      1,
      7,
      0,
      0,
      0,
      0
    ],
    [
      2,
      0,
      4,
      3,
      0,
      0
    ],
    [
      0,
      0,
      3,
      11,
      0,
      0
    ],
    [
      1,
      0,
      0,
      0,
      6,
      0
    ],
    [
      14,
      0,
      0,
      0,
      1,
      29374
    ]
  ],
  "misclassified_indices": [
    8362,
    8446,
    8813,
    9453,
    9987,
    10078,
    10383,
    10384,
    10386,
    10837,
    11736,
    11737,
    11776,
    12721,
    12738,
    12936,
    12943,
    12944,
    12947,
    12958,
    15788,
    15839,
    45886,
    45887,
    45888,
    45890,
    45903,
    45906,
    45907,
    45908,
    45926,
    46053,
    46054,
    46150,
    46153,
    50241
  ],
  "real_flow_indices": [
    20539,
    20729,
    21650,
    23250,
    24688,
    24927,
    25734,
    25735,
    25740,
    26877,
    29136,
    29138,
    29214,
    31613,
    31662,
    32192,
    32216,
    32219,
    32224,
    32261,
    39374,
    39483,
    114604,
    114608,
    114612,
    114616,
    114645,
    114655,
    114657,
    114659,
    114702,
    115033,
    115035,
    115296,
    115304,
    125620
  ],
  "y_pred": [
    4,
    4,
    0,
    1,
    3,
    0,
    3,
    3,
    0,
    4,
    2,
    2,
    2,
    2,
    2,
    4,
    0,
    4,
    4,
    4,
    0,
    4,
    0,
    0,
    0,
    0,
    0,
    0,
    0,
    0,
    0,
    0,
    0,
    0,
    0,
    4
  ],
  "y_true": [
    0,
    0,
    1,
    0,
    2,
    2,
    2,
    2,
    2,
    0,
    3,
    3,
    3,
    0,
    0,
    0,
    4,
    0,
    0,
    0,
    5,
    5,
    5,
    5,
    5,
    5,
    5,
    5,
    5,
    5,
    5,
    5,
    5,
    5,
    5,
    0
  ]
}