{
  "Accuracy": 0.996420830764948,
  "Macro Precision": 0.5159754946609513,
  "Macro Recall": 0.8901735242692683,
  "Macro F1": 0.5945147962029109,
  "False Alarms": 159,
  "False Alarm Rate": 0.007620782208588957,
  "Missed Attacks": 14,
  "Detection Rate": 0.9995241332426921,
  "Confusion Matrix (actual_pred)": [
    [
      20705,
      7,
      39,
      22,
      70,
      21
    ],
    [
      0,
      8,
      0,
      0,
      0,
      0
    ],
    [
      0,
      0,
      7,
      2,
      0,
      0
    ],
    [
      0,
      0,
      0,
      14,
      0,
      0
    ],
    [
      3,
      0,
      0,
      0,
      4,
      0
    ],
    [
      11,
      0,
      3,
      0,
      2,
      29373
    ]
  ],
  "misclassified_indices": [
    3615,
    4616,
    4957,
    5691,
    6022,
    6189,
    6199,
    6643,
    7030,
    7120,
    7940,
    7941,
    8069,
    8176,
    8210,
    8382,
    8408,
    8531,
    8588,
    8633,
    8785,
    8796,
    8797,
    8877,
    9067,
    9227,
    9333,
    9408,
    9423,
    9519,
    9524,
    9525,
    9526,
    9660,
    9731,
    9805,
    10089,
    10090,
    10150,
    10164,
    10376,
    10377,
    10378,
    10435,
    10436,
    10437,
    10801,
    11039,
    11066,
    11357,
    11358,
    11359,
    11449,
    11450,
    11667,
    11672,
    11702,
    11703,
    11705,
    11708,
    11734,
    11821,
    11828,
    12001,
    12087,
    12103,
    12142,
    12166,
    12180,
    12412,
    12429,
    12474,
    12514,
    12691,
    12706,
    12707,
    12708,
    12709,
    12831,
    12916,
    12917,
    12918,
    12919,
    12932,
    12995,
    13004,
    13016,
    13369,
    13513,
    13514,
    13615,
    13907,
    13991,
    14077,
    14206,
    14782,
    14786,
    15124,
    15209,
    15449,
    15724,
    15725,
    15726,
    15767,
    15814,
    15953,
    15954,
    15955,
    26325,
    37252,
    45331,
    45332,
    45333,
    45334,
    45335,
    45336,
    45337,
    45338,
    45339,
    45340,
    45341,
    45342,
    45343,
    45344,
    45345,
    45346,
    45347,
    45348,
    45349,
    45350,
    45540,
    45778,
    45848,
    45886,
    45887,
    45889,
    45899,
    45901,
    45902,
    45907,
    46047,
    46055,
    46056,
    46061,
    46146,
    46148,
    46235,
    46236,
    46454,
    46535,
    46536,
    47050,
    47179,
    47414,
    47415,
    47430,
    47584,
    48014,
    48326,
    48370,
    48392,
    48665,
    48768,
    48835,
    48836,
    49091,
    49234,
    49406,
    49430,
    49836,
    49952,
    50023,
    50036,
    50037,
    50203,
    50204,
    50255,
    50285,
    50286,
    50287
  ],
  "real_flow_indices": [
    8974,
    11392,
    12186,
    13967,
    14797,
    15201,
    15219,
    16311,
    17329,
    17564,
    19583,
    19584,
    19888,
    20153,
    20247,
    20670,
    20729,
    21026,
    21204,
    21320,
    21667,
    21692,
    21694,
    21909,
    22357,
    22748,
    23035,
    23216,
    23251,
    23529,
    23562,
    23564,
    23566,
    23901,
    24096,
    24265,
    25039,
    25045,
    25190,
    25215,
    25809,
    25810,
    25811,
    25976,
    25977,
    25978,
    26877,
    27507,
    27590,
    28254,
    28255,
    28256,
    28497,
    28498,
    29041,
    29052,
    29142,
    29143,
    29148,
    29154,
    29217,
    29432,
    29449,
    29873,
    30101,
    30140,
    30247,
    30300,
    30325,
    30883,
    30925,
    31048,
    31151,
    31613,
    31662,
    31663,
    31664,
    31665,
    31974,
    32215,
    32219,
    32221,
    32222,
    32261,
    32410,
    32437,
    32474,
    33362,
    33693,
    33694,
    33956,
    34715,
    34914,
    35137,
    35497,
    36873,
    36889,
    37723,
    37945,
    38551,
    39269,
    39270,
    39271,
    39374,
    39483,
    39859,
    39862,
    39864,
    66119,
    93042,
    113300,
    113302,
    113304,
    113306,
    113308,
    113309,
    113310,
    113311,
    113312,
    113313,
    113315,
    113317,
    113319,
    113320,
    113327,
    113332,
    113333,
    113334,
    113338,
    113345,
    113800,
    114379,
    114531,
    114608,
    114614,
    114616,
    114647,
    114649,
    114651,
    114663,
    115037,
    115064,
    115068,
    115074,
    115298,
    115304,
    115528,
    115529,
    116038,
    116229,
    116231,
    117599,
    117970,
    118565,
    118566,
    118599,
    118959,
    120121,
    120928,
    121066,
    121114,
    121774,
    122028,
    122188,
    122189,
    122807,
    123144,
    123575,
    123624,
    124653,
    124973,
    125146,
    125166,
    125167,
    125620,
    125621,
    125737,
    125817,
    125818,
    125819
  ],
  "y_pred": [
    3,
    4,
    4,
    4,
    4,
    4,
    4,
    4,
    4,
    4,
    1,
    2,
    3,
    4,
    4,
    4,
    4,
    4,
    2,
    4,
    1,
    1,
    1,
    4,
    4,
    3,
    4,
    4,
    1,
    2,
    2,
    2,
    2,
    4,
    4,
    2,
    4,
    4,
    4,
    4,
    2,
    2,
    2,
    3,
    3,
    3,
    4,
    4,
    4,
    2,
    2,
    2,
    4,
    4,
    3,
    3,
    3,
    3,
    3,
    3,
    3,
    4,
    4,
    2,
    4,
    4,
    4,
    3,
    4,
    3,
    3,
    2,
    4,
    2,
    1,
    1,
    2,
    2,
    0,
    4,
    4,
    0,
    0,
    4,
    3,
    2,
    2,
    2,
    4,
    4,
    4,
    4,
    4,
    4,
    2,
    4,
    2,
    4,
    2,
    4,
    3,
    3,
    3,
    4,
    4,
    2,
    2,
    2,
    5,
    5,
    5,
    5,
    5,
    5,
    5,
    5,
    5,
    5,
    5,
    5,
    5,
    5,
    5,
    5,
    5,
    5,
    5,
    5,
    5,
    4,
    2,
    2,
    4,
    0,
    0,
    0,
    0,
    0,
    0,
    2,
    0,
    4,
    0,
    0,
    0,
    0,
    4,
    4,
    2,
    3,
    3,
    2,
    4,
    2,
    2,
    4,
    4,
    2,
    3,
    4,
    4,
    4,
    2,
    4,
    4,
    2,
    4,
    4,
    2,
    2,
    4,
    3,
    4,
    4,
    4,
    4,
    4,
    2,
    2,
    2
  ],
  "y_true": [
    0,
    0,
    0,
    0,
    0,
    0,
    0,
    0,
    0,
    0,
    0,
    0,
    0,
    0,
    0,
    0,
    0,
    0,
    0,
    0,
    0,
    0,
    0,
    0,
    0,
    0,
    0,
    0,
    0,
    0,
    0,
    0,
    0,
    0,
    0,
    0,
    0,
    0,
    0,
    0,
    0,
    0,
    0,
    2,
    2,
    0,
    0,
    0,
    0,
    0,
    0,
    0,
    0,
    0,
    0,
    0,
    0,
    0,
    0,
    0,
    0,
    0,
    0,
    0,
    0,
    0,
    0,
    0,
    0,
    0,
    0,
    0,
    0,
    0,
    0,
    0,
    0,
    0,
    4,
    0,
    0,
    4,
    4,
    0,
    0,
    0,
    0,
    0,
    0,
    0,
    0,
    0,
    0,
    0,
    0,
    0,
    0,
    0,
    0,
    0,
    0,
    0,
    0,
    5,
    5,
    5,
    5,
    5,
    0,
    0,
    0,
    0,
    0,
    0,
    0,
    0,
    0,
    0,
    0,
    0,
    0,
    0,
    0,
    0,
    0,
    0,
    0,
    0,
    0,
    0,
    0,
    0,
    0,
    5,
    5,
    5,
    5,
    5,
    5,
    0,
    5,
    0,
    5,
    5,
    5,
    5,
    0,
    0,
    0,
    0,
    0,
    0,
    0,
    0,
    0,
    0,
    0,
    0,
    0,
    0,
    0,
    0,
    0,
    0,
    0,
    0,
    0,
    0,
    0,
    0,
    0,
    0,
    0,
    0,
    0,
    0,
    0,
    0,
    0,
    0
  ]
}