{
  "Accuracy": 0.9992443976059334,
  "Macro Precision": 0.7383084550030464,
  "Macro Recall": 0.8489911543192029,
  "Macro F1": 0.7848478238777424,
  "False Alarms": 17,
  "False Alarm Rate": 0.0008148006134969325,
  "Missed Attacks": 18,
  "Detection Rate": 0.9993882544861338,
  "Confusion Matrix (actual_pred)": [
    [
      20847,
      3,
      3,
      3,
      6,
      2
    ],
    [
      0,
      8,
      0,
      0,
      0,
      0
    ],
    [
      1,
      0,
      6,
      2,
      0,
      0
    ],
    [
      0,
      0,
      0,
      14,
      0,
      0
    ],
    [
      4,
      0,
      0,
      0,
      3,
      0
    ],
    [
      13,
      0,
      0,
      0,
      1,
      29375
    ]
  ],
  "misclassified_indices": [
    7940,
    8408,
    9423,
    10144,
    10435,
    10470,
    10801,
    11705,
    11708,
    11734,
    12691,
    12706,
    12831,
    12834,
    12918,
    12919,
    15767,
    15814,
    15953,
    26325,
    45331,
    45341,
    45886,
    45887,
    45889,
    45899,
    45901,
    45902,
    46047,
    46056,
    46061,
    46146,
    46148,
    49836,
    50037,
    50203,
    50204,
    50255
  ],
  "real_flow_indices": [
    19583,
    20729,
    23251,
    25171,
    25976,
    26060,
    26877,
    29148,
    29154,
    29217,
    31613,
    31662,
    31974,
    31981,
    32221,
    32222,
    39374,
    39483,
    39859,
    66119,
    113300,
    113315,
    114608,
    114614,
    114616,
    114647,
    114649,
    114651,
    115037,
    115068,
    115074,
    115298,
    115304,
    124653,
    125167,
    125620,
    125621,
    125737
  ],
  "y_pred": [
    2,
    4,
    2,
    3,
    3,
    0,
    4,
    3,
    3,
    3,
    1,
    1,
    0,
    0,
    0,
    0,
    0,
    0,
    4,
    5,
    5,
    1,
    0,
    0,
    0,
    0,
    0,
    0,
    0,
    0,
    0,
    0,
    0,
    2,
    4,
    4,
    4,
    4
  ],
  "y_true": [
    0,
    0,
    0,
    2,
    2,
    2,
    0,
    0,
    0,
    0,
    0,
    0,
    4,
    4,
    4,
    4,
    5,
    5,
    5,
    0,
    0,
    0,
    5,
    5,
    5,
    5,
    5,
    5,
    5,
    5,
    5,
    5,
    5,
    0,
    0,
    0,
    0,
    0
  ]
}