{
  "Accuracy": 0.9994436349185323,
  "Macro Precision": 0.8530152253854918,
  "Macro Recall": 0.8887480611298298,
  "Macro F1": 0.8695079818939307,
  "False Alarms": 4,
  "False Alarm Rate": 0.00025518341307814995,
  "Missed Attacks": 15,
  "Detection Rate": 0.9993202827623708,
  "Confusion Matrix (actual_pred)": [
    [
      15671,
      1,
      0,
      0,
      3,
      0
    ],
    [
      0,
      6,
      0,
      0,
      0,
      0
    ],
    [
      1,
      0,
      5,
      0,
      0,
      0
    ],
    [
      0,
      0,
      0,
      10,
      0,
      0
    ],
    [
      2,
      0,
      1,
      0,
      3,
      0
    ],
    [
      12,
      0,
      0,
      0,
      1,
      22029
    ]
  ],
  "misclassified_indices": [
    6290,
    6333,
    6351,
    7111,
    7573,
    9661,
    9668,
    9727,
    11933,
    34478,
    34479,
    34480,
    34482,
    34493,
    34495,
    34496,
    34497,
    34507,
    34595,
    34596,
    34668
  ],
  "real_flow_indices": [
    20539,
    20670,
    20729,
    23250,
    24927,
    31965,
    31981,
    32216,
    39483,
    114604,
    114608,
    114612,
    114616,
    114645,
    114655,
    114657,
    114659,
    114702,
    115033,
    115035,
    115296
  ],
  "y_pred": [
    4,
    4,
    4,
    1,
    0,
    0,
    0,
    2,
    4,
    0,
    0,
    0,
    0,
    0,
    0,
    0,
    0,
    0,
    0,
    0,
    0
  ],
  "y_true": [
    0,
    0,
    0,
    0,
    2,
    4,
    4,
    4,
    5,
    5,
    5,
    5,
    5,
    5,
    5,
    5,
    5,
    5,
    5,
    5,
    5
  ]
}