{
  "Accuracy": 0.9939949493945238,
  "Macro Precision": 0.4177767202557181,
  "Macro Recall": 0.8283902658184296,
  "Macro F1": 0.47361039851483705,
  "False Alarms": 272,
  "False Alarm Rate": 0.01303680981595092,
  "Missed Attacks": 14,
  "Detection Rate": 0.9995239876236782,
  "Confusion Matrix (actual_pred)": [
    [
      20592,
      30,
      102,
      39,
      82,
      19
    ],
    [
      0,
      8,
      0,
      0,
      0,
      0
    ],
    [
      1,
      0,
      5,
      2,
      1,
      0
    ],
    [
      0,
      0,
      0,
      14,
      0,
      0
    ],
    [
      1,
      0,
      3,
      0,
      3,
      0
    ],
    [
      12,
      8,
      1,
      0,
      1,
      29367
    ]
  ],
  "misclassified_indices": [
    3549,
    3659,
    3660,
    3661,
    3662,
    6022,
    6189,
    7030,
    7120,
    7121,
    7122,
    7644,
    7729,
    7909,
    8179,
    8210,
    8382,
    8408,
    8409,
    8410,
    8411,
    8531,
    8751,
    8785,
    8786,
    8787,
    8788,
    8789,
    8790,
    8791,
    8796,
    8797,
    8798,
    8799,
    8800,
    8801,
    8802,
    8803,
    8804,
    8805,
    8806,
    8807,
    8877,
    8878,
    8955,
    9067,
    9068,
    9226,
    9227,
    9228,
    9333,
    9362,
    9423,
    9490,
    9517,
    9518,
    9526,
    9582,
    9583,
    9584,
    9653,
    9654,
    9655,
    9660,
    9731,
    9752,
    9786,
    9787,
    9788,
    9851,
    9948,
    10034,
    10045,
    10144,
    10150,
    10253,
    10284,
    10285,
    10374,
    10375,
    10376,
    10377,
    10378,
    10435,
    10436,
    10437,
    10439,
    10442,
    10470,
    10526,
    10543,
    10544,
    10587,
    10768,
    10769,
    10770,
    10771,
    10801,
    10802,
    10803,
    10804,
    11066,
    11358,
    11359,
    11416,
    11449,
    11450,
    11451,
    11667,
    11672,
    11702,
    11703,
    11705,
    11708,
    11734,
    11735,
    11821,
    12087,
    12088,
    12094,
    12166,
    12376,
    12445,
    12663,
    12691,
    12706,
    12707,
    12708,
    12709,
    12829,
    12831,
    12836,
    12906,
    12907,
    12908,
    12909,
    12916,
    12917,
    12918,
    12919,
    12932,
    13004,
    13281,
    13282,
    13513,
    13514,
    13515,
    13734,
    13789,
    13790,
    13791,
    13907,
    13933,
    14077,
    14112,
    14113,
    14204,
    14206,
    14230,
    14746,
    14747,
    14748,
    14749,
    14782,
    14852,
    15000,
    15001,
    15060,
    15061,
    15062,
    15200,
    15210,
    15211,
    15353,
    15354,
    15355,
    15356,
    15364,
    15386,
    15387,
    15389,
    15408,
    15449,
    15450,
    15451,
    15452,
    15629,
    15630,
    15631,
    15663,
    15693,
    15694,
    15695,
    15724,
    15725,
    15726,
    15727,
    15730,
    15767,
    15814,
    15932,
    15953,
    15954,
    15955,
    15956,
    15957,
    15958,
    15959,
    15960,
    15961,
    26325,
    37252,
    45331,
    45332,
    45333,
    45334,
    45335,
    45336,
    45337,
    45338,
    45339,
    45340,
    45341,
    45342,
    45343,
    45344,
    45345,
    45346,
    45347,
    45348,
    45349,
    45350,
    45351,
    45352,
    45353,
    45354,
    45355,
    45407,
    45540,
    45848,
    45886,
    45887,
    45889,
    45899,
    45901,
    45902,
    45993,
    46047,
    46055,
    46056,
    46057,
    46061,
    46090,
    46146,
    46148,
    46235,
    46236,
    46476,
    46477,
    46536,
    46574,
    46575,
    46723,
    46850,
    46851,
    46852,
    46891,
    47179,
    47206,
    47584,
    47585,
    47842,
    48299,
    48300,
    48301,
    48368,
    48369,
    48370,
    48371,
    48372,
    48665,
    48768,
    48835,
    48836,
    49237,
    49406,
    49740,
    49741,
    49836,
    49954,
    49955,
    49956,
    50023,
    50036,
    50037,
    50038,
    50203,
    50204,
    50246,
    50255,
    50256,
    50257
  ],
  "real_flow_indices": [
    8825,
    9071,
    9072,
    9073,
    9074,
    14797,
    15201,
    17329,
    17564,
    17565,
    17566,
    18807,
    19041,
    19499,
    20159,
    20247,
    20670,
    20729,
    20734,
    20735,
    20737,
    21026,
    21579,
    21667,
    21669,
    21670,
    21675,
    21681,
    21682,
    21683,
    21692,
    21694,
    21696,
    21698,
    21700,
    21701,
    21703,
    21704,
    21705,
    21706,
    21707,
    21709,
    21909,
    21910,
    22089,
    22357,
    22358,
    22747,
    22748,
    22749,
    23035,
    23114,
    23251,
    23439,
    23519,
    23521,
    23566,
    23717,
    23718,
    23721,
    23882,
    23884,
    23885,
    23901,
    24096,
    24134,
    24215,
    24216,
    24217,
    24392,
    24660,
    24903,
    24928,
    25171,
    25190,
    25456,
    25562,
    25563,
    25802,
    25806,
    25809,
    25810,
    25811,
    25976,
    25977,
    25978,
    25982,
    25991,
    26060,
    26197,
    26238,
    26239,
    26357,
    26803,
    26808,
    26809,
    26810,
    26877,
    26878,
    26881,
    26882,
    27590,
    28255,
    28256,
    28405,
    28497,
    28498,
    28499,
    29041,
    29052,
    29142,
    29143,
    29148,
    29154,
    29217,
    29221,
    29432,
    30101,
    30105,
    30115,
    30300,
    30793,
    30974,
    31550,
    31613,
    31662,
    31663,
    31664,
    31665,
    31969,
    31974,
    31985,
    32194,
    32196,
    32197,
    32199,
    32215,
    32219,
    32221,
    32222,
    32261,
    32437,
    33113,
    33115,
    33693,
    33694,
    33700,
    34248,
    34406,
    34407,
    34408,
    34715,
    34783,
    35137,
    35226,
    35227,
    35495,
    35497,
    35542,
    36789,
    36790,
    36794,
    36795,
    36873,
    37048,
    37385,
    37386,
    37552,
    37554,
    37557,
    37929,
    37947,
    37949,
    38300,
    38301,
    38302,
    38303,
    38327,
    38381,
    38382,
    38390,
    38433,
    38551,
    38553,
    38557,
    38559,
    39008,
    39010,
    39015,
    39100,
    39179,
    39182,
    39183,
    39269,
    39270,
    39271,
    39273,
    39280,
    39374,
    39483,
    39800,
    39859,
    39862,
    39864,
    39867,
    39870,
    39875,
    39877,
    39880,
    39881,
    66119,
    93042,
    113300,
    113302,
    113304,
    113306,
    113308,
    113309,
    113310,
    113311,
    113312,
    113313,
    113315,
    113317,
    113319,
    113320,
    113327,
    113332,
    113333,
    113334,
    113338,
    113345,
    113346,
    113347,
    113348,
    113349,
    113350,
    113483,
    113800,
    114531,
    114608,
    114614,
    114616,
    114647,
    114649,
    114651,
    114891,
    115037,
    115064,
    115068,
    115069,
    115074,
    115150,
    115298,
    115304,
    115528,
    115529,
    116095,
    116096,
    116231,
    116336,
    116338,
    116704,
    117074,
    117076,
    117078,
    117167,
    117970,
    118033,
    118959,
    118960,
    119696,
    120862,
    120863,
    120864,
    121063,
    121064,
    121066,
    121067,
    121069,
    121774,
    122028,
    122188,
    122189,
    123148,
    123575,
    124416,
    124419,
    124653,
    124975,
    124976,
    124978,
    125146,
    125166,
    125167,
    125169,
    125620,
    125621,
    125710,
    125737,
    125738,
    125741
  ],