{
  "accuracy": 0.731416535855505,
  "precision": 0.6224319077119863,
  "recall": 0.726480386530339,
  "f1": 0.6650071452859351,
  "confusion_matrix": [
    [
      36776,
      0,
      3,
      3,
      3,
      0
    ],
    [
      0,
      7,
      1,
      0,
      0,
      0
    ],
    [
      1,
      0,
      7,
      1,
      0,
      0
    ],
    [
      0,
      0,
      1,
      13,
      0,
      0
    ],
    [
      1,
      0,
      1,
      0,
      7,
      0
    ],
    [
      13502,
      0,
      0,
      0,
      0,
      0
    ]
  ],
  "misclassified_info": {}
}