{
  "accuracy": 0.9994436386035329,
  "precision": 0.8554041635458663,
  "recall": 0.7727277876253101,
  "f1": 0.8084939168937195,
  "confusion_matrix": [
    [
      20898,
      0,
      2,
      0,
      0,
      0
    ],
    [
      0,
      7,
      1,
      0,
      0,
      0
    ],
    [
      4,
      0,
      3,
      2,
      0,
      0
    ],
    [
      0,
      0,
      4,
      10,
      0,
      0
    ],
    [
      2,
      0,
      0,
      0,
      5,
      0
    ],
    [
      13,
      0,
      0,
      0,
      0,
      29376
    ]
  ]
}