{
  "Accuracy": 0.9998211126791358,
  "Macro Precision": 0.7142757733349617,
  "Macro Recall": 0.9284919120319883,
  "Macro F1": 0.7856695545485914,
  "False Alarms": 8,
  "False Alarm Rate": 0.00015903307888040714,
  "Missed Attacks": 1,
  "Detection Rate": 0.8571428571428571,
  "Confusion Matrix (actual_pred)": [
    [
      50296,
      8
    ],
    [
      1,
      6
    ]
  ],
  "Misclassified Info": {
    "total_misclassified": 9,
    "per_phase": {
      "0": 7,
      "1": 0,
      "2": 0,
      "3": 0,
      "4": 1,
      "5": 1
    }
  }
}