{
  "accuracy": 0.9926648573314751,
  "micro_f1": 0.9926648573314751,
  "macro_f1": 0.9896671978210543,
  "false_alarms": 88,
  "false_alarm_rate": 0.027646874018221804,
  "missed_attacks": 12,
  "detection_rate": 0.9988516746411483,
  "classes": [
    "benign",
    "anomaly"
  ],
  "per_class": {
    "benign": {
      "TP": 3095,
      "FP": 12,
      "FN": 88,
      "precision": 0.9961377534599292,
      "recall": 0.9723531259817781,
      "f1": 0.9841017488076311
    },
    "anomaly": {
      "TP": 10438,
      "FP": 88,
      "FN": 12,
      "precision": 0.9916397491924758,
      "recall": 0.9988516746411483,
      "f1": 0.9952326468344774
    }
  },
  "threshold": 0.09702036856102056,
  "missclassified": {
    "total_misclassified": 100,
    "per_phase": {
      "0": 88,
      "1": 0,
      "2": 0,
      "3": 4,
      "4": 4
    }
  },
  "True Phase Distribution": {
    "0": 3183,
    "5": 10183,
    "1": 230,
    "3": 24,
    "2": 7,
    "4": 6
  },
  "confusion_matrix": [
    [
      3095,
      88
    ],
    [
      12,
      10438
    ]
  ]
}