{
  "accuracy": 0.9735201349666252,
  "micro_f1": 0.9735201349666252,
  "macro_f1": 0.9643153773315678,
  "false_alarms": 9,
  "false_alarm_rate": 0.002827521206409048,
  "missed_attacks": 352,
  "detection_rate": 0.9663157894736842,
  "classes": [
    "benign",
    "anomaly"
  ],
  "per_class": {
    "benign": {
      "TP": 3174,
      "FP": 352,
      "FN": 9,
      "precision": 0.9001701644923426,
      "recall": 0.9971724787935909,
      "f1": 0.9461916828141302
    },
    "anomaly": {
      "TP": 10098,
      "FP": 9,
      "FN": 352,
      "precision": 0.9991095280498664,
      "recall": 0.9663157894736842,
      "f1": 0.9824390718490051
    }
  },
  "threshold": 8.530186651203474,
  "missclassified": {
    "total_misclassified": 361,
    "per_phase": {
      "0": 9,
      "1": 161,
      "2": 7,
      "3": 24,
      "4": 6
    }
  },
  "True Phase Distribution": {
    "0": 3183,
    "5": 10183,
    "1": 230,
    "3": 24,
    "2": 7,
    "4": 6
  },
  "confusion_matrix": [
    [
      3174,
      9
    ],
    [
      352,
      10098
    ]
  ]
}