{
  "Accuracy": 0.9791365376435559,
  "Macro Precision": 0.872018851780187,
  "Macro Recall": 0.9488307415895243,
  "Macro F1": 0.9062632821830697,
  "False Alarms": 2304,
  "False Alarm Rate": 0.017251965555971548,
  "Missed Attacks": 639,
  "Detection Rate": 0.91491344873502,
  "Confusion Matrix (actual_pred)": [
    [
      131246,
      2304
    ],
    [
      639,
      6871
    ]
  ],
  "Misclassified Info": {
    "total_misclassified": 2943,
    "per_phase": {
      "0": 2304,
      "1": 336,
      "2": 268,
      "3": 2,
      "4": 33,
      "5": 0
    }
  }
}