{"accuracy": [0.9953629970550537, 0.9605046510696411, 0.9862951040267944, 0.9998233318328857, 0.9997938871383667, 0.998910665512085, 0.9997938871383667, 0.9998527765274048, 0.9998969435691833, 0.9991315007209778], "loss": [1.4559926986694336, 0.13140766322612762, 0.0415232852101326, 0.006806363817304373, 0.0042592803947627544, 0.0062576099298894405, 0.0024906513281166553, 0.001249463763087988, 0.0005319523625075817, 0.006401940248906612], "val_accuracy": [0.7172760963439941, 0.9992051124572754, 0.9997350573539734, 0.9997350573539734, 0.9997350573539734, 0.9997350573539734, 0.999470055103302, 0.9997350573539734, 0.9997350573539734, 0.9997350573539734], "val_loss": [0.12683707475662231, 0.015596278011798859, 0.006363247986882925, 0.0034372578375041485, 0.0010853658895939589, 0.0015114117413759232, 0.0036512259393930435, 0.00154240638948977, 0.00117842061445117, 0.0017830881988629699]}