{"accuracy": 0.9998013350286078, "precision": 0.6, "recall": 0.6923076923076923, "f1": 0.6428571428571429, "confusion_matrix": [[50317, 6], [4, 9]]}