{
  "Accuracy": 0.9991847440805331,
  "Macro Precision": 0.9110414608588264,
  "Macro Recall": 0.9554965547692367,
  "Macro F1": 0.9304803447211807,
  "False Alarms": 101,
  "False Alarm Rate": 0.0007562710595282665,
  "Missed Attacks": 14,
  "Detection Rate": 0.9981358189081225,
  "Confusion Matrix (actual_pred)": [
    [
      133449,
      7,
      81,
      4,
      9
    ],
    [
      0,
      5141,
      0,
      0,
      0
    ],
    [
      2,
      0,
      2266,
      0,
      0
    ],
    [
      1,
      0,
      0,
      9,
      0
    ],
    [
      11,
      0,
      0,
      0,
      80
    ]
  ],
  "misclassified_indices": [
    2279,
    2290,
    2291,
    66755,
    70430,
    100432,
    101516,
    109862,
    115335,
    115336,
    115881,
    115883,
    115885,
    115924,
    115925,
    116023,
    116062,
    116063,
    116064,
    116065,
    116066,
    116067,
    116100,
    116101,
    116102,
    116103,
    116250,
    116357,
    116603,
    116757,
    117008,
    117385,
    117868,
    118365,
    119458,
    119589,
    119767,
    120105,
    120777,
    120778,
    121669,
    121686,
    121689,
    121693,
    121727,
    121731,
    124275,
    124278,
    124280,
    124287,
    124289,
    124301,
    124312,
    124317,
    124330,
    124342,
    124344,
    124345,
    124348,
    124349,
    124355,
    124357,
    124359,
    124362,
    124363,
    124366,
    124367,
    124478,
    124479,
    124482,
    124483,
    124484,
    124485,
    124488,
    124489,
    124497,
    124499,
    124504,
    124508,
    124509,
    124511,
    124512,
    124514,
    124517,
    124518,
    124521,
    124522,
    124532,
    124539,
    124541,
    124574,
    124577,
    124589,
    124593,
    124594,
    124611,
    124625,
    124667,
    125063,
    125357,
    125429,
    125430,
    125440,
    125589,
    125590,
    125591,
    125613,
    125677,
    126101,
    126135,
    127332,
    135081,
    135088,
    135089,
    135096
  ],
  "real_flow_indices": [
    6081,
    6112,
    6113,
    167482,
    176666,
    251743,
    254451,
    275300,
    288987,
    288989,
    290329,
    290333,
    290335,
    290411,
    290413,
    290635,
    290716,
    290720,
    290721,
    290722,
    290723,
    290724,
    290805,
    290806,
    290808,
    290809,
    291138,
    291390,
    292001,
    292374,
    292962,
    293889,
    295111,
    296342,
    299099,
    299399,
    299864,
    300670,
    302310,
    302311,
    304635,
    304670,
    304685,
    304695,
    304763,
    304776,
    311245,
    311256,
    311263,
    311273,
    311281,
    311303,
    311320,
    311328,
    311363,
    311390,
    311393,
    311399,
    311406,
    311408,
    311426,
    311431,
    311438,
    311443,
    311447,
    311453,
    311454,
    311737,
    311744,
    311753,
    311754,
    311755,
    311756,
    311767,
    311770,
    311790,
    311795,
    311808,
    311813,
    311816,
    311819,
    311822,
    311825,
    311831,
    311834,
    311843,
    311846,
    311863,
    311891,
    311897,
    311986,
    311990,
    312016,
    312024,
    312025,
    312067,
    312104,
    312206,
    313230,
    313935,
    314133,
    314134,
    314154,
    314508,
    314509,
    314510,
    314546,
    314705,
    315789,
    315870,
    318666,
    337998,
    338013,
    338014,
    338029
  ],
  "y_pred": [
    1,
    1,
    1,
    1,
    1,
    1,
    1,
    2,
    2,
    2,
    2,
    2,
    2,
    2,
    2,
    2,
    2,
    2,
    2,
    2,
    2,
    2,
    2,
    2,
    2,
    2,
    2,
    2,
    2,
    2,
    2,
    2,
    2,
    2,
    2,
    2,
    2,
    2,
    2,
    2,
    2,
    2,
    2,
    2,
    2,
    2,
    2,
    2,
    2,
    0,
    0,
    2,
    2,
    2,
    2,
    2,
    2,
    2,
    2,
    2,
    2,
    2,
    2,
    2,
    2,
    2,
    2,
    2,
    2,
    2,
    2,
    2,
    2,
    2,
    2,
    2,
    2,
    2,
    2,
    2,
    2,
    2,
    2,
    2,
    2,
    2,
    2,
    2,
    2,
    2,
    4,
    4,
    0,
    3,
    3,
    3,
    3,
    0,
    0,
    0,
    0,
    0,
    0,
    0,
    0,
    0,
    0,
    0,
    4,
    4,
    4,
    4,
    4,
    4,
    4
  ],
  "y_true": [
    0,
    0,
    0,
    0,
    0,
    0,
    0,
    0,
    0,
    0,
    0,
    0,
    0,
    0,
    0,
    0,
    0,
    0,
    0,
    0,
    0,
    0,
    0,
    0,
    0,
    0,
    0,
    0,
    0,
    0,
    0,
    0,
    0,
    0,
    0,
    0,
    0,
    0,
    0,
    0,
    0,
    0,
    0,
    0,
    0,
    0,
    0,
    0,
    0,
    2,
    2,
    0,
    0,
    0,
    0,
    0,
    0,
    0,
    0,
    0,
    0,
    0,
    0,
    0,
    0,
    0,
    0,
    0,
    0,
    0,
    0,
    0,
    0,
    0,
    0,
    0,
    0,
    0,
    0,
    0,
    0,
    0,
    0,
    0,
    0,
    0,
    0,
    0,
    0,
    0,
    0,
    0,
    3,
    0,
    0,
    0,
    0,
    4,
    4,
    4,
    4,
    4,
    4,
    4,
    4,
    4,
    4,
    4,
    0,
    0,
    0,
    0,
    0,
    0,
    0
  ]
}