{
  "Accuracy": 0.9980788317028215,
  "Macro Precision": 0.7353162871556461,
  "Macro Recall": 0.9462204248684364,
  "Macro F1": 0.7989176467877872,
  "False Alarms": 259,
  "False Alarm Rate": 0.0019393485585922875,
  "Missed Attacks": 10,
  "Detection Rate": 0.9986680873734683,
  "Confusion Matrix (actual_pred)": [
    [
      133291,
      100,
      16,
      134,
      9
    ],
    [
      1,
      2267,
      0,
      0,
      0
    ],
    [
      0,
      2,
      8,
      0,
      0
    ],
    [
      6,
      0,
      0,
      85,
      0
    ],
    [
      3,
      0,
      0,
      0,
      5138
    ]
  ],
  "misclassified_indices": [
    2288,
    2301,
    9079,
    24598,
    38072,
    47944,
    67598,
    67722,
    70320,
    70441,
    71483,
    72986,
    73830,
    73831,
    74697,
    84727,
    97285,
    98460,
    98980,
    101516,
    103067,
    103544,
    103545,
    103546,
    109494,
    109859,
    109862,
    109863,
    109865,
    115333,
    115334,
    115872,
    115875,
    115876,
    115877,
    115916,
    116017,
    116058,
    116059,
    116060,
    116061,
    116062,
    116063,
    116096,
    116098,
    116099,
    116352,
    116598,
    116751,
    117004,
    118362,
    119446,
    119448,
    119576,
    119755,
    120090,
    120296,
    120762,
    120763,
    121672,
    121688,
    121693,
    121698,
    121732,
    121738,
    124271,
    124274,
    124292,
    124301,
    124302,
    124306,
    124316,
    124321,
    124326,
    124333,
    124334,
    124336,
    124339,
    124341,
    124342,
    124347,
    124349,
    124354,
    124358,
    124361,
    124365,
    124366,
    124373,
    124375,
    124423,
    124429,
    124430,
    124436,
    124437,
    124444,
    124448,
    124451,
    124453,
    124458,
    124461,
    124465,
    124467,
    124468,
    124480,
    124481,
    124483,
    124484,
    124485,
    124486,
    124489,
    124491,
    124496,
    124499,
    124503,
    124504,
    124506,
    124508,
    124510,
    124512,
    124514,
    124515,
    124518,
    124520,
    124522,
    124531,
    124537,
    124540,
    124543,
    124549,
    124550,
    124552,
    124557,
    124570,
    124575,
    124578,
    124579,
    124581,
    124582,
    124586,
    124587,
    124592,
    124593,
    124594,
    124607,
    124610,
    124618,
    124623,
    124646,
    124649,
    124932,
    125345,
    125665,
    125666,
    125770,
    125775,
    125935,
    125936,
    126030,
    126059,
    126067,
    126068,
    126086,
    126101,
    126135,
    126244,
    126270,
    126280,
    126317,
    126327,
    126379,
    126527,
    126528,
    127333,
    127461,
    128551,
    128552,
    128553,
    128556,
    128557,
    128758,
    128760,
    128886,
    128889,
    128890,
    128917,
    129582,
    129792,
    129817,
    129989,
    129992,
    129994,
    129995,
    129996,
    130052,
    130054,
    130055,
    130064,
    130065,
    130091,
    130224,
    130372,
    130373,
    130388,
    130390,
    130461,
    130462,
    130463,
    131798,
    131799,
    131800,
    131811,
    132107,
    132108,
    132109,
    132111,
    132112,
    132113,
    135015,
    135016,
    135056,
    135081,
    135088,
    135089,
    135137,
    135158,
    135165,
    135166,
    135174,
    135187,
    135188,
    135222,
    135277,
    135284,
    135285,
    135449,
    135450,
    135451,
    135452,
    135615,
    135620,
    135687,
    135688,
    135904,
    136594,
    137087,
    137292,
    137293,
    137300,
    137302,
    137429,
    137431,
    137454,
    137503,
    137524,
    137528,
    137655,
    137657,
    138188,
    138190,
    138618,
    138627,
    138741,
    138933,
    139987,
    139988,
    139989,
    139990,
    139991,
    139992,
    139996,
    140357
  ],
  "real_flow_indices": [
    6081,
    6113,
    23081,
    61933,
    95505,
    120013,
    169599,
    169910,
    176334,
    176666,
    179307,
    183108,
    185174,
    185176,
    187309,
    212500,
    243852,
    246642,
    248060,
    254451,
    258340,
    259561,
    259562,
    259563,
    274416,
    275293,
    275300,
    275301,
    275305,
    288987,
    288989,
    290326,
    290333,
    290334,
    290335,
    290411,
    290635,
    290716,
    290720,
    290721,
    290722,
    290723,
    290724,
    290805,
    290808,
    290809,
    291390,
    292001,
    292373,
    292962,
    296342,
    299097,
    299099,
    299391,
    299864,
    300670,
    301154,
    302310,
    302311,
    304635,
    304670,
    304685,
    304695,
    304763,
    304776,
    311256,
    311263,
    311303,
    311320,
    311323,
    311328,
    311347,
    311363,
    311371,
    311390,
    311393,
    311399,
    311406,
    311408,
    311414,
    311426,
    311431,
    311438,
    311443,
    311447,
    311453,
    311454,
    311474,
    311481,
    311596,
    311611,
    311614,
    311632,
    311635,
    311656,
    311671,
    311674,
    311677,
    311692,
    311698,
    311707,
    311713,
    311716,
    311744,
    311749,
    311753,
    311754,
    311755,
    311756,
    311767,
    311770,
    311790,
    311795,
    311808,
    311813,
    311816,
    311819,
    311822,
    311825,
    311831,
    311834,
    311838,
    311843,
    311846,
    311863,
    311891,
    311897,
    311903,
    311919,
    311920,
    311924,
    311937,
    311972,
    311986,
    311990,
    311991,
    311995,
    311998,
    312007,
    312011,
    312023,
    312024,
    312025,
    312056,
    312067,
    312089,
    312104,
    312150,
    312155,
    312876,
    313889,
    314684,
    314685,
    314927,
    314944,
    315354,
    315355,
    315622,
    315695,
    315715,
    315716,
    315756,
    315789,
    315870,
    316139,
    316205,
    316233,
    316310,
    316329,
    316439,
    316770,
    316771,
    318667,
    319014,
    321761,
    321764,
    321765,
    321768,
    321770,
    322278,
    322282,
    322635,
    322645,
    322646,
    322705,
    324251,
    324785,
    324837,
    325255,
    325259,
    325266,
    325271,
    325272,
    325440,
    325443,
    325446,
    325465,
    325466,
    325522,
    325851,
    326252,
    326254,
    326284,
    326293,
    326451,
    326452,
    326453,
    329923,
    329926,
    329931,
    329954,
    330656,
    330657,
    330658,
    330663,
    330664,
    330665,
    337831,
    337832,
    337932,
    337998,
    338013,
    338014,
    338116,
    338165,
    338177,
    338178,
    338192,
    338232,
    338236,
    338304,
    338444,
    338457,
    338458,
    338954,
    338957,
    338958,
    338960,
    339376,
    339389,
    339551,
    339552,
    340069,
    341728,
    342948,
    343446,
    343447,
    343476,
    343480,
    343767,
    343771,
    343834,
    343948,
    343996,
    344005,
    344316,
    344319,
    345670,
    345677,
    346759,
    346783,
    347069,
    347546,
    350123,
    350126,
    350128,
    350132,
    350133,
    350134,
    350138,
    351048
  ],