{
  "Accuracy": 0.9993641584040376,
  "Macro Precision": 0.9992765685593648,
  "Macro Recall": 0.9994146881676058,
  "Macro F1": 0.9993454563461688,
  "False Alarms": 6,
  "False Alarm Rate": 0.00028708133971291867,
  "Missed Attacks": 26,
  "Detection Rate": 0.9991164576749244,
  "Confusion Matrix (actual_pred)": [
    [
      20894,
      6
    ],
    [
      26,
      29401
    ]
  ],
  "Misclassified Info": {
    "total_misclassified": 32,
    "per_phase": {
      "0": 6,
      "1": 1,
      "2": 3,
      "3": 3,
      "4": 4,
      "5": 15
    }
  }
}