{"accuracy": [0.7297869920730591, 0.7322745323181152, 0.7322745323181152, 0.7322745323181152, 0.7322745323181152, 0.7322745323181152, 0.7322745323181152, 0.7322598099708557, 0.7322745323181152, 0.7322745323181152], "loss": [0.4072594940662384, 0.40222612023353577, 0.40222060680389404, 0.40216460824012756, 0.40208935737609863, 0.4020063877105713, 0.401900976896286, 0.40193089842796326, 0.4018818140029907, 0.4019136428833008], "val_accuracy": [0.7325473427772522, 0.7325473427772522, 0.7325473427772522, 0.7325473427772522, 0.7325473427772522, 0.7325473427772522, 0.7325473427772522, 0.7325473427772522, 0.7325473427772522, 0.7325473427772522], "val_loss": [0.4020863175392151, 0.40217143297195435, 0.4018838107585907, 0.4019835293292999, 0.40187308192253113, 0.40202125906944275, 0.4024123251438141, 0.4024306833744049, 0.4029873311519623, 0.40249404311180115]}