,avg_inference_time,std_inference_time
darpa_temp_context_pretrained_base_w10_full_0.001lr,0.005603009421562113,0.03882619846374057
darpa_temp_baseline_endtoend_base_w10_full_0.001lr,0.0021895402650693742,0.02199568970294786
darpa_temp_context_endtoend_base_w10_full_0.001lr,0.005287347145415765,0.040864629429686834
darpa_temp_context_baseline_endtoend_base_w10_full_0.001lr,0.003061386491097788,0.03149375521732434
darpa_temp_endtoend_base_w10_full_0.001lr,0.005335051114234818,0.03469138654082798
darpa_temp_pretrained_base_w10_full_0.001lr,0.005277589674253266,0.036532262034314686
