{
  "accuracy": 0.6845430882031514,
  "precision": 0.7509058212695585,
  "recall": 0.839781883516545,
  "f1": 0.7597304546683432,
  "confusion_matrix": [
    [
      20916,
      0,
      5,
      3,
      3,
      15858
    ],
    [
      0,
      7,
      1,
      0,
      0,
      0
    ],
    [
      1,
      0,
      8,
      0,
      0,
      0
    ],
    [
      0,
      0,
      1,
      13,
      0,
      0
    ],
    [
      2,
      0,
      0,
      0,
      7,
      0
    ],
    [
      2,
      0,
      0,
      0,
      0,
      13500
    ]
  ]
}