,f1_score,weighted_f1,false_alarm_rate,detection_rate
dpl_endtoend_s1_dmz,0.993670016691952,0.9871320999037866,0.00031446540880503143,0.9831578947368421
lstm_multiclass_s1_dmz,0.9507389193062417,0.9992602422732594,0.0,0.9993301435406698
dpl_pretrained_s1_dmz,0.9379712901398612,0.9867345041912926,0.0009433962264150943,0.9828708133971292
logic_s1_inside_s1_dmz,0.9307241522826625,0.8713689717475668,0.449622641509434,0.9834921910886542
dpl_pretrained_s1_inside_s1_dmz,0.8859220616534828,0.970964778940148,0.0018867924528301887,0.9664389067524116
dpl_endtoend_s1_inside_s1_dmz,0.5567763631770215,0.12644429592642514,0.0008490566037735849,0.026268948093706935
lstm_multiclass_s1_inside_s1_dmz,0.4099729321275169,0.10394608955276369,0.004528301886792453,0.013407211759301792
