,f1_score,false_alarm_rate,detection_rate
dpl_endtoend_s1_dmz,0.993670016691952,0.00031446540880503143,0.9831578947368421
lstm_multiclass_s1_dmz,0.9507389193062417,0.0,0.9993301435406698
dpl_pretrained_s1_dmz,0.9379712901398612,0.0009433962264150943,0.9828708133971292
logic_s1_inside_s1_dmz,0.9307241522826625,0.449622641509434,0.9834921910886542
dpl_pretrained_s1_inside_s1_dmz,0.8859220616534828,0.0018867924528301887,0.9664389067524116
dpl_endtoend_s1_inside_s1_dmz,0.5567763631770215,0.0008490566037735849,0.026268948093706935
lstm_multiclass_s1_inside_s1_dmz,0.4099729321275169,0.004528301886792453,0.013407211759301792
