{"accuracy": [0.6850998401641846, 0.6854678392410278, 0.6854678392410278, 0.6854678392410278, 0.6854678392410278, 0.6854531168937683, 0.6854383945465088, 0.6854531168937683], "loss": [0.4421256482601166, 0.43850210309028625, 0.43819525837898254, 0.4379127025604248, 0.4379507005214691, 0.43780189752578735, 0.43748193979263306, 0.4375988245010376], "val_accuracy": [0.6864485144615173, 0.6864485144615173, 0.6864485144615173, 0.6864485144615173, 0.6864485144615173, 0.6864485144615173, 0.6864485144615173, 0.6857861876487732], "val_loss": [0.4381310045719147, 0.43807122111320496, 0.4377274215221405, 0.4381081759929657, 0.4383884370326996, 0.438845157623291, 0.4384933114051819, 0.4387560784816742]}