{"accuracy": 0.6829118073629626, "precision": 0.45908751949020404, "recall": 0.9998523549387273, "f1": 0.6292510685746144, "confusion_matrix": [[20829, 15958], [2, 13544]]}