{
  "accuracy": 0.9999682610213604,
  "precision": 1.0,
  "recall": 0.5,
  "f1": 0.6666666666666666,
  "confusion_matrix": [
    [
      31505,
      0
    ],
    [
      1,
      1
    ]
  ],
  "misclassified_samples": {
    "total_misclassified": 1,
    "per_phase": {
      "0": 0,
      "1": 0,
      "2": 1,
      "3": 0,
      "4": 0,
      "5": 0
    }
  }
}