{
  "Accuracy": 0.9994800785187543,
  "Macro Precision": 0.9985424831956791,
  "Macro Recall": 0.9994340425160613,
  "Macro F1": 0.9989876541565748,
  "False Alarms": 80,
  "False Alarm Rate": 0.0004999812507030986,
  "Missed Attacks": 18,
  "Detection Rate": 0.9993680662828255,
  "Confusion Matrix (actual_pred)": [
    [
      159926,
      80
    ],
    [
      18,
      28466
    ]
  ],
  "Misclassified Info": {
    "total_misclassified": 98,
    "per_phase": {
      "0": 80,
      "1": 3,
      "2": 2,
      "3": 0,
      "4": 13,
      "5": 0
    }
  }
}