{
  "Accuracy": 0.9814688784914221,
  "Macro Precision": 0.8788140906895913,
  "Macro Recall": 0.9675303364389725,
  "Macro F1": 0.9177893896786662,
  "False Alarms": 2253,
  "False Alarm Rate": 0.016870086110071136,
  "Missed Attacks": 361,
  "Detection Rate": 0.9519307589880159,
  "Confusion Matrix (actual_pred)": [
    [
      131297,
      2253
    ],
    [
      361,
      7149
    ]
  ],
  "Misclassified Info": {
    "total_misclassified": 2614,
    "per_phase": {
      "0": 2253,
      "1": 302,
      "2": 21,
      "3": 6,
      "4": 32,
      "5": 0
    }
  }
}