{
  "accuracy": 0.9990256705971248,
  "precision": 0.7795223838038209,
  "recall": 0.7329037492651566,
  "f1": 0.7303598709115785,
  "confusion_matrix": [
    [
      20845,
      1,
      10,
      8,
      0,
      0
    ],
    [
      1,
      7,
      0,
      0,
      0,
      0
    ],
    [
      3,
      0,
      6,
      0,
      0,
      0
    ],
    [
      8,
      0,
      0,
      6,
      0,
      0
    ],
    [
      4,
      0,
      0,
      0,
      3,
      0
    ],
    [
      14,
      0,
      0,
      0,
      0,
      29375
    ]
  ],
  "misclassified_indices": [
    8336,
    8670,
    8810,
    9326,
    9327,
    9710,
    9711,
    9817,
    9943,
    10362,
    10363,
    10364,
    10365,
    10800,
    11693,
    11694,
    11700,
    11701,
    11702,
    11705,
    11737,
    11739,
    11741,
    11744,
    11746,
    11747,
    11748,
    12806,
    12808,
    12825,
    12891,
    14915,
    15788,
    15943,
    45847,
    45851,
    45852,
    45866,
    45869,
    45870,
    45871,
    45872,
    45873,
    45890,
    46115,
    46117,
    48864,
    49375,
    49748
  ],
  "real_flow_indices": [
    20849,
    21649,
    21945,
    23250,
    23251,
    24135,
    24136,
    24389,
    24685,
    25730,
    25731,
    25732,
    25733,
    26827,
    29039,
    29040,
    29049,
    29052,
    29056,
    29063,
    29136,
    29143,
    29146,
    29152,
    29159,
    29162,
    29165,
    31974,
    31981,
    32016,
    32189,
    37390,
    39483,
    39857,
    114604,
    114612,
    114614,
    114645,
    114649,
    114651,
    114653,
    114655,
    114657,
    114702,
    115296,
    115300,
    122229,
    123512,
    124452
  ],
  "y_pred": [
    3,
    0,
    3,
    2,
    1,
    0,
    0,
    2,
    0,
    2,
    2,
    2,
    2,
    2,
    0,
    0,
    0,
    3,
    0,
    0,
    0,
    3,
    0,
    0,
    3,
    3,
    3,
    0,
    0,
    0,
    0,
    2,
    0,
    0,
    0,
    0,
    0,
    0,
    0,
    0,
    0,
    0,
    0,
    0,
    0,
    0,
    2,
    2,
    3
  ],
  "y_true": [
    0,
    1,
    0,
    0,
    0,
    2,
    2,
    0,
    2,
    0,
    0,
    0,
    0,
    0,
    3,
    3,
    3,
    0,
    3,
    3,
    3,
    0,
    3,
    3,
    0,
    0,
    0,
    4,
    4,
    4,
    4,
    0,
    5,
    5,
    5,
    5,
    5,
    5,
    5,
    5,
    5,
    5,
    5,
    5,
    5,
    5,
    0,
    0,
    0
  ]
}