{
  "accuracy": 0.9990064975063088,
  "precision": 0.7383215344411194,
  "recall": 0.8228032537556463,
  "f1": 0.7732190565898757,
  "confusion_matrix": [
    [
      20875,
      1,
      5,
      15,
      3,
      1
    ],
    [
      1,
      7,
      0,
      0,
      0,
      0
    ],
    [
      2,
      0,
      7,
      0,
      0,
      0
    ],
    [
      6,
      0,
      0,
      8,
      0,
      0
    ],
    [
      2,
      0,
      0,
      0,
      5,
      0
    ],
    [
      14,
      0,
      0,
      0,
      0,
      29375
    ]
  ],
  "misclassified_indices": [
    7975,
    7995,
    8117,
    8235,
    8296,
    8714,
    9521,
    9564,
    9764,
    9854,
    9870,
    9973,
    10394,
    11729,
    11732,
    11734,
    11735,
    11767,
    11772,
    11879,
    12445,
    12712,
    12728,
    12840,
    12931,
    15718,
    15816,
    15965,
    45871,
    45872,
    45873,
    45874,
    45887,
    45889,
    45891,
    46035,
    46037,
    46139,
    46141,
    46142,
    46452,
    46949,
    47957,
    47972,
    48957,
    49319,
    49409,
    49677,
    49850,
    49885
  ],
  "real_flow_indices": [
    19933,
    19965,
    20247,
    20539,
    20670,
    21649,
    23599,
    23711,
    24177,
    24389,
    24428,
    24688,
    25739,
    29049,
    29058,
    29061,
    29063,
    29136,
    29155,
    29425,
    30904,
    31613,
    31662,
    31974,
    32216,
    39245,
    39483,
    39857,
    114608,
    114612,
    114614,
    114616,
    114647,
    114655,
    114661,
    115033,
    115037,
    115298,
    115300,
    115304,
    116032,
    117244,
    119790,
    119838,
    122433,
    123354,
    123569,
    124259,
    124654,
    124749
  ],
  "y_pred": [
    3,
    3,
    4,
    4,
    4,
    0,
    3,
    3,
    3,
    2,
    3,
    0,
    0,
    0,
    0,
    0,
    0,
    0,
    0,
    2,
    3,
    2,
    5,
    0,
    0,
    3,
    0,
    0,
    0,
    0,
    0,
    0,
    0,
    0,
    0,
    0,
    0,
    0,
    0,
    0,
    3,
    2,
    3,
    3,
    3,
    3,
    3,
    2,
    1,
    3
  ],
  "y_true": [
    0,
    0,
    0,
    0,
    0,
    1,
    0,
    0,
    0,
    0,
    0,
    2,
    2,
    3,
    3,
    3,
    3,
    3,
    3,
    0,
    0,
    0,
    0,
    4,
    4,
    0,
    5,
    5,
    5,
    5,
    5,
    5,
    5,
    5,
    5,
    5,
    5,
    5,
    5,
    5,
    0,
    0,
    0,
    0,
    0,
    0,
    0,
    0,
    0,
    0
  ]
}