{
  "accuracy": 0.9987875414919203,
  "precision": 0.6608409266704488,
  "recall": 0.7119817227948367,
  "f1": 0.6696489322043063,
  "confusion_matrix": [
    [
      20856,
      2,
      10,
      14,
      2,
      0
    ],
    [
      2,
      6,
      0,
      0,
      0,
      0
    ],
    [
      3,
      0,
      6,
      0,
      0,
      0
    ],
    [
      6,
      0,
      0,
      8,
      0,
      0
    ],
    [
      4,
      0,
      1,
      0,
      2,
      0
    ],
    [
      17,
      0,
      0,
      0,
      0,
      29372
    ]
  ],
  "misclassified_indices": [
    8279,
    8353,
    8690,
    8691,
    8831,
    8996,
    9152,
    9954,
    9955,
    10048,
    10373,
    10375,
    10376,
    10814,
    11015,
    11719,
    11722,
    11744,
    11749,
    11751,
    11752,
    11753,
    11755,
    11756,
    11779,
    12490,
    12819,
    12820,
    12821,
    12905,
    12911,
    12912,
    15440,
    15808,
    15959,
    45337,
    45338,
    45841,
    45842,
    45845,
    45857,
    45858,
    45860,
    46005,
    46007,
    46009,
    46021,
    46110,
    46112,
    46114,
    46117,
    46119,
    46909,
    47094,
    48361,
    48719,
    49388,
    49752,
    49753,
    49754,
    50020
  ],
  "real_flow_indices": [
    20670,
    20853,
    21649,
    21650,
    21986,
    22391,
    22769,
    24686,
    24688,
    24927,
    25734,
    25738,
    25741,
    26827,
    27349,
    29061,
    29066,
    29136,
    29144,
    29148,
    29151,
    29152,
    29159,
    29161,
    29214,
    31057,
    31965,
    31966,
    31967,
    32189,
    32220,
    32221,
    38556,
    39483,
    39857,
    113314,
    113315,
    114604,
    114608,
    114616,
    114649,
    114655,
    114659,
    115033,
    115035,
    115037,
    115068,
    115296,
    115300,
    115302,
    115306,
    115308,
    117210,
    117708,
    120890,
    121847,
    123512,
    124450,
    124451,
    124452,
    125146
  ],
  "y_pred": [
    4,
    3,
    0,
    0,
    2,
    3,
    3,
    2,
    0,
    0,
    0,
    2,
    2,
    2,
    3,
    0,
    3,
    0,
    0,
    3,
    0,
    0,
    3,
    3,
    0,
    3,
    0,
    0,
    0,
    0,
    2,
    2,
    2,
    0,
    0,
    1,
    1,
    0,
    0,
    0,
    0,
    0,
    0,
    0,
    0,
    0,
    0,
    0,
    0,
    0,
    0,
    0,
    3,
    2,
    2,
    3,
    2,
    3,
    3,
    3,
    4
  ],
  "y_true": [
    0,
    0,
    1,
    1,
    0,
    0,
    0,
    0,
    2,
    2,
    2,
    0,
    0,
    0,
    0,
    3,
    0,
    3,
    3,
    0,
    3,
    3,
    0,
    0,
    3,
    0,
    4,
    4,
    4,
    4,
    0,
    4,
    0,
    5,
    5,
    0,
    0,
    5,
    5,
    5,
    5,
    5,
    5,
    5,
    5,
    5,
    5,
    5,
    5,
    5,
    5,
    5,
    0,
    0,
    0,
    0,
    0,
    0,
    0,
    0,
    0
  ]
}