{
  "accuracy": 0.9990260579197392,
  "precision": 0.699641628440367,
  "recall": 0.4731098971699945,
  "f1": 0.511306883177354,
  "confusion_matrix": [
    [
      20883,
      0,
      0,
      0,
      1,
      0
    ],
    [
      2,
      5,
      0,
      0,
      1,
      0
    ],
    [
      7,
      0,
      0,
      0,
      2,
      0
    ],
    [
      13,
      0,
      0,
      1,
      0,
      0
    ],
    [
      6,
      0,
      0,
      0,
      1,
      0
    ],
    [
      17,
      0,
      0,
      0,
      0,
      29372
    ]
  ],
  "misclassified_indices": [
    8690,
    8691,
    8708,
    9724,
    9955,
    10048,
    10373,
    10374,
    10472,
    10473,
    10504,
    10505,
    11717,
    11718,
    11719,
    11720,
    11744,
    11745,
    11746,
    11749,
    11750,
    11752,
    11753,
    11754,
    11779,
    12819,
    12820,
    12821,
    12905,
    12906,
    12912,
    15808,
    15959,
    45338,
    45841,
    45842,
    45845,
    45857,
    45858,
    45860,
    46005,
    46007,
    46009,
    46021,
    46110,
    46112,
    46114,
    46117,
    46119
  ],
  "real_flow_indices": [
    21649,
    21650,
    21684,
    24137,
    24688,
    24927,
    25734,
    25735,
    25976,
    25977,
    26060,
    26061,
    29050,
    29059,
    29061,
    29064,
    29136,
    29137,
    29140,
    29144,
    29146,
    29151,
    29152,
    29156,
    29214,
    31965,
    31966,
    31967,
    32189,
    32194,
    32221,
    39483,
    39857,
    113315,
    114604,
    114608,
    114616,
    114649,
    114655,
    114659,
    115033,
    115035,
    115037,
    115068,
    115296,
    115300,
    115302,
    115306,
    115308
  ],
  "y_pred": [
    0,
    0,
    4,
    0,
    0,
    0,
    0,
    0,
    0,
    4,
    0,
    4,
    0,
    0,
    0,
    0,
    0,
    0,
    0,
    0,
    0,
    0,
    0,
    0,
    0,
    0,
    0,
    0,
    0,
    0,
    0,
    0,
    0,
    4,
    0,
    0,
    0,
    0,
    0,
    0,
    0,
    0,
    0,
    0,
    0,
    0,
    0,
    0,
    0
  ],
  "y_true": [
    1,
    1,
    1,
    2,
    2,
    2,
    2,
    2,
    2,
    2,
    2,
    2,
    3,
    3,
    3,
    3,
    3,
    3,
    3,
    3,
    3,
    3,
    3,
    3,
    3,
    4,
    4,
    4,
    4,
    4,
    4,
    5,
    5,
    0,
    5,
    5,
    5,
    5,
    5,
    5,
    5,
    5,
    5,
    5,
    5,
    5,
    5,
    5,
    5
  ]
}