{
  "Accuracy": 0.9996030058131292,
  "Macro Precision": 0.997099859268642,
  "Macro Recall": 0.9989734989563397,
  "Macro F1": 0.9980346934563799,
  "False Alarms": 43,
  "False Alarm Rate": 0.0003219767877199551,
  "Missed Attacks": 13,
  "Detection Rate": 0.9982689747003994,
  "Confusion Matrix (actual_pred)": [
    [
      133507,
      43
    ],
    [
      13,
      7497
    ]
  ],
  "Misclassified Info": {
    "total_misclassified": 56,
    "per_phase": {
      "0": 43,
      "1": 2,
      "2": 2,
      "3": 2,
      "4": 7,
      "5": 0
    }
  }
}