{
  "Accuracy": 0.999269814263434,
  "Macro Precision": 0.9938384759203829,
  "Macro Recall": 0.9989860368379413,
  "Macro F1": 0.9963972098258573,
  "False Alarms": 93,
  "False Alarm Rate": 0.0006963684013478099,
  "Missed Attacks": 10,
  "Detection Rate": 0.9986684420772304,
  "Confusion Matrix (actual_pred)": [
    [
      133457,
      93
    ],
    [
      10,
      7500
    ]
  ],
  "Misclassified Info": {
    "total_misclassified": 103,
    "per_phase": {
      "0": 93,
      "1": 3,
      "2": 0,
      "3": 7,
      "4": 0,
      "5": 0
    }
  }
}