{
  "Accuracy": 0.8185739296514404,
  "Macro Precision": 0.6984962769383853,
  "Macro Recall": 0.8957950078629572,
  "Macro F1": 0.726768432319299,
  "False Alarms": 34137,
  "False Alarm Rate": 0.2057524124089131,
  "Missed Attacks": 60,
  "Detection Rate": 0.9973424281348274,
  "Confusion Matrix (actual_pred)": [
    [
      131776,
      34137
    ],
    [
      60,
      22517
    ]
  ],
  "Misclassified Info": {
    "total_misclassified": 34197,
    "per_phase": {
      "0": 34137,
      "1": 0,
      "2": 60,
      "3": 0,
      "4": 0,
      "5": 0
    }
  }
}