{
  "accuracy": 0.8368972420086156,
  "micro_f1": 0.8368972420086156,
  "macro_f1": 0.4838689513763833,
  "false_alarms": 2392,
  "false_alarm_rate": 0.019932004533031133,
  "missed_attacks": 20666,
  "detection_rate": 0.03262650376819735,
  "classes": [
    "benign",
    "anomaly"
  ],
  "per_class": {
    "benign": {
      "TP": 117616,
      "FP": 20666,
      "FN": 2392,
      "precision": 0.8505517710186431,
      "recall": 0.9800679954669689,
      "f1": 0.9107282511905224
    },
    "anomaly": {
      "TP": 697,
      "FP": 2392,
      "FN": 20666,
      "precision": 0.22563936549045,
      "recall": 0.03262650376819735,
      "f1": 0.05700965156224439
    }
  },
  "threshold": 0.01932445296115572,
  "missclassified": {
    "total_misclassified": 23058,
    "per_phase": {
      "0": 2392,
      "1": 4404,
      "2": 16237,
      "3": 8,
      "4": 17
    }
  },
  "True Phase Distribution": {
    "0": 120008,
    "2": 16933,
    "1": 4404,
    "4": 18,
    "3": 8
  },
  "confusion_matrix": [
    [
      117616,
      2392
    ],
    [
      20666,
      697
    ]
  ]
}