{
  "accuracy": 0.9980527351123651,
  "precision": 0.1111111111111111,
  "recall": 0.8571428571428571,
  "f1": 0.19672131147540983,
  "confusion_matrix": [
    [
      50217,
      96
    ],
    [
      2,
      12
    ]
  ],
  "misclassified_samples": {
    "total_misclassified": 98,
    "per_phase": {
      "0": 96,
      "1": 0,
      "2": 0,
      "3": 2,
      "4": 0,
      "5": 0
    }
  }
}