{
  "accuracy": 0.9999801299501262,
  "precision": 1.0,
  "recall": 0.875,
  "f1": 0.9333333333333333,
  "confusion_matrix": [
    [
      50319,
      0
    ],
    [
      1,
      7
    ]
  ],
  "misclassified_samples": {
    "total_misclassified": 1,
    "per_phase": {
      "0": 1,
      "1": 0,
      "2": 0,
      "3": 0,
      "4": 0,
      "5": 0
    }
  }
}