{
  "accuracy": 0.9997615594015141,
  "precision": 0.42105263157894735,
  "recall": 0.8888888888888888,
  "f1": 0.5714285714285714,
  "confusion_matrix": [
    [
      50307,
      11
    ],
    [
      1,
      8
    ]
  ],
  "misclassified_samples": {
    "total_misclassified": 12,
    "per_phase": {
      "0": 9,
      "1": 0,
      "2": 0,
      "3": 0,
      "4": 0,
      "5": 3
    }
  }
}