{
  "accuracy": 0.9997416893516403,
  "precision": 1.0,
  "recall": 0.9995576576270033,
  "f1": 0.9997787798859865,
  "confusion_matrix": [
    [
      20938,
      0
    ],
    [
      13,
      29376
    ]
  ],
  "misclassified_samples": {
    "total_misclassified": 13,
    "per_phase": {
      "0": 1,
      "1": 0,
      "2": 0,
      "3": 0,
      "4": 0,
      "5": 12
    }
  }
}