,avg_inference_time,std_inference_time
ait_temp_context_pretrained_base_w100_full_0.001lr,0.0004639958906247623,0.0033155382293755223
ait_temp_pretrained_base_w100_full_0.001lr,0.002478127040287566,0.04027526341221457
ait_temp_endtoend_base_w100_full_0.001lr,0.002412919617045367,0.03693017159965844
ait_temp_baseline_endtoend_base_w100_full_0.001lr,0.00014316910692115665,0.0003511985609240311
ait_temp_context_baseline_endtoend_base_w100_full_0.001lr,0.00022966660255790682,0.01503431787800925
ait_temp_context_endtoend_base_w100_full_0.001lr,0.00046461086975585725,0.0010947046266522598
