Model,Phase,runs,peak_mb_mean,peak_mb_std,time_to_peak_s_mean,time_to_peak_s_std,auc_mb_s_mean,auc_mb_s_std,median_mb_mean,median_mb_std,p90_mb_mean,p90_mb_std,p99_mb_mean,p99_mb_std,slope_mb_per_s_mean,slope_mb_per_s_std,time_to_peak,peak_gb,peak_gb_std,median_gb
temp_context_endtoend,train,4,30027.1474609375,1.4744460665986077,4112.2922955,1549.0954772822922,207123690.16886812,23866630.16221089,30026.5556640625,1.6354722258571965,30026.953125,1.40179959846542,30026.9970703125,1.4115470304690787,0.003164123732230478,0.0005647822228144456,1.1h,29.32,0.0,29.32
temp_endtoend,test,4,30543.154296875,573.8017219085492,221.7471715,40.248912980794046,6686158.133809758,1089060.538767686,30214.62890625,573.6696843864573,30464.4580078125,658.1510928984989,30540.88357421875,574.353806578538,1.6239849460729632,0.45549524380948203,3.7m,29.83,0.56,29.51
temp_endtoend,train,4,29975.9912109375,0.4165185029131875,44419.52378925,6614.633123885003,1546774259.0901647,86439824.450059,29975.7626953125,0.36942857279581015,29975.9833984375,0.4126447481446804,29975.990234375,0.4157954963385133,-0.0030929404664614994,0.005807442020631048,12.3h,29.27,0.0,29.27
temp_context_pretrained,test,4,30918.6875,5.658096265063591,55.463659500000006,2.3622921100016945,1698228.85226246,72488.95551016851,30591.66357421875,5.844572835508372,30867.62900390625,21.05052800252496,30916.781816406252,5.800600340290072,8.182023136451079,0.31742192593706514,55s,30.19,0.01,29.87
temp_context_endtoend,test,4,30918.51953125,2.8009215337078404,58.6287195,1.093573617917079,1795354.864884506,33765.53142844272,30593.23974609375,3.445779539531736,30879.67001953125,15.418562963037234,30916.433134765626,2.760146421940795,8.087943651354173,0.3058969439982109,59s,30.19,0.0,29.88
temp_pretrained,train,2,29969.294921875,0.041015625,2845.169187,1411.0263339999997,1012278894.9745278,740987412.06896,28014.83984375,1954.43359375,29969.158203125,0.162109375,29969.28515625,0.05078125,-0.04640653406788649,0.05521134257558977,47.4m,29.27,0.0,27.36
temp_context_pretrained,train,4,30023.052734375,4.733260121025572,1732.49961125,1664.865322791924,143704225.23333615,1294482.494498785,30022.19384765625,5.318375401467486,30022.4755859375,5.102843516634743,30022.7470703125,4.791146103598068,0.0035812833881927516,0.0003204852718105293,28.9m,29.32,0.0,29.32
temp_pretrained,test,1,25937.1640625,0.0,196.682442,0.0,5042943.10710691,0.0,25610.509765625,0.0,25913.74609375,0.0,25934.953125,0.0,1.8291157657461363,0.0,3.3m,25.33,0.0,25.01
