{
  "Accuracy": 0.9983344673130351,
  "Macro Precision": 0.7494561828145292,
  "Macro Recall": 0.8326342764148562,
  "Macro F1": 0.7832003264526154,
  "False Alarms": 176,
  "False Alarm Rate": 0.0013175427827102455,
  "Missed Attacks": 59,
  "Detection Rate": 0.9921479904178866,
  "Confusion Matrix (actual_pred)": [
    [
      133406,
      5,
      78,
      10,
      83
    ],
    [
      6,
      5138,
      0,
      0,
      0
    ],
    [
      14,
      0,
      2254,
      0,
      0
    ],
    [
      5,
      0,
      0,
      6,
      0
    ],
    [
      34,
      0,
      0,
      0,
      57
    ]
  ],
  "misclassified_indices": [
    890,
    2326,
    2327,
    4328,
    21353,
    24412,
    57588,
    65309,
    71522,
    73034,
    79638,
    80413,
    83861,
    84549,
    84582,
    84743,
    84773,
    88199,
    88730,
    90060,
    90315,
    90566,
    90744,
    91494,
    92174,
    92175,
    92176,
    92177,
    92253,
    92254,
    92355,
    92739,
    103128,
    103644,
    104060,
    106083,
    106194,
    106195,
    106771,
    107767,
    107768,
    108655,
    109122,
    109123,
    109124,
    109125,
    109151,
    109152,
    109230,
    109364,
    109682,
    109809,
    109892,
    109900,
    115982,
    116452,
    116620,
    118595,
    118843,
    119698,
    119701,
    119702,
    120077,
    120078,
    120870,
    120871,
    120872,
    121775,
    121779,
    121780,
    124347,
    124350,
    124357,
    124358,
    124397,
    124411,
    124413,
    124427,
    124430,
    124433,
    124434,
    124438,
    124444,
    124522,
    124533,
    124559,
    124561,
    124564,
    124565,
    124568,
    124570,
    124572,
    124573,
    124576,
    124578,
    124579,
    124583,
    124584,
    124587,
    124589,
    124595,
    124601,
    124604,
    124610,
    124612,
    124613,
    124622,
    124623,
    124641,
    124646,
    124650,
    124651,
    124656,
    124657,
    124659,
    124664,
    124684,
    124693,
    124694,
    124706,
    124707,
    124715,
    124720,
    124721,
    124727,
    124730,
    124732,
    124736,
    124737,
    124788,
    124789,
    124794,
    124799,
    124800,
    124806,
    124828,
    124829,
    124920,
    124921,
    125002,
    125395,
    125396,
    125414,
    125429,
    125430,
    125499,
    125645,
    125646,
    125715,
    125716,
    125748,
    125749,
    125774,
    125775,
    125778,
    125779,
    125825,
    125965,
    126089,
    126125,
    126151,
    126270,
    126377,
    126887,
    127482,
    127561,
    127562,
    127615,
    127619,
    127690,
    128198,
    128398,
    129590,
    129826,
    129837,
    130026,
    130114,
    130239,
    130241,
    130292,
    130298,
    131319,
    131472,
    131473,
    131474,
    131475,
    131679,
    131680,
    131779,
    131806,
    131861,
    131862,
    131881,
    131883,
    135024,
    135025,
    135062,
    135069,
    135116,
    135144,
    135222,
    135229,
    135289,
    135432,
    135617,
    135618,
    135661,
    135703,
    135712,
    135730,
    135834,
    135841,
    136074,
    136582,
    136586,
    136631,
    136711,
    136712,
    136747,
    136748,
    137110,
    137154,
    137155,
    137165,
    137426,
    137528,
    137566,
    137690,
    138438,
    139797,
    140013,
    140030,
    140031,
    140032,
    140423
  ],
  "real_flow_indices": [
    2311,
    6113,
    6114,
    11193,
    53770,
    61473,
    144318,
    163653,
    179307,
    183121,
    199670,
    201638,
    210291,
    211970,
    212045,
    212434,
    212500,
    220976,
    222321,
    225764,
    226355,
    226982,
    227422,
    229301,
    230860,
    230862,
    230863,
    230864,
    231061,
    231062,
    231310,
    232392,
    258340,
    259674,
    260700,
    265758,
    266023,
    266024,
    267452,
    270077,
    270078,
    272243,
    273426,
    273427,
    273428,
    273429,
    273498,
    273499,
    273680,
    274023,
    274780,
    275111,
    275285,
    275307,
    290297,
    291385,
    291817,
    296714,
    297372,
    299408,
    299411,
    299412,
    300337,
    300338,
    302314,
    302315,
    302316,
    304685,
    304695,
    304696,
    311250,
    311256,
    311271,
    311275,
    311355,
    311387,
    311390,
    311426,
    311435,
    311442,
    311444,
    311454,
    311468,
    311683,
    311720,
    311774,
    311777,
    311789,
    311790,
    311795,
    311798,
    311801,
    311802,
    311807,
    311813,
    311816,
    311822,
    311825,
    311831,
    311834,
    311846,
    311863,
    311866,
    311891,
    311894,
    311897,
    311923,
    311924,
    311978,
    311986,
    311995,
    311998,
    312011,
    312012,
    312017,
    312025,
    312075,
    312093,
    312094,
    312121,
    312122,
    312141,
    312163,
    312164,
    312174,
    312177,
    312180,
    312198,
    312199,
    312327,
    312328,
    312342,
    312367,
    312368,
    312391,
    312449,
    312450,
    312664,
    312665,
    312904,
    313889,
    313890,
    313942,
    313975,
    313976,
    314166,
    314507,
    314508,
    314684,
    314685,
    314759,
    314760,
    314808,
    314809,
    314818,
    314819,
    314927,
    315293,
    315621,
    315695,
    315756,
    316077,
    316328,
    317508,
    318962,
    319154,
    319155,
    319291,
    319303,
    319449,
    320761,
    321280,
    324157,
    324756,
    324781,
    325218,
    325444,
    325719,
    325721,
    325850,
    325870,
    328437,
    328844,
    328845,
    328846,
    328847,
    329416,
    329417,
    329699,
    329775,
    329929,
    329930,
    329980,
    329984,
    337745,
    337746,
    337821,
    337832,
    337967,
    338013,
    338205,
    338232,
    338370,
    338792,
    339261,
    339262,
    339376,
    339480,
    339503,
    339535,
    339800,
    339821,
    340383,
    341626,
    341633,
    341741,
    341931,
    341933,
    342012,
    342014,
    342940,
    343050,
    343051,
    343073,
    343706,
    343959,
    344035,
    344315,
    346175,
    349615,
    350085,
    350132,
    350133,
    350135,
    351060
  ],
  "y_pred": [
    0,
    1,
    1,
    1,
    0,
    0,
    0,
    0,
    0,
    1,
    2,
    2,
    2,
    2,
    2,
    4,
    4,
    2,
    2,
    2,
    2,
    2,
    2,
    2,
    2,
    2,
    2,
    2,
    2,
    2,
    2,
    2,
    4,
    2,
    2,
    2,
    2,
    2,
    2,
    2,
    2,
    2,
    2,
    2,
    2,
    2,
    2,
    2,
    2,
    2,
    2,
    2,
    2,
    0,
    1,
    2,
    2,
    0,
    0,
    0,
    0,
    0,
    0,
    0,
    0,
    0,
    0,
    2,
    2,
    0,
    2,
    2,
    0,
    2,
    2,
    2,
    2,
    2,
    2,
    2,
    0,
    2,
    2,
    2,
    2,
    2,
    2,
    2,
    2,
    2,
    2,
    2,
    2,
    2,
    2,
    2,
    2,
    2,
    2,
    2,
    2,
    4,
    2,
    2,
    2,
    2,
    3,
    3,
    3,
    3,
    3,
    3,
    3,
    3,
    0,
    3,
    3,
    0,
    0,
    0,
    0,
    4,
    0,
    0,
    0,
    0,
    0,
    0,
    0,
    0,
    0,
    0,
    0,
    0,
    0,
    0,
    0,
    0,
    0,
    0,
    0,
    0,
    0,
    0,
    0,
    4,
    0,
    0,
    0,
    0,
    0,
    0,
    0,
    0,
    0,
    0,
    0,
    4,
    4,
    4,
    4,
    4,
    4,
    4,
    4,
    4,
    4,
    4,
    4,
    4,
    4,
    4,
    4,
    4,
    4,
    4,
    4,
    4,
    4,
    4,
    4,
    4,
    4,
    4,
    4,
    4,
    4,
    4,
    4,
    4,
    4,
    4,
    4,
    4,
    4,
    4,
    4,
    4,
    4,
    4,
    4,
    4,
    4,
    4,
    4,
    4,
    4,
    4,
    4,
    4,
    4,
    4,
    4,
    4,
    4,
    4,
    4,
    4,
    4,
    4,
    4,
    4,
    4,
    4,
    4,
    4,
    4,
    4,
    2,
    4,
    4,
    4,
    4,
    4,
    4
  ],