{
  "accuracy": 0.9942419783826608,
  "micro_f1": 0.9942419783826608,
  "macro_f1": 0.8035069767231539,
  "false_alarms": 470,
  "false_alarm_rate": 0.003916503479021708,
  "missed_attacks": 342,
  "detection_rate": 0.9839910124982446,
  "classes": [
    "benign",
    "phase1",
    "phase2",
    "phase3",
    "phase4"
  ],
  "per_class": {
    "benign": {
      "TP": 119535,
      "FP": 342,
      "FN": 470,
      "precision": 0.9971470757526465,
      "recall": 0.9960834965209783,
      "f1": 0.9966150023761683
    },
    "phase1": {
      "TP": 4095,
      "FP": 247,
      "FN": 309,
      "precision": 0.9431137724550899,
      "recall": 0.9298365122615804,
      "f1": 0.9364280814086441
    },
    "phase2": {
      "TP": 16913,
      "FP": 209,
      "FN": 20,
      "precision": 0.9877934820698516,
      "recall": 0.9988188743872911,
      "f1": 0.9932755836147409
    },
    "phase3": {
      "TP": 7,
      "FP": 1,
      "FN": 1,
      "precision": 0.875,
      "recall": 0.875,
      "f1": 0.875
    },
    "phase4": {
      "TP": 4,
      "FP": 15,
      "FN": 14,
      "precision": 0.21052631578947367,
      "recall": 0.2222222222222222,
      "f1": 0.21621621621621623
    }
  },
  "confusion_matrix": [
    [
      119535,
      247,
      208,
      0,
      15
    ],
    [
      308,
      4095,
      0,
      1,
      0
    ],
    [
      20,
      0,
      16913,
      0,
      0
    ],
    [
      0,
      0,
      1,
      7,
      0
    ],
    [
      14,
      0,
      0,
      0,
      4
    ]
  ]
}