{
  "Accuracy": 0.9858581411984813,
  "Macro Precision": 0.6364934140430142,
  "Macro Recall": 0.9242753929480912,
  "Macro F1": 0.6894979612378033,
  "False Alarms": 240,
  "False Alarm Rate": 0.05660377358490566,
  "Missed Attacks": 11,
  "Detection Rate": 0.9992101673009263,
  "Confusion Matrix (actual_pred)": [
    [
      4000,
      2,
      193,
      27,
      15,
      3
    ],
    [
      1,
      306,
      0,
      0,
      0,
      0
    ],
    [
      0,
      0,
      7,
      3,
      0,
      0
    ],
    [
      2,
      0,
      1,
      29,
      0,
      0
    ],
    [
      0,
      0,
      0,
      0,
      7,
      0
    ],
    [
      8,
      0,
      0,
      2,
      0,
      13567
    ]
  ],
  "misclassified_indices": [
    10,
    11,
    12,
    13,
    133,
    219,
    220,
    289,
    292,
    303,
    316,
    317,
    318,
    319,
    347,
    410,
    411,
    412,
    432,
    433,
    434,
    601,
    803,
    909,
    920,
    1063,
    1064,
    1119,
    1125,
    1126,
    1127,
    1134,
    1156,
    1157,
    1189,
    1190,
    1213,
    1214,
    1215,
    1216,
    1231,
    1242,
    1243,
    1244,
    1245,
    1252,
    1253,
    1256,
    1257,
    1258,
    1318,
    1319,
    1320,
    1321,
    1322,
    1340,
    1341,
    1351,
    1352,
    1364,
    1366,
    1375,
    1376,
    1377,
    1392,
    1393,
    1394,
    1395,
    1396,
    1403,
    1404,
    1405,
    1406,
    1417,
    1460,
    1474,
    1475,
    1525,
    1526,
    1527,
    1528,
    1529,
    1637,
    1697,
    1698,
    1699,
    1700,
    1701,
    1709,
    1710,
    1711,
    1725,
    1726,
    1727,
    1762,
    1764,
    1765,
    1771,
    1772,
    1773,
    1779,
    1780,
    1784,
    1785,
    1804,
    1805,
    1811,
    1812,
    1813,
    1814,
    1816,
    1819,
    1828,
    1936,
    1937,
    1942,
    1943,
    1944,
    2135,
    2136,
    2137,
    2138,
    2139,
    2140,
    2141,
    2142,
    2143,
    2144,
    2150,
    2154,
    2155,
    2162,
    2193,
    2272,
    2365,
    2366,
    2367,
    2368,
    2594,
    2595,
    2596,
    2597,
    2598,
    2613,
    2614,
    2615,
    2666,
    2667,
    2675,
    2677,
    2678,
    2679,
    2709,
    2710,
    2711,
    2712,
    2720,
    2721,
    2722,
    2723,
    2724,
    2725,
    2726,
    2727,
    2728,
    2729,
    2730,
    2736,
    2737,
    2738,
    2783,
    2796,
    2797,
    2815,
    2830,
    2831,
    2875,
    2878,
    2879,
    2880,
    2881,
    2882,
    2892,
    2893,
    2894,
    2895,
    2896,
    2900,
    2901,
    2910,
    2930,
    2931,
    2932,
    2944,
    2945,
    2965,
    2966,
    2967,
    2980,
    2981,
    2982,
    2983,
    16551,
    16552,
    16553,
    16563,
    16663,
    16712,
    16717,
    16718,
    16719,
    16722,
    16723,
    16724,
    16728,
    16805,
    16806,
    16809,
    16942,
    16943,
    16944,
    16961,
    16962,
    16963,
    16964,
    17034,
    17035,
    17127,
    17128,
    17129,
    17130,
    17131,
    17132,
    17133,
    17232,
    17233,
    17234,
    17235,
    17239,
    17240,
    17241,
    17274,
    17275,
    17538,
    17557,
    17584,
    17585,
    17598,
    17944,
    17989,
    17990,
    18096,
    18097,
    18140,
    18141,
    18159,
    18160
  ],
  "real_flow_indices": [
    46,
    47,
    48,
    50,
    355,
    582,
    584,
    782,
    795,
    825,
    859,
    860,
    864,
    866,
    933,
    1104,
    1105,
    1107,
    1162,
    1165,
    1166,
    1581,
    2095,
    2361,
    2392,
    2754,
    2759,
    2914,
    2936,
    2937,
    2938,
    2950,
    2999,
    3000,
    3087,
    3089,
    3162,
    3166,
    3167,
    3169,
    3209,
    3238,
    3240,
    3243,
    3244,
    3258,
    3259,
    3268,
    3270,
    3273,
    3419,
    3421,
    3422,
    3423,
    3425,
    3478,
    3481,
    3510,
    3511,
    3551,
    3562,
    3598,
    3599,
    3605,
    3647,
    3648,
    3649,
    3652,
    3654,
    3676,
    3677,
    3678,
    3679,
    3706,
    3794,
    3827,
    3829,
    3936,
    3937,
    3942,
    3943,
    3944,
    4241,
    4396,
    4399,
    4401,
    4402,
    4405,
    4431,
    4432,
    4433,
    4473,
    4476,
    4478,
    4564,
    4573,
    4576,
    4595,
    4597,
    4599,
    4612,
    4614,
    4622,
    4623,
    4666,
    4667,
    4685,
    4686,
    4689,
    4690,
    4697,
    4701,
    4727,
    4972,
    4973,
    4993,
    4995,
    4996,
    5464,
    5466,
    5468,
    5469,
    5470,
    5471,
    5472,
    5473,
    5474,
    5475,
    5488,
    5496,
    5497,
    5519,
    5605,
    5793,
    6017,
    6023,
    6025,
    6026,
    6618,
    6619,
    6621,
    6622,
    6625,
    6662,
    6665,
    6666,
    6804,
    6806,
    6828,
    6839,
    6843,
    6844,
    6909,
    6911,
    6912,
    6914,
    6927,
    6928,
    6930,
    6932,
    6933,
    6934,
    6937,
    6938,
    6939,
    6941,
    6942,
    6956,
    6957,
    6959,
    7054,
    7101,
    7102,
    7166,
    7204,
    7207,
    7321,
    7329,
    7330,
    7332,
    7333,
    7335,
    7358,
    7361,
    7363,
    7364,
    7365,
    7375,
    7376,
    7419,
    7475,
    7477,
    7478,
    7505,
    7508,
    7561,
    7563,
    7565,
    7592,
    7593,
    7595,
    7597,
    41504,
    41507,
    41509,
    41536,
    41769,
    41893,
    41904,
    41913,
    41914,
    41922,
    41923,
    41924,
    41931,
    42113,
    42119,
    42124,
    42469,
    42470,
    42472,
    42506,
    42507,
    42510,
    42515,
    42665,
    42669,
    42869,
    42875,
    42876,
    42877,
    42880,
    42881,
    42884,
    43121,
    43122,
    43123,
    43126,
    43144,
    43149,
    43150,
    43250,
    43251,
    43895,
    43941,
    44001,
    44002,
    44040,
    44865,
    44976,
    44978,
    45258,
    45259,
    45357,
    45359,
    45407,
    45409
  ],
  "y_pred": [
    2,
    2,
    2,
    2,
    2,
    2,
    2,
    2,
    2,
    2,
    2,
    2,
    2,
    2,
    2,
    4,
    4,
    4,
    4,
    2,
    2,
    0,
    1,
    1,
    3,
    4,
    2,
    2,
    2,
    2,
    2,
    2,
    2,
    2,
    2,
    2,
    2,
    2,
    2,
    3,
    2,
    2,
    2,
    2,
    2,
    2,
    2,
    3,
    3,
    3,
    2,
    2,
    2,
    2,
    2,
    2,
    2,
    2,
    2,
    2,
    3,
    2,
    2,
    2,
    2,
    2,
    2,
    2,
    2,
    3,
    3,
    3,
    3,
    2,
    2,
    2,
    2,
    2,
    2,
    2,
    2,
    2,
    2,
    2,
    2,
    2,
    2,
    2,
    2,
    2,
    2,
    2,
    2,
    2,
    0,
    3,
    3,
    3,
    3,
    3,
    3,
    3,
    3,
    3,
    0,
    2,
    3,
    3,
    3,
    3,
    3,
    3,
    3,
    2,
    2,
    2,
    2,
    2,
    2,
    2,
    2,
    2,
    2,
    4,
    4,
    4,
    2,
    2,
    4,
    4,
    4,
    4,
    2,
    3,
    2,
    2,
    2,
    2,
    2,
    2,
    2,
    2,
    2,
    2,
    2,
    2,
    2,
    2,
    2,
    2,
    2,
    2,
    2,
    2,
    2,
    2,
    2,
    2,
    2,
    2,
    2,
    2,
    2,
    2,
    2,
    2,
    2,
    2,
    2,
    2,
    2,
    2,
    2,
    2,
    2,
    2,
    4,
    2,
    2,
    2,
    2,
    2,
    2,
    2,
    2,
    2,
    2,
    2,
    2,
    2,
    2,
    2,
    2,
    2,
    2,
    2,
    2,
    2,
    0,
    0,
    3,
    3,
    5,
    5,
    5,
    2,
    2,
    0,
    0,
    0,
    0,
    2,
    2,
    2,
    3,
    0,
    0,
    2,
    2,
    2,
    2,
    2,
    2,
    2,
    2,
    2,
    2,
    2,
    2,
    2,
    2,
    2,
    2,
    2,
    2,
    2,
    2,
    2,
    2,
    2,
    2,
    3,
    3,
    2,
    2,
    2,
    2,
    2,
    2,
    2,
    2,
    4,
    4,
    2,
    2,
    2,
    2
  ],