{
  "Accuracy": 0.9984042260496341,
  "Macro Precision": 0.8650215939146308,
  "Macro Recall": 0.9602300984178948,
  "Macro F1": 0.9061296945556953,
  "False Alarms": 14,
  "False Alarm Rate": 0.0033018867924528303,
  "Missed Attacks": 10,
  "Detection Rate": 0.9992820218265365,
  "Confusion Matrix (actual_pred)": [
    [
      4226,
      0,
      2,
      8,
      3,
      1
    ],
    [
      1,
      306,
      0,
      0,
      0,
      0
    ],
    [
      0,
      1,
      8,
      1,
      0,
      0
    ],
    [
      0,
      0,
      1,
      31,
      0,
      0
    ],
    [
      0,
      0,
      0,
      0,
      7,
      0
    ],
    [
      9,
      2,
      0,
      0,
      0,
      13566
    ]
  ],
  "misclassified_indices": [
    601,
    1214,
    1257,
    1337,
    1403,
    1762,
    1764,
    1779,
    1784,
    1811,
    1812,
    1816,
    1828,
    2150,
    2162,
    2980,
    2981,
    2982,
    2983,
    2984,
    16552,
    16712,
    16717,
    16718,
    16719,
    16728,
    16805,
    16806,
    18096
  ],
  "real_flow_indices": [
    1581,
    3166,
    3270,
    3468,
    3676,
    4564,
    4573,
    4612,
    4622,
    4685,
    4686,
    4697,
    4727,
    5488,
    5519,
    7592,
    7593,
    7595,
    7597,
    7599,
    41507,
    41893,
    41904,
    41913,
    41914,
    41931,
    42113,
    42119,
    45258
  ],
  "y_pred": [
    0,
    2,
    2,
    3,
    1,
    2,
    3,
    3,
    3,
    3,
    3,
    3,
    3,
    4,
    4,
    0,
    0,
    0,
    1,
    1,
    5,
    0,
    0,
    0,
    0,
    3,
    0,
    0,
    4
  ],
  "y_true": [
    1,
    0,
    0,
    2,
    2,
    3,
    0,
    0,
    0,
    0,
    0,
    0,
    0,
    0,
    0,
    5,
    5,
    5,
    5,
    5,
    0,
    5,
    5,
    5,
    5,
    0,
    5,
    5,
    0
  ]
}