{
  "Accuracy": 0.9966918453989083,
  "Macro Precision": 0.7459411859722644,
  "Macro Recall": 0.9866058786151436,
  "Macro F1": 0.823800873564987,
  "False Alarms": 44,
  "False Alarm Rate": 0.010466222645099905,
  "Missed Attacks": 14,
  "Detection Rate": 0.9989950470174431,
  "Confusion Matrix (actual_pred)": [
    [
      4160,
      3,
      8,
      20,
      11,
      2
    ],
    [
      2,
      305,
      0,
      0,
      0,
      0
    ],
    [
      0,
      0,
      10,
      0,
      0,
      0
    ],
    [
      0,
      0,
      2,
      30,
      0,
      0
    ],
    [
      0,
      0,
      0,
      0,
      7,
      0
    ],
    [
      12,
      0,
      0,
      0,
      0,
      13565
    ]
  ],
  "misclassified_indices": [
    566,
    779,
    876,
    877,
    878,
    1227,
    1228,
    1731,
    1732,
    1735,
    1739,
    1740,
    1741,
    1742,
    1743,
    1749,
    1750,
    1751,
    1754,
    1760,
    1762,
    1763,
    1784,
    1785,
    1786,
    1787,
    1796,
    1899,
    2111,
    2112,
    2113,
    2119,
    2120,
    2122,
    2123,
    2125,
    2126,
    2414,
    2570,
    2678,
    2916,
    2950,
    2951,
    2952,
    8483,
    16519,
    16675,
    16676,
    16678,
    16679,
    16680,
    16719,
    16728,
    16729,
    16766,
    17183,
    17197,
    17198,
    17691,
    17745
  ],
  "real_flow_indices": [
    1581,
    2110,
    2359,
    2361,
    2362,
    3271,
    3272,
    4564,
    4565,
    4573,
    4596,
    4597,
    4598,
    4600,
    4601,
    4612,
    4613,
    4614,
    4621,
    4640,
    4642,
    4645,
    4686,
    4687,
    4688,
    4690,
    4726,
    4962,
    5468,
    5470,
    5471,
    5488,
    5491,
    5495,
    5497,
    5503,
    5505,
    6234,
    6621,
    6908,
    7508,
    7592,
    7593,
    7595,
    21033,
    41506,
    41890,
    41895,
    41904,
    41905,
    41908,
    42003,
    42019,
    42020,
    42114,
    43122,
    43146,
    43147,
    44368,
    44500
  ],
  "y_pred": [
    0,
    0,
    1,
    1,
    1,
    3,
    3,
    2,
    2,
    3,
    3,
    3,
    3,
    3,
    3,
    3,
    3,
    3,
    3,
    3,
    3,
    3,
    3,
    3,
    3,
    3,
    3,
    2,
    4,
    4,
    4,
    4,
    4,
    4,
    4,
    4,
    4,
    2,
    4,
    2,
    2,
    0,
    0,
    0,
    5,
    5,
    0,
    0,
    0,
    0,
    0,
    0,
    0,
    0,
    0,
    2,
    2,
    4,
    2,
    2
  ],
  "y_true": [
    1,
    1,
    0,
    0,
    0,
    0,
    0,
    3,
    3,
    0,
    0,
    0,
    0,
    0,
    0,
    0,
    0,
    0,
    0,
    0,
    0,
    0,
    0,
    0,
    0,
    0,
    0,
    0,
    0,
    0,
    0,
    0,
    0,
    0,
    0,
    0,
    0,
    0,
    0,
    0,
    0,
    5,
    5,
    5,
    0,
    0,
    5,
    5,
    5,
    5,
    5,
    5,
    5,
    5,
    5,
    0,
    0,
    0,
    0,
    0
  ]
}