{
  "Accuracy": 0.9991195729929016,
  "Macro Precision": 0.9340805542202274,
  "Macro Recall": 0.9554639494946556,
  "Macro F1": 0.9443443432447456,
  "False Alarms": 4,
  "False Alarm Rate": 0.0009433962264150943,
  "Missed Attacks": 8,
  "Detection Rate": 0.9994256586976811,
  "Confusion Matrix (actual_pred)": [
    [
      4236,
      1,
      1,
      2,
      0,
      0
    ],
    [
      1,
      306,
      0,
      0,
      0,
      0
    ],
    [
      0,
      0,
      8,
      2,
      0,
      0
    ],
    [
      0,
      0,
      2,
      30,
      0,
      0
    ],
    [
      0,
      0,
      0,
      0,
      7,
      0
    ],
    [
      7,
      0,
      0,
      0,
      0,
      13570
    ]
  ],
  "misclassified_indices": [
    601,
    909,
    1256,
    1275,
    1762,
    1764,
    1804,
    1811,
    2980,
    16712,
    16717,
    16718,
    16719,
    16805,
    16806,
    17990
  ],
  "real_flow_indices": [
    1581,
    2361,
    3268,
    3319,
    4564,
    4573,
    4666,
    4685,
    7592,
    41893,
    41904,
    41913,
    41914,
    42113,
    42119,
    44978
  ],
  "y_pred": [
    0,
    1,
    3,
    3,
    2,
    3,
    2,
    3,
    0,
    0,
    0,
    0,
    0,
    0,
    0,
    2
  ],
  "y_true": [
    1,
    0,
    2,
    2,
    3,
    0,
    3,
    0,
    5,
    5,
    5,
    5,
    5,
    5,
    5,
    0
  ]
}