{
  "Accuracy": 0.9863814302255058,
  "Macro Precision": 0.4983310827827685,
  "Macro Recall": 0.5201150216630812,
  "Macro F1": 0.4986564487955773,
  "False Alarms": 180,
  "False Alarm Rate": 0.04281636536631779,
  "Missed Attacks": 23,
  "Detection Rate": 0.998344013247894,
  "Confusion Matrix (actual_pred)": [
    [
      4024,
      7,
      48,
      0,
      0,
      125
    ],
    [
      1,
      296,
      0,
      0,
      0,
      10
    ],
    [
      6,
      0,
      2,
      0,
      0,
      2
    ],
    [
      5,
      0,
      17,
      0,
      0,
      10
    ],
    [
      2,
      0,
      0,
      0,
      0,
      5
    ],
    [
      9,
      0,
      0,
      0,
      0,
      13568
    ]
  ],
  "misclassified_indices": [
    46,
    47,
    48,
    84,
    85,
    273,
    274,
    275,
    276,
    566,
    567,
    568,
    569,
    570,
    772,
    774,
    779,
    780,
    781,
    782,
    783,
    784,
    785,
    876,
    877,
    878,
    879,
    880,
    1168,
    1195,
    1210,
    1217,
    1218,
    1219,
    1220,
    1221,
    1222,
    1223,
    1225,
    1227,
    1228,
    1229,
    1288,
    1343,
    1345,
    1346,
    1347,
    1419,
    1420,
    1421,
    1422,
    1423,
    1501,
    1618,
    1620,
    1679,
    1706,
    1725,
    1731,
    1732,
    1734,
    1737,
    1738,
    1739,
    1740,
    1741,
    1742,
    1743,
    1744,
    1745,
    1746,
    1747,
    1748,
    1749,
    1750,
    1751,
    1752,
    1753,
    1754,
    1755,
    1756,
    1757,
    1758,
    1759,
    1760,
    1761,
    1762,
    1763,
    1771,
    1772,
    1773,
    1774,
    1775,
    1776,
    1777,
    1778,
    1779,
    1780,
    1781,
    1782,
    1783,
    1784,
    1785,
    1786,
    1787,
    1788,
    1901,
    1902,
    1903,
    1904,
    1905,
    1906,
    1907,
    1908,
    1909,
    1910,
    1911,
    1912,
    1913,
    1914,
    1915,
    1916,
    1917,
    1918,
    1931,
    1932,
    1933,
    1934,
    1935,
    1936,
    1937,
    1990,
    1991,
    1993,
    1994,
    1995,
    1996,
    1997,
    2025,
    2026,
    2027,
    2028,
    2029,
    2095,
    2096,
    2105,
    2106,
    2107,
    2108,
    2109,
    2110,
    2111,
    2112,
    2113,
    2117,
    2118,
    2120,
    2121,
    2122,
    2123,
    2124,
    2125,
    2126,
    2130,
    2131,
    2132,
    2238,
    2239,
    2240,
    2241,
    2242,
    2243,
    2244,
    2337,
    2681,
    2682,
    2683,
    2684,
    2685,
    2686,
    2687,
    2688,
    2689,
    2690,
    2691,
    2692,
    2693,
    2694,
    2695,
    2696,
    2697,
    2698,
    2699,
    2700,
    2701,
    2702,
    2703,
    2704,
    2705,
    2706,
    2707,
    2708,
    2709,
    2710,
    2711,
    2712,
    2713,
    2848,
    2850,
    2851,
    2853,
    2854,
    2855,
    2856,
    2857,
    2858,
    2859,
    2860,
    2861,
    2863,
    2867,
    2869,
    2870,
    2916,
    8483,
    16519,
    16608,
    16675,
    16676,
    16678,
    16679,
    16680,
    16718,
    16719,
    16728,
    16729,
    16766,
    16912,
    16913,
    16914,
    17002,
    17003,
    17004,
    17005,
    17006,
    17023,
    17593
  ],
  "real_flow_indices": [
    221,
    222,
    225,
    331,
    332,
    819,
    820,
    824,
    827,
    1581,
    1592,
    1594,
    1595,
    1596,
    2097,
    2099,
    2110,
    2112,
    2114,
    2115,
    2118,
    2119,
    2120,
    2359,
    2361,
    2362,
    2363,
    2364,
    3101,
    3175,
    3216,
    3236,
    3246,
    3250,
    3251,
    3256,
    3257,
    3258,
    3263,
    3271,
    3272,
    3273,
    3420,
    3556,
    3558,
    3559,
    3560,
    3785,
    3790,
    3791,
    3793,
    3796,
    3959,
    4264,
    4271,
    4432,
    4498,
    4547,
    4564,
    4565,
    4570,
    4587,
    4591,
    4596,
    4597,
    4598,
    4600,
    4601,
    4603,
    4604,
    4607,
    4609,
    4611,
    4612,
    4613,
    4614,
    4619,
    4620,
    4621,
    4625,
    4628,
    4634,
    4636,
    4639,
    4640,
    4641,
    4642,
    4645,
    4667,
    4668,
    4671,
    4672,
    4673,
    4674,
    4676,
    4677,
    4678,
    4679,
    4680,
    4683,
    4684,
    4686,
    4687,
    4688,
    4690,
    4692,
    4971,
    4974,
    4977,
    4979,
    4982,
    4983,
    4984,
    4985,
    4986,
    4987,
    4989,
    4991,
    4992,
    4998,
    5002,
    5003,
    5004,
    5005,
    5034,
    5037,
    5039,
    5040,
    5041,
    5043,
    5048,
    5165,
    5167,
    5169,
    5170,
    5171,
    5172,
    5173,
    5253,
    5256,
    5258,
    5263,
    5267,
    5431,
    5432,
    5456,
    5458,
    5462,
    5463,
    5464,
    5466,
    5468,
    5470,
    5471,
    5486,
    5487,
    5491,
    5494,
    5495,
    5497,
    5502,
    5503,
    5505,
    5517,
    5518,
    5522,
    5782,
    5784,
    5788,
    5790,
    5792,
    5793,
    5796,
    6024,
    6917,
    6918,
    6921,
    6929,
    6933,
    6934,
    6935,
    6936,
    6938,
    6940,
    6942,
    6943,
    6945,
    6946,
    6947,
    6948,
    6951,
    6952,
    6954,
    6955,
    6959,
    6960,
    6961,
    6963,
    6965,
    6968,
    6970,
    6971,
    6974,
    6976,
    6985,
    6986,
    6988,
    7315,
    7320,
    7322,
    7336,
    7341,
    7342,
    7343,
    7344,
    7345,
    7347,
    7348,
    7350,
    7353,
    7367,
    7371,
    7375,
    7508,
    21033,
    41506,
    41719,
    41890,
    41895,
    41904,
    41905,
    41908,
    42001,
    42003,
    42019,
    42020,
    42114,
    42468,
    42470,
    42472,
    42686,
    42687,
    42691,
    42692,
    42694,
    42734,
    44116
  ],
  "y_pred": [
    5,
    5,
    5,
    5,
    2,
    2,
    5,
    5,
    5,
    0,
    5,
    5,
    5,
    5,
    1,
    1,
    5,
    5,
    5,
    5,
    5,
    5,
    5,
    1,
    1,
    1,
    1,
    1,
    0,
    5,
    0,
    5,
    2,
    2,
    2,
    2,
    2,
    5,
    5,
    5,
    5,
    5,
    0,
    0,
    0,
    0,
    5,
    2,
    2,
    5,
    2,
    5,
    5,
    5,
    2,
    5,
    2,
    2,
    0,
    0,
    0,
    5,
    2,
    2,
    2,
    5,
    5,
    2,
    2,
    2,
    2,
    2,
    2,
    2,
    5,
    5,
    2,
    5,
    2,
    2,
    5,
    5,
    2,
    2,
    5,
    5,
    2,
    5,
    0,
    0,
    5,
    5,
    5,
    2,
    5,
    2,
    2,
    2,
    5,
    2,
    2,
    2,
    5,
    5,
    2,
    2,
    5,
    5,
    5,
    5,
    2,
    5,
    5,
    5,
    5,
    5,
    5,
    5,
    5,
    5,
    5,
    2,
    5,
    2,
    2,
    5,
    5,
    2,
    5,
    5,
    2,
    5,
    5,
    5,
    2,
    5,
    2,
    5,
    5,
    2,
    2,
    5,
    5,
    5,
    5,
    5,
    5,
    5,
    5,
    5,
    5,
    5,
    5,
    5,
    0,
    0,
    5,
    5,
    5,
    5,
    5,
    5,
    5,
    5,
    5,
    5,
    2,
    2,
    2,
    2,
    2,
    5,
    5,
    5,
    5,
    2,
    2,
    5,
    5,
    5,
    5,
    5,
    5,
    5,
    5,
    5,
    5,
    5,
    5,
    5,
    5,
    5,
    5,
    5,
    5,
    5,
    5,
    5,
    5,
    5,
    2,
    5,
    2,
    2,
    5,
    5,
    5,
    5,
    5,
    5,
    5,
    5,
    5,
    5,
    5,
    5,
    2,
    5,
    5,
    5,
    5,
    5,
    5,
    5,
    5,
    5,
    5,
    0,
    0,
    0,
    0,
    0,
    2,
    0,
    0,
    0,
    0,
    5,
    5,
    5,
    2,
    2,
    2,
    2,
    2,
    5,
    5
  ],