{
  "Accuracy": 0.9885317307162155,
  "Macro Precision": 0.5815995423188027,
  "Macro Recall": 0.9046151824778828,
  "Macro F1": 0.634989268974128,
  "False Alarms": 179,
  "False Alarm Rate": 0.04257849666983825,
  "Missed Attacks": 14,
  "Detection Rate": 0.9989941083489007,
  "Confusion Matrix (actual_pred)": [
    [
      4025,
      8,
      50,
      72,
      35,
      14
    ],
    [
      1,
      306,
      0,
      0,
      0,
      0
    ],
    [
      1,
      0,
      6,
      3,
      0,
      0
    ],
    [
      2,
      0,
      2,
      28,
      0,
      0
    ],
    [
      0,
      0,
      0,
      0,
      7,
      0
    ],
    [
      10,
      0,
      3,
      7,
      0,
      13557
    ]
  ],
  "misclassified_indices": [
    46,
    276,
    290,
    291,
    566,
    772,
    774,
    780,
    876,
    877,
    878,
    879,
    880,
    881,
    882,
    883,
    884,
    885,
    886,
    887,
    888,
    889,
    890,
    891,
    892,
    893,
    894,
    895,
    896,
    897,
    898,
    899,
    900,
    901,
    1032,
    1193,
    1194,
    1195,
    1218,
    1219,
    1220,
    1221,
    1222,
    1223,
    1224,
    1225,
    1226,
    1227,
    1228,
    1229,
    1230,
    1231,
    1232,
    1233,
    1234,
    1235,
    1236,
    1237,
    1289,
    1343,
    1348,
    1349,
    1380,
    1442,
    1620,
    1674,
    1679,
    1680,
    1697,
    1731,
    1734,
    1735,
    1736,
    1739,
    1740,
    1741,
    1742,
    1743,
    1749,
    1750,
    1751,
    1754,
    1760,
    1762,
    1763,
    1764,
    1765,
    1766,
    1767,
    1768,
    1769,
    1770,
    1771,
    1772,
    1784,
    1785,
    1786,
    1787,
    1789,
    1790,
    1791,
    1792,
    1793,
    1794,
    1796,
    1797,
    1798,
    1799,
    1907,
    1908,
    1912,
    1913,
    1931,
    1939,
    2095,
    2105,
    2106,
    2107,
    2108,
    2109,
    2110,
    2111,
    2112,
    2113,
    2114,
    2115,
    2116,
    2119,
    2120,
    2122,
    2123,
    2125,
    2126,
    2127,
    2128,
    2129,
    2133,
    2134,
    2242,
    2243,
    2336,
    2337,
    2569,
    2570,
    2571,
    2572,
    2653,
    2679,
    2680,
    2681,
    2682,
    2683,
    2692,
    2696,
    2713,
    2718,
    2719,
    2720,
    2721,
    2845,
    2916,
    2950,
    2951,
    2952,
    2953,
    2954,
    2955,
    2956,
    2957,
    2958,
    2959,
    2960,
    8483,
    16519,
    16520,
    16521,
    16522,
    16523,
    16524,
    16525,
    16526,
    16527,
    16528,
    16529,
    16530,
    16531,
    16532,
    16533,
    16534,
    16535,
    16536,
    16675,
    16676,
    16678,
    16679,
    16680,
    16719,
    16728,
    16729,
    16766,
    16913,
    16914,
    17183,
    17184,
    17196,
    17197,
    17198,
    17199
  ],
  "real_flow_indices": [
    221,
    827,
    862,
    863,
    1581,
    2097,
    2099,
    2112,
    2359,
    2361,
    2362,
    2363,
    2364,
    2371,
    2372,
    2373,
    2374,
    2376,
    2378,
    2380,
    2383,
    2387,
    2388,
    2389,
    2390,
    2391,
    2392,
    2393,
    2395,
    2396,
    2397,
    2400,
    2402,
    2405,
    2757,
    3168,
    3173,
    3175,
    3246,
    3250,
    3251,
    3256,
    3257,
    3258,
    3261,
    3263,
    3269,
    3271,
    3272,
    3273,
    3274,
    3276,
    3277,
    3282,
    3284,
    3286,
    3289,
    3294,
    3422,
    3556,
    3565,
    3566,
    3681,
    3829,
    4271,
    4406,
    4432,
    4433,
    4473,
    4564,
    4570,
    4573,
    4577,
    4596,
    4597,
    4598,
    4600,
    4601,
    4612,
    4613,
    4614,
    4621,
    4640,
    4642,
    4645,
    4648,
    4649,
    4652,
    4653,
    4655,
    4656,
    4660,
    4667,
    4668,
    4686,
    4687,
    4688,
    4690,
    4704,
    4705,
    4709,
    4710,
    4717,
    4719,
    4726,
    4731,
    4732,
    4737,
    4984,
    4985,
    4991,
    4992,
    5034,
    5057,
    5431,
    5456,
    5458,
    5462,
    5463,
    5464,
    5466,
    5468,
    5470,
    5471,
    5477,
    5479,
    5483,
    5488,
    5491,
    5495,
    5497,
    5503,
    5505,
    5508,
    5511,
    5513,
    5527,
    5535,
    5792,
    5793,
    6023,
    6024,
    6619,
    6621,
    6622,
    6624,
    6830,
    6910,
    6915,
    6917,
    6918,
    6921,
    6943,
    6948,
    6988,
    7002,
    7004,
    7006,
    7007,
    7309,
    7508,
    7592,
    7593,
    7595,
    7597,
    7599,
    7600,
    7601,
    7604,
    7606,
    7607,
    7608,
    21033,
    41506,
    41513,
    41514,
    41517,
    41518,
    41520,
    41521,
    41526,
    41528,
    41531,
    41532,
    41536,
    41538,
    41539,
    41540,
    41541,
    41544,
    41546,
    41890,
    41895,
    41904,
    41905,
    41908,
    42003,
    42019,
    42020,
    42114,
    42470,
    42472,
    43122,
    43123,
    43145,
    43146,
    43147,
    43150
  ],
  "y_pred": [
    3,
    3,
    2,
    2,
    0,
    1,
    1,
    1,
    1,
    1,
    1,
    1,
    1,
    2,
    2,
    2,
    2,
    2,
    2,
    2,
    2,
    2,
    2,
    2,
    2,
    2,
    2,
    2,
    2,
    2,
    2,
    3,
    2,
    2,
    4,
    2,
    2,
    2,
    2,
    3,
    3,
    3,
    3,
    3,
    3,
    3,
    3,
    3,
    3,
    3,
    3,
    3,
    3,
    3,
    3,
    3,
    4,
    4,
    2,
    0,
    3,
    3,
    2,
    3,
    3,
    2,
    3,
    3,
    4,
    0,
    0,
    3,
    3,
    3,
    3,
    3,
    3,
    3,
    3,
    3,
    3,
    3,
    3,
    3,
    3,
    3,
    3,
    3,
    3,
    3,
    3,
    3,
    2,
    2,
    3,
    3,
    3,
    3,
    3,
    3,
    3,
    3,
    3,
    3,
    2,
    3,
    3,
    3,
    3,
    3,
    3,
    3,
    3,
    3,
    3,
    2,
    2,
    2,
    2,
    2,
    4,
    4,
    4,
    4,
    4,
    4,
    4,
    4,
    4,
    4,
    4,
    4,
    4,
    4,
    4,
    4,
    4,
    4,
    3,
    3,
    4,
    4,
    4,
    4,
    4,
    4,
    2,
    4,
    2,
    2,
    3,
    3,
    3,
    3,
    3,
    3,
    2,
    2,
    2,
    2,
    2,
    0,
    3,
    3,
    3,
    3,
    3,
    3,
    3,
    2,
    2,
    2,
    5,
    5,
    5,
    5,
    5,
    5,
    5,
    5,
    5,
    5,
    5,
    5,
    5,
    5,
    2,
    2,
    2,
    2,
    2,
    0,
    0,
    0,
    0,
    0,
    0,
    0,
    0,
    0,
    4,
    4,
    2,
    2,
    4,
    4,
    4,
    4
  ],
  "y_true": [
    0,
    0,
    0,
    0,
    1,
    0,
    0,
    0,
    0,
    0,
    0,
    0,
    0,
    0,
    0,
    0,
    0,
    0,
    0,
    0,
    0,
    0,
    0,
    0,
    0,
    0,
    0,
    0,
    0,
    0,
    0,
    0,
    0,
    0,
    0,
    0,
    0,
    0,
    0,
    0,
    0,
    0,
    0,
    0,
    2,
    2,
    2,
    0,
    0,
    0,
    0,
    0,
    0,
    0,
    0,
    0,
    0,
    0,
    0,
    2,
    0,
    0,
    0,
    0,
    0,
    0,
    0,
    0,
    0,
    3,
    3,
    0,
    0,
    0,
    0,
    0,
    0,
    0,
    0,
    0,
    0,
    0,
    0,
    0,
    0,
    0,
    0,
    0,
    0,
    0,
    0,
    0,
    3,
    3,
    0,
    0,
    0,
    0,
    0,
    0,
    0,
    0,
    0,
    0,
    0,
    0,
    0,
    0,
    0,
    0,
    0,
    0,
    0,
    0,
    0,
    0,
    0,
    0,
    0,
    0,
    0,
    0,
    0,
    0,
    0,
    0,
    0,
    0,
    0,
    0,
    0,
    0,
    0,
    0,
    0,
    0,
    0,
    0,
    0,
    0,
    0,
    0,
    0,
    0,
    0,
    0,
    0,
    0,
    0,
    0,
    0,
    0,
    0,
    0,
    0,
    0,
    0,
    0,
    0,
    0,
    0,
    5,
    5,
    5,
    5,
    5,
    5,
    5,
    5,
    5,
    5,
    5,
    0,
    0,
    0,
    0,
    0,
    0,
    0,
    0,
    0,
    0,
    0,
    0,
    0,
    0,
    0,
    0,
    0,
    0,
    0,
    5,
    5,
    5,
    5,
    5,
    5,
    5,
    5,
    5,
    0,
    0,
    0,
    0,
    0,
    0,
    0,
    0
  ]
}