{
  "Accuracy": 0.9809607659714962,
  "Macro Precision": 0.6087138508625162,
  "Macro Recall": 0.9369277762905925,
  "Macro F1": 0.6554059628282297,
  "False Alarms": 328,
  "False Alarm Rate": 0.07735849056603773,
  "Missed Attacks": 11,
  "Detection Rate": 0.9992101105845181,
  "Confusion Matrix (actual_pred)": [
    [
      3912,
      2,
      261,
      36,
      26,
      3
    ],
    [
      1,
      305,
      1,
      0,
      0,
      0
    ],
    [
      1,
      0,
      8,
      1,
      0,
      0
    ],
    [
      2,
      0,
      1,
      29,
      0,
      0
    ],
    [
      0,
      0,
      0,
      0,
      7,
      0
    ],
    [
      7,
      0,
      1,
      3,
      0,
      13566
    ]
  ],
  "misclassified_indices": [
    10,
    11,
    12,
    13,
    81,
    219,
    220,
    289,
    292,
    303,
    316,
    317,
    318,
    319,
    320,
    321,
    346,
    347,
    410,
    411,
    412,
    413,
    414,
    432,
    433,
    434,
    435,
    436,
    601,
    602,
    803,
    909,
    1063,
    1064,
    1119,
    1120,
    1121,
    1122,
    1123,
    1126,
    1127,
    1128,
    1129,
    1134,
    1135,
    1156,
    1157,
    1189,
    1190,
    1195,
    1196,
    1213,
    1214,
    1215,
    1216,
    1217,
    1218,
    1219,
    1220,
    1221,
    1232,
    1241,
    1242,
    1243,
    1244,
    1245,
    1252,
    1253,
    1256,
    1257,
    1258,
    1265,
    1318,
    1319,
    1320,
    1321,
    1322,
    1323,
    1324,
    1340,
    1341,
    1342,
    1353,
    1375,
    1376,
    1377,
    1392,
    1393,
    1394,
    1395,
    1396,
    1397,
    1398,
    1403,
    1406,
    1407,
    1418,
    1457,
    1459,
    1460,
    1461,
    1462,
    1463,
    1474,
    1475,
    1527,
    1528,
    1529,
    1530,
    1606,
    1607,
    1698,
    1699,
    1700,
    1701,
    1709,
    1710,
    1711,
    1712,
    1725,
    1726,
    1727,
    1752,
    1762,
    1764,
    1765,
    1771,
    1772,
    1773,
    1779,
    1780,
    1784,
    1785,
    1793,
    1794,
    1795,
    1804,
    1805,
    1811,
    1812,
    1813,
    1814,
    1816,
    1819,
    1820,
    1828,
    1932,
    1933,
    1935,
    1936,
    1937,
    1938,
    1942,
    1943,
    1944,
    1945,
    1976,
    2109,
    2133,
    2134,
    2135,
    2136,
    2137,
    2138,
    2139,
    2140,
    2141,
    2142,
    2143,
    2144,
    2150,
    2154,
    2155,
    2160,
    2162,
    2163,
    2164,
    2193,
    2357,
    2365,
    2366,
    2367,
    2368,
    2369,
    2594,
    2595,
    2596,
    2597,
    2598,
    2599,
    2600,
    2614,
    2615,
    2616,
    2666,
    2667,
    2668,
    2676,
    2677,
    2678,
    2679,
    2680,
    2709,
    2710,
    2711,
    2712,
    2713,
    2714,
    2715,
    2719,
    2720,
    2721,
    2722,
    2723,
    2724,
    2725,
    2726,
    2727,
    2728,
    2729,
    2730,
    2731,
    2736,
    2737,
    2738,
    2739,
    2784,
    2787,
    2797,
    2830,
    2831,
    2832,
    2833,
    2871,
    2874,
    2875,
    2878,
    2879,
    2880,
    2881,
    2882,
    2883,
    2892,
    2893,
    2894,
    2895,
    2896,
    2897,
    2899,
    2900,
    2901,
    2902,
    2911,
    2912,
    2930,
    2931,
    2932,
    2944,
    2945,
    2966,
    2967,
    2968,
    2969,
    2970,
    2980,
    2981,
    2982,
    2983,
    2984,
    16551,
    16552,
    16553,
    16554,
    16564,
    16662,
    16663,
    16664,
    16665,
    16680,
    16712,
    16717,
    16718,
    16719,
    16722,
    16723,
    16724,
    16725,
    16728,
    16729,
    16805,
    16806,
    16809,
    16810,
    16811,
    16938,
    16942,
    16943,
    16944,
    16945,
    16962,
    16963,
    16964,
    16965,
    17035,
    17036,
    17128,
    17129,
    17130,
    17131,
    17132,
    17133,
    17134,
    17233,
    17234,
    17235,
    17239,
    17240,
    17241,
    17242,
    17584,
    17585,
    17597,
    17598,
    17599,
    17627,
    17944,
    17945,
    17989,
    17990,
    18012,
    18013,
    18014,
    18015,
    18020,
    18021,
    18096,
    18097,
    18098,
    18140,
    18141,
    18142,
    18143,
    18144,
    18145,
    18159,
    18160
  ],
  "real_flow_indices": [
    46,
    47,
    48,
    50,
    225,
    582,
    584,
    782,
    795,
    825,
    859,
    860,
    864,
    866,
    867,
    868,
    931,
    933,
    1104,
    1105,
    1107,
    1109,
    1110,
    1162,
    1165,
    1166,
    1167,
    1168,
    1581,
    1586,
    2095,
    2361,
    2754,
    2759,
    2914,
    2918,
    2921,
    2922,
    2923,
    2937,
    2938,
    2940,
    2941,
    2950,
    2951,
    2999,
    3000,
    3087,
    3089,
    3105,
    3106,
    3162,
    3166,
    3167,
    3169,
    3171,
    3172,
    3173,
    3174,
    3177,
    3214,
    3233,
    3238,
    3240,
    3243,
    3244,
    3258,
    3259,
    3268,
    3270,
    3273,
    3291,
    3419,
    3421,
    3422,
    3423,
    3425,
    3427,
    3428,
    3478,
    3481,
    3486,
    3514,
    3598,
    3599,
    3605,
    3647,
    3648,
    3649,
    3652,
    3654,
    3655,
    3656,
    3676,
    3679,
    3681,
    3710,
    3782,
    3793,
    3794,
    3795,
    3797,
    3798,
    3827,
    3829,
    3942,
    3943,
    3944,
    3947,
    4159,
    4160,
    4399,
    4401,
    4402,
    4405,
    4431,
    4432,
    4433,
    4435,
    4473,
    4476,
    4478,
    4537,
    4564,
    4573,
    4576,
    4595,
    4597,
    4599,
    4612,
    4614,
    4622,
    4623,
    4645,
    4646,
    4647,
    4666,
    4667,
    4685,
    4686,
    4689,
    4690,
    4697,
    4701,
    4704,
    4727,
    4958,
    4967,
    4970,
    4972,
    4973,
    4978,
    4993,
    4995,
    4996,
    4998,
    5062,
    5387,
    5460,
    5461,
    5464,
    5466,
    5468,
    5469,
    5470,
    5471,
    5472,
    5473,
    5474,
    5475,
    5488,
    5496,
    5497,
    5507,
    5519,
    5525,
    5527,
    5605,
    5992,
    6017,
    6023,
    6025,
    6026,
    6027,
    6618,
    6619,
    6621,
    6622,
    6625,
    6626,
    6627,
    6665,
    6666,
    6669,
    6804,
    6806,
    6807,
    6831,
    6839,
    6843,
    6844,
    6845,
    6909,
    6911,
    6912,
    6914,
    6916,
    6917,
    6918,
    6926,
    6927,
    6928,
    6930,
    6932,
    6933,
    6934,
    6937,
    6938,
    6939,
    6941,
    6942,
    6944,
    6956,
    6957,
    6959,
    6961,
    7062,
    7079,
    7102,
    7204,
    7207,
    7208,
    7210,
    7312,
    7317,
    7321,
    7329,
    7330,
    7332,
    7333,
    7335,
    7337,
    7358,
    7361,
    7363,
    7364,
    7365,
    7368,
    7374,
    7375,
    7376,
    7380,
    7428,
    7431,
    7475,
    7477,
    7478,
    7505,
    7508,
    7563,
    7565,
    7567,
    7568,
    7569,
    7592,
    7593,
    7595,
    7597,
    7599,
    41504,
    41507,
    41509,
    41511,
    41539,
    41767,
    41769,
    41772,
    41773,
    41824,
    41893,
    41904,
    41913,
    41914,
    41922,
    41923,
    41924,
    41925,
    41931,
    41932,
    42113,
    42119,
    42124,
    42125,
    42126,
    42453,
    42469,
    42470,
    42472,
    42476,
    42507,
    42510,
    42515,
    42517,
    42669,
    42671,
    42875,
    42876,
    42877,
    42880,
    42881,
    42884,
    42889,
    43122,
    43123,
    43126,
    43144,
    43149,
    43150,
    43153,
    44001,
    44002,
    44039,
    44040,
    44041,
    44109,
    44865,
    44869,
    44976,
    44978,
    45039,
    45042,
    45043,
    45044,
    45063,
    45064,
    45258,
    45259,
    45260,
    45357,
    45359,
    45360,
    45362,
    45363,
    45364,
    45407,
    45409
  ],