{
  "Accuracy": 0.9762915586921762,
  "Macro Precision": 0.5018157289812778,
  "Macro Recall": 0.6599437382920549,
  "Macro F1": 0.4806415534374801,
  "False Alarms": 288,
  "False Alarm Rate": 0.06850618458610847,
  "Missed Attacks": 22,
  "Detection Rate": 0.9984072974733946,
  "Confusion Matrix (actual_pred)": [
    [
      3916,
      7,
      124,
      0,
      155,
      2
    ],
    [
      1,
      224,
      0,
      0,
      82,
      0
    ],
    [
      7,
      0,
      3,
      0,
      0,
      0
    ],
    [
      5,
      0,
      27,
      0,
      0,
      0
    ],
    [
      0,
      0,
      0,
      0,
      7,
      0
    ],
    [
      9,
      0,
      0,
      0,
      11,
      13557
    ]
  ],
  "misclassified_indices": [
    48,
    83,
    84,
    85,
    91,
    92,
    93,
    94,
    276,
    566,
    567,
    568,
    569,
    570,
    571,
    572,
    573,
    574,
    575,
    576,
    577,
    578,
    579,
    580,
    581,
    582,
    583,
    584,
    585,
    586,
    587,
    588,
    589,
    590,
    591,
    592,
    593,
    594,
    595,
    596,
    597,
    598,
    599,
    600,
    601,
    602,
    603,
    772,
    774,
    776,
    777,
    778,
    779,
    780,
    781,
    782,
    783,
    784,
    785,
    786,
    787,
    788,
    789,
    790,
    791,
    792,
    793,
    794,
    795,
    796,
    797,
    798,
    799,
    800,
    801,
    802,
    803,
    804,
    805,
    806,
    807,
    808,
    809,
    810,
    811,
    812,
    813,
    814,
    815,
    816,
    817,
    818,
    819,
    820,
    821,
    876,
    877,
    878,
    879,
    880,
    881,
    882,
    883,
    884,
    885,
    894,
    895,
    896,
    897,
    1107,
    1168,
    1195,
    1210,
    1218,
    1219,
    1220,
    1221,
    1222,
    1223,
    1227,
    1228,
    1229,
    1230,
    1231,
    1232,
    1288,
    1343,
    1345,
    1346,
    1347,
    1420,
    1421,
    1422,
    1423,
    1424,
    1497,
    1499,
    1500,
    1501,
    1502,
    1503,
    1506,
    1507,
    1586,
    1620,
    1621,
    1675,
    1676,
    1677,
    1678,
    1679,
    1680,
    1681,
    1706,
    1707,
    1708,
    1725,
    1731,
    1732,
    1734,
    1736,
    1737,
    1738,
    1739,
    1740,
    1741,
    1742,
    1743,
    1744,
    1745,
    1746,
    1747,
    1748,
    1749,
    1750,
    1751,
    1752,
    1753,
    1754,
    1755,
    1756,
    1757,
    1758,
    1759,
    1760,
    1761,
    1762,
    1763,
    1764,
    1765,
    1771,
    1772,
    1773,
    1774,
    1775,
    1776,
    1777,
    1778,
    1779,
    1780,
    1781,
    1782,
    1783,
    1784,
    1785,
    1786,
    1787,
    1788,
    1789,
    1790,
    1838,
    1839,
    1840,
    1861,
    1890,
    1891,
    1898,
    1900,
    1901,
    1902,
    1903,
    1904,
    1905,
    1906,
    1907,
    1908,
    1909,
    1910,
    1911,
    1912,
    1913,
    1914,
    1915,
    1916,
    1917,
    1918,
    1919,
    1928,
    1929,
    1930,
    1931,
    1932,
    1933,
    1934,
    1935,
    1936,
    1937,
    1938,
    1939,
    1940,
    1941,
    1981,
    1982,
    1983,
    1984,
    1985,
    1986,
    1987,
    1988,
    1989,
    1990,
    1991,
    1992,
    1993,
    1994,
    1995,
    1996,
    1997,
    2024,
    2025,
    2026,
    2027,
    2028,
    2029,
    2030,
    2079,
    2080,
    2092,
    2093,
    2094,
    2095,
    2096,
    2097,
    2098,
    2099,
    2100,
    2102,
    2103,
    2104,
    2105,
    2106,
    2107,
    2108,
    2109,
    2110,
    2111,
    2112,
    2113,
    2114,
    2119,
    2120,
    2122,
    2123,
    2125,
    2126,
    2127,
    2133,
    2239,
    2240,
    2241,
    2242,
    2243,
    2244,
    2245,
    2659,
    2683,
    2684,
    2685,
    2686,
    2687,
    2688,
    2689,
    2690,
    2691,
    2692,
    2693,
    2694,
    2695,
    2696,
    2697,
    2698,
    2699,
    2700,
    2701,
    2702,
    2703,
    2704,
    2705,
    2706,
    2707,
    2708,
    2709,
    2710,
    2711,
    2712,
    2713,
    2714,
    2715,
    2819,
    2836,
    2837,
    2850,
    2851,
    2852,
    2853,
    2854,
    2855,
    2856,
    2857,
    2858,
    2859,
    2860,
    2861,
    2862,
    2863,
    2864,
    2865,
    2866,
    2867,
    2868,
    2869,
    2870,
    2871,
    2872,
    2873,
    2916,
    2917,
    2949,
    2950,
    2951,
    2952,
    2953,
    2954,
    2955,
    2956,
    2957,
    2958,
    2959,
    2960,
    8483,
    16519,
    16520,
    16521,
    16522,
    16606,
    16607,
    16608,
    16609,
    16610,
    16611,
    16675,
    16676,
    16678,
    16679,
    16680,
    16719,
    16728,
    16729,
    16766,
    16912,
    16913,
    16914,
    16915,
    16916,
    16999,
    17000,
    17001,
    17002,
    17003,
    17004,
    17005,
    17006,
    17018,
    17019,
    17020,
    17021,
    17022,
    17023,
    17024,
    17982
  ],