{
  "Accuracy": 0.9986243328014087,
  "Macro Precision": 0.8958961281164829,
  "Macro Recall": 0.971818631941802,
  "Macro F1": 0.9301399218843186,
  "False Alarms": 11,
  "False Alarm Rate": 0.0025943396226415093,
  "Missed Attacks": 11,
  "Detection Rate": 0.9992103374012922,
  "Confusion Matrix (actual_pred)": [
    [
      4229,
      0,
      2,
      6,
      1,
      2
    ],
    [
      1,
      306,
      0,
      0,
      0,
      0
    ],
    [
      0,
      0,
      9,
      1,
      0,
      0
    ],
    [
      0,
      0,
      2,
      30,
      0,
      0
    ],
    [
      0,
      0,
      0,
      0,
      7,
      0
    ],
    [
      10,
      0,
      0,
      0,
      0,
      13567
    ]
  ],
  "misclassified_indices": [
    601,
    1214,
    1275,
    1276,
    1762,
    1764,
    1779,
    1804,
    1811,
    1812,
    1816,
    2150,
    2980,
    2981,
    2982,
    2984,
    16552,
    16553,
    16712,
    16717,
    16718,
    16719,
    16805,
    16806,
    17990
  ],
  "real_flow_indices": [
    1581,
    3166,
    3319,
    3320,
    4564,
    4573,
    4612,
    4666,
    4685,
    4686,
    4697,
    5488,
    7592,
    7593,
    7595,
    7599,
    41507,
    41509,
    41893,
    41904,
    41913,
    41914,
    42113,
    42119,
    44978
  ],
  "y_pred": [
    0,
    2,
    3,
    3,
    2,
    3,
    3,
    2,
    3,
    3,
    3,
    4,
    0,
    0,
    0,
    0,
    5,
    5,
    0,
    0,
    0,
    0,
    0,
    0,
    2
  ],
  "y_true": [
    1,
    0,
    2,
    0,
    3,
    0,
    0,
    3,
    0,
    0,
    0,
    0,
    5,
    5,
    5,
    5,
    0,
    0,
    5,
    5,
    5,
    5,
    5,
    5,
    0
  ]
}