{
  "Accuracy": 0.9965264376688537,
  "Macro Precision": 0.7295224373800416,
  "Macro Recall": 0.9537635130018297,
  "Macro F1": 0.8008612384496213,
  "False Alarms": 45,
  "False Alarm Rate": 0.010704091341579448,
  "Missed Attacks": 16,
  "Detection Rate": 0.9988514823056492,
  "Confusion Matrix (actual_pred)": [
    [
      4159,
      3,
      12,
      17,
      11,
      2
    ],
    [
      1,
      306,
      0,
      0,
      0,
      0
    ],
    [
      2,
      0,
      8,
      0,
      0,
      0
    ],
    [
      0,
      0,
      2,
      30,
      0,
      0
    ],
    [
      0,
      0,
      0,
      0,
      7,
      0
    ],
    [
      13,
      0,
      0,
      0,
      0,
      13564
    ]
  ],
  "misclassified_indices": [
    222,
    268,
    566,
    876,
    877,
    878,
    1095,
    1168,
    1181,
    1195,
    1288,
    1731,
    1732,
    1735,
    1739,
    1740,
    1741,
    1742,
    1743,
    1749,
    1750,
    1754,
    1760,
    1762,
    1764,
    1784,
    1785,
    1786,
    1787,
    1796,
    1898,
    1899,
    2005,
    2053,
    2110,
    2111,
    2112,
    2113,
    2119,
    2120,
    2122,
    2123,
    2125,
    2126,
    2129,
    2334,
    2414,
    2916,
    2950,
    2951,
    2952,
    2953,
    8483,
    16519,
    16675,
    16676,
    16678,
    16679,
    16680,
    16719,
    16728,
    16729,
    16766
  ],
  "real_flow_indices": [
    672,
    812,
    1581,
    2359,
    2361,
    2362,
    2916,
    3101,
    3135,
    3175,
    3420,
    4564,
    4565,
    4573,
    4596,
    4597,
    4598,
    4600,
    4601,
    4612,
    4613,
    4621,
    4640,
    4642,
    4648,
    4686,
    4687,
    4688,
    4690,
    4726,
    4960,
    4962,
    5204,
    5330,
    5466,
    5468,
    5470,
    5471,
    5488,
    5491,
    5495,
    5497,
    5503,
    5505,
    5513,
    6014,
    6234,
    7508,
    7592,
    7593,
    7595,
    7597,
    21033,
    41506,
    41890,
    41895,
    41904,
    41905,
    41908,
    42003,
    42019,
    42020,
    42114
  ],
  "y_pred": [
    2,
    2,
    0,
    1,
    1,
    1,
    2,
    0,
    2,
    2,
    0,
    2,
    2,
    3,
    3,
    3,
    3,
    3,
    3,
    3,
    3,
    3,
    3,
    3,
    3,
    3,
    3,
    3,
    3,
    3,
    2,
    2,
    2,
    2,
    4,
    4,
    4,
    4,
    4,
    4,
    4,
    4,
    4,
    4,
    4,
    2,
    2,
    2,
    0,
    0,
    0,
    0,
    5,
    5,
    0,
    0,
    0,
    0,
    0,
    0,
    0,
    0,
    0
  ],
  "y_true": [
    0,
    0,
    1,
    0,
    0,
    0,
    0,
    2,
    0,
    0,
    2,
    3,
    3,
    0,
    0,
    0,
    0,
    0,
    0,
    0,
    0,
    0,
    0,
    0,
    0,
    0,
    0,
    0,
    0,
    0,
    0,
    0,
    0,
    0,
    0,
    0,
    0,
    0,
    0,
    0,
    0,
    0,
    0,
    0,
    0,
    0,
    0,
    0,
    5,
    5,
    5,
    5,
    0,
    0,
    5,
    5,
    5,
    5,
    5,
    5,
    5,
    5,
    5
  ]
}