{
  "Accuracy": 0.9703920163202293,
  "Macro Precision": 0.514921152568407,
  "Macro Recall": 0.7873801953529617,
  "Macro F1": 0.5232030504381094,
  "False Alarms": 474,
  "False Alarm Rate": 0.11274976213130353,
  "Missed Attacks": 18,
  "Detection Rate": 0.9987039170506913,
  "Confusion Matrix (actual_pred)": [
    [
      3730,
      7,
      0,
      278,
      187,
      2
    ],
    [
      1,
      306,
      0,
      0,
      0,
      0
    ],
    [
      4,
      0,
      0,
      4,
      2,
      0
    ],
    [
      4,
      0,
      1,
      27,
      0,
      0
    ],
    [
      0,
      0,
      0,
      0,
      7,
      0
    ],
    [
      9,
      0,
      0,
      3,
      35,
      13530
    ]
  ],
  "misclassified_indices": [
    45,
    46,
    47,
    48,
    73,
    74,
    75,
    76,
    82,
    83,
    84,
    85,
    93,
    206,
    210,
    272,
    273,
    274,
    275,
    276,
    277,
    290,
    291,
    566,
    772,
    774,
    780,
    876,
    877,
    878,
    879,
    880,
    881,
    882,
    883,
    884,
    885,
    886,
    887,
    888,
    889,
    890,
    891,
    892,
    893,
    894,
    895,
    896,
    897,
    898,
    899,
    914,
    976,
    1032,
    1168,
    1193,
    1194,
    1195,
    1210,
    1217,
    1218,
    1219,
    1220,
    1221,
    1222,
    1223,
    1224,
    1225,
    1226,
    1227,
    1228,
    1229,
    1230,
    1231,
    1232,
    1233,
    1234,
    1235,
    1236,
    1237,
    1288,
    1289,
    1290,
    1291,
    1312,
    1313,
    1314,
    1343,
    1345,
    1346,
    1347,
    1348,
    1349,
    1380,
    1405,
    1406,
    1416,
    1418,
    1419,
    1420,
    1421,
    1422,
    1423,
    1424,
    1441,
    1442,
    1443,
    1499,
    1500,
    1501,
    1543,
    1544,
    1545,
    1546,
    1583,
    1584,
    1585,
    1586,
    1616,
    1617,
    1618,
    1619,
    1620,
    1672,
    1673,
    1674,
    1676,
    1680,
    1698,
    1705,
    1706,
    1707,
    1722,
    1723,
    1724,
    1725,
    1726,
    1731,
    1732,
    1734,
    1735,
    1736,
    1739,
    1740,
    1741,
    1742,
    1743,
    1749,
    1750,
    1751,
    1754,
    1760,
    1762,
    1763,
    1764,
    1765,
    1766,
    1767,
    1768,
    1769,
    1770,
    1771,
    1772,
    1784,
    1785,
    1786,
    1787,
    1789,
    1790,
    1791,
    1792,
    1793,
    1835,
    1836,
    1837,
    1838,
    1839,
    1840,
    1860,
    1861,
    1884,
    1885,
    1886,
    1887,
    1900,
    1901,
    1902,
    1903,
    1904,
    1905,
    1906,
    1907,
    1908,
    1909,
    1910,
    1911,
    1912,
    1913,
    1914,
    1915,
    1916,
    1917,
    1918,
    1919,
    1920,
    1921,
    1922,
    1923,
    1924,
    1925,
    1926,
    1927,
    1928,
    1929,
    1930,
    1931,
    1932,
    1933,
    1934,
    1935,
    1936,
    1937,
    1938,
    1939,
    1940,
    1941,
    1962,
    1963,
    1964,
    1965,
    1979,
    1980,
    1981,
    1991,
    1992,
    1993,
    1994,
    1995,
    1996,
    1997,
    2011,
    2012,
    2021,
    2022,
    2023,
    2024,
    2025,
    2026,
    2027,
    2028,
    2029,
    2074,
    2075,
    2076,
    2077,
    2078,
    2079,
    2092,
    2093,
    2094,
    2095,
    2096,
    2097,
    2105,
    2106,
    2107,
    2108,
    2109,
    2110,
    2111,
    2112,
    2113,
    2114,
    2115,
    2116,
    2119,
    2120,
    2122,
    2123,
    2125,
    2126,
    2127,
    2128,
    2129,
    2133,
    2134,
    2135,
    2235,
    2236,
    2237,
    2238,
    2239,
    2240,
    2241,
    2242,
    2243,
    2244,
    2245,
    2336,
    2337,
    2338,
    2339,
    2505,
    2533,
    2534,
    2535,
    2536,
    2569,
    2570,
    2571,
    2572,
    2630,
    2631,
    2641,
    2642,
    2643,
    2644,
    2654,
    2680,
    2681,
    2682,
    2683,
    2684,
    2685,
    2686,
    2687,
    2688,
    2689,
    2690,
    2691,
    2692,
    2693,
    2694,
    2695,
    2696,
    2697,
    2698,
    2699,
    2700,
    2701,
    2702,
    2703,
    2704,
    2705,
    2706,
    2707,
    2708,
    2709,
    2710,
    2711,
    2712,
    2713,
    2714,
    2715,
    2716,
    2717,
    2718,
    2719,
    2720,
    2721,
    2722,
    2723,
    2724,
    2725,
    2726,
    2813,
    2845,
    2846,
    2847,
    2848,
    2849,
    2850,
    2851,
    2852,
    2853,
    2854,
    2855,
    2856,
    2857,
    2858,
    2859,
    2860,
    2861,
    2862,
    2863,
    2864,
    2865,
    2866,
    2867,
    2868,
    2869,
    2870,
    2871,
    2872,
    2873,
    2874,
    2875,
    2876,
    2915,
    2916,
    2917,
    2935,
    2936,
    2937,
    2946,
    2947,
    2948,
    2949,
    2950,
    2951,
    2952,
    2953,
    2954,
    2955,
    2956,
    2957,
    2958,
    2959,
    2960,
    2961,
    2962,
    2963,
    2964,
    2965,
    2966,
    2967,
    2968,
    2969,
    2970,
    2971,
    2972,
    2973,
    2974,
    2975,
    2976,
    2977,
    2978,
    2979,
    2980,
    2981,
    2982,
    2983,
    2984,
    2985,
    2986,
    2987,
    8483,
    16519,
    16520,
    16521,
    16522,
    16523,
    16524,
    16525,
    16526,
    16527,
    16528,
    16532,
    16594,
    16606,
    16607,
    16608,
    16609,
    16675,
    16676,
    16678,
    16679,
    16680,
    16716,
    16717,
    16718,
    16719,
    16728,
    16729,
    16766,
    16907,
    16908,
    16909,
    16910,
    16912,
    16913,
    16914,
    16915,
    16916,
    16917,
    16932,
    16996,
    16997,
    16998,
    16999,
    17000,
    17001,
    17002,
    17003,
    17004,
    17005,
    17006,
    17018,
    17019,
    17020,
    17021,
    17081,
    17082,
    17083,
    17084,
    17085,
    17086,
    17087,
    17088,
    17089,
    17090,
    17091,
    17186,
    17196,
    17197,
    17198,
    17199,
    17200,
    17236,
    17309,
    17310,
    17390,
    17391,
    17525,
    17526,
    17589,
    17590,
    17591,
    17592,
    17593,
    17594,
    17780,
    17942,
    17982,
    18107,
    18108,
    18124
  ],