{
  "Accuracy": 0.9977439057943103,
  "Macro Precision": 0.7862448326281984,
  "Macro Recall": 0.9379620166568885,
  "Macro F1": 0.8417740865687705,
  "False Alarms": 24,
  "False Alarm Rate": 0.005660377358490566,
  "Missed Attacks": 9,
  "Detection Rate": 0.9993536804308797,
  "Confusion Matrix (actual_pred)": [
    [
      4216,
      2,
      5,
      6,
      8,
      3
    ],
    [
      1,
      306,
      0,
      0,
      0,
      0
    ],
    [
      0,
      0,
      7,
      3,
      0,
      0
    ],
    [
      0,
      0,
      2,
      30,
      0,
      0
    ],
    [
      0,
      0,
      0,
      0,
      7,
      0
    ],
    [
      8,
      3,
      0,
      0,
      0,
      13566
    ]
  ],
  "misclassified_indices": [
    410,
    601,
    803,
    909,
    1214,
    1243,
    1256,
    1275,
    1403,
    1762,
    1764,
    1773,
    1804,
    1811,
    1812,
    1814,
    2108,
    2140,
    2150,
    2154,
    2155,
    2162,
    2980,
    2981,
    2982,
    2983,
    2984,
    16551,
    16552,
    16553,
    16712,
    16717,
    16718,
    16719,
    16728,
    16805,
    16806,
    17232,
    17240,
    17990,
    18096
  ],
  "real_flow_indices": [
    1104,
    1581,
    2095,
    2361,
    3166,
    3240,
    3268,
    3319,
    3676,
    4564,
    4573,
    4599,
    4666,
    4685,
    4686,
    4690,
    5381,
    5471,
    5488,
    5496,
    5497,
    5519,
    7592,
    7593,
    7595,
    7597,
    7599,
    41504,
    41507,
    41509,
    41893,
    41904,
    41913,
    41914,
    41931,
    42113,
    42119,
    43121,
    43149,
    44978,
    45258
  ],
  "y_pred": [
    4,
    0,
    1,
    1,
    2,
    2,
    3,
    3,
    3,
    2,
    3,
    3,
    2,
    3,
    3,
    3,
    4,
    2,
    4,
    4,
    4,
    4,
    0,
    0,
    1,
    1,
    1,
    5,
    5,
    5,
    0,
    0,
    0,
    0,
    3,
    0,
    0,
    4,
    2,
    2,
    4
  ],
  "y_true": [
    0,
    1,
    0,
    0,
    0,
    0,
    2,
    2,
    2,
    3,
    0,
    0,
    3,
    0,
    0,
    0,
    0,
    0,
    0,
    0,
    0,
    0,
    5,
    5,
    5,
    5,
    5,
    0,
    0,
    0,
    5,
    5,
    5,
    5,
    0,
    5,
    5,
    0,
    0,
    0,
    0
  ]
}