{"accuracy": [0.8748141527175903, 0.9088005423545837, 0.9729757308959961, 0.99068284034729, 0.9967029094696045, 0.997821569442749, 0.9991021156311035, 0.9982484579086304], "loss": [0.5863350629806519, 0.2693403363227844, 0.10943137854337692, 0.04833618178963661, 0.017467988654971123, 0.006148789543658495, 0.0021912686061114073, 0.006576191633939743], "val_accuracy": [0.6826069951057434, 0.9952311515808105, 0.9978805184364319, 0.9981454610824585, 0.998542845249176, 0.998542845249176, 0.9998675584793091, 0.9996026158332825], "val_loss": [0.8469691276550293, 0.3572832942008972, 0.2932998538017273, 0.40723496675491333, 0.4773988723754883, 0.48941725492477417, 0.7759220600128174, 0.4564128518104553]}