{"accuracy": 0.9968211710011324, "precision": 0.08045977011494253, "recall": 1.0, "f1": 0.14893617021276595, "confusion_matrix": [[50159, 160], [0, 14]]}