{
  "accuracy": 0.6845430882031514,
  "precision": 0.6909837112209561,
  "recall": 0.8887100899614023,
  "f1": 0.7397090537089824,
  "confusion_matrix": [
    [
      20913,
      1,
      8,
      4,
      7,
      15852
    ],
    [
      0,
      7,
      1,
      0,
      0,
      0
    ],
    [
      0,
      0,
      9,
      0,
      0,
      0
    ],
    [
      0,
      0,
      0,
      14,
      0,
      0
    ],
    [
      1,
      0,
      0,
      0,
      8,
      0
    ],
    [
      2,
      0,
      0,
      0,
      0,
      13500
    ]
  ]
}