{
  "accuracy": 0.9995628589027759,
  "precision": 0.8782637087555324,
  "recall": 0.9694494779018705,
  "f1": 0.9186647815622445,
  "confusion_matrix": [
    [
      20894,
      2,
      2,
      0,
      1,
      1
    ],
    [
      0,
      8,
      0,
      0,
      0,
      0
    ],
    [
      0,
      0,
      8,
      1,
      0,
      0
    ],
    [
      0,
      0,
      1,
      13,
      0,
      0
    ],
    [
      0,
      0,
      0,
      0,
      7,
      0
    ],
    [
      13,
      0,
      1,
      0,
      0,
      29375
    ]
  ],
  "misclassified_indices": [
    8117,
    9359,
    9973,
    11729,
    12712,
    15628,
    15816,
    15965,
    45840,
    45871,
    45872,
    45873,
    45874,
    45887,
    45889,
    45891,
    46035,
    46037,
    46139,
    46141,
    46142,
    46949
  ],
  "real_flow_indices": [
    20247,
    23250,
    24688,
    29049,
    31613,
    39012,
    39483,
    39857,
    114533,
    114608,
    114612,
    114614,
    114616,
    114647,
    114655,
    114661,
    115033,
    115037,
    115298,
    115300,
    115304,
    117244
  ],
  "y_pred": [
    4,
    1,
    3,
    2,
    2,
    2,
    0,
    2,
    5,
    0,
    0,
    0,
    0,
    0,
    0,
    0,
    0,
    0,
    0,
    0,
    0,
    1
  ],
  "y_true": [
    0,
    0,
    2,
    3,
    0,
    0,
    5,
    5,
    0,
    5,
    5,
    5,
    5,
    5,
    5,
    5,
    5,
    5,
    5,
    5,
    5,
    0
  ]
}