{
  "accuracy": 0.9992844507165431,
  "precision": 0.6209516519964281,
  "recall": 0.6619236159157559,
  "f1": 0.621784065516889,
  "confusion_matrix": [
    [
      20884,
      0,
      0,
      0,
      0,
      0
    ],
    [
      0,
      6,
      2,
      0,
      0,
      0
    ],
    [
      2,
      0,
      2,
      5,
      0,
      0
    ],
    [
      0,
      0,
      0,
      14,
      0,
      0
    ],
    [
      3,
      0,
      0,
      4,
      0,
      0
    ],
    [
      15,
      3,
      0,
      2,
      0,
      29369
    ]
  ],
  "misclassified_indices": [
    8690,
    8708,
    9724,
    9955,
    10048,
    10373,
    10374,
    10472,
    10504,
    12819,
    12820,
    12821,
    12905,
    12906,
    12912,
    12928,
    15808,
    15959,
    15960,
    15961,
    15962,
    45841,
    45842,
    45845,
    45857,
    45858,
    45860,
    46005,
    46007,
    46009,
    46021,
    46110,
    46112,
    46114,
    46117,
    46119
  ],
  "real_flow_indices": [
    21649,
    21684,
    24137,
    24688,
    24927,
    25734,
    25735,
    25976,
    26060,
    31965,
    31966,
    31967,
    32189,
    32194,
    32221,
    32260,
    39483,
    39857,
    39860,
    39861,
    39862,
    114604,
    114608,
    114616,
    114649,
    114655,
    114659,
    115033,
    115035,
    115037,
    115068,
    115296,
    115300,
    115302,
    115306,
    115308
  ],
  "y_pred": [
    2,
    2,
    3,
    3,
    0,
    3,
    3,
    3,
    0,
    0,
    3,
    0,
    3,
    0,
    3,
    3,
    3,
    3,
    1,
    1,
    1,
    0,
    0,
    0,
    0,
    0,
    0,
    0,
    0,
    0,
    0,
    0,
    0,
    0,
    0,
    0
  ],
  "y_true": [
    1,
    1,
    2,
    2,
    2,
    2,
    2,
    2,
    2,
    4,
    4,
    4,
    4,
    4,
    4,
    4,
    5,
    5,
    5,
    5,
    5,
    5,
    5,
    5,
    5,
    5,
    5,
    5,
    5,
    5,
    5,
    5,
    5,
    5,
    5,
    5
  ]
}