{
  "accuracy": 0.9994832144063922,
  "precision": 0.9290015030814717,
  "recall": 0.8735545894154148,
  "f1": 0.8932979914744316,
  "confusion_matrix": [
    [
      20880,
      0,
      3,
      0,
      0,
      1
    ],
    [
      2,
      6,
      0,
      0,
      0,
      0
    ],
    [
      1,
      0,
      7,
      1,
      0,
      0
    ],
    [
      0,
      0,
      0,
      14,
      0,
      0
    ],
    [
      1,
      0,
      0,
      1,
      5,
      0
    ],
    [
      16,
      0,
      0,
      0,
      0,
      29373
    ]
  ],
  "misclassified_indices": [
    8690,
    8691,
    10048,
    10504,
    11780,
    12819,
    12905,
    15808,
    45337,
    45338,
    45811,
    45841,
    45842,
    45845,
    45857,
    45858,
    45860,
    46005,
    46007,
    46009,
    46021,
    46110,
    46112,
    46114,
    46117,
    46119
  ],
  "real_flow_indices": [
    21649,
    21650,
    24927,
    26060,
    29216,
    31965,
    32189,
    39483,
    113314,
    113315,
    114533,
    114604,
    114608,
    114616,
    114649,
    114655,
    114659,
    115033,
    115035,
    115037,
    115068,
    115296,
    115300,
    115302,
    115306,
    115308
  ],
  "y_pred": [
    0,
    0,
    0,
    3,
    2,
    0,
    3,
    0,
    2,
    2,
    5,
    0,
    0,
    0,
    0,
    0,
    0,
    0,
    0,
    0,
    0,
    0,
    0,
    0,
    0,
    0
  ],
  "y_true": [
    1,
    1,
    2,
    2,
    0,
    4,
    4,
    5,
    0,
    0,
    0,
    5,
    5,
    5,
    5,
    5,
    5,
    5,
    5,
    5,
    5,
    5,
    5,
    5,
    5,
    5
  ]
}