ts,rss_bytes,rss_mb,proc_cpu_percent,system_mem_percent,system_mem_available_mb
2026-05-27T00:49:10.061731+00:00Z,1086513152,1036.1796875,1549.2,37.2,40015.4609375
