{"accuracy": [0.997438907623291, 0.9997203350067139, 0.9997056126594543, 0.9997203350067139, 0.999779224395752, 0.9998233914375305, 0.9997939467430115, 0.9998528361320496, 0.9998674988746643, 0.9998822212219238, 0.9999263882637024], "loss": [0.011273618787527084, 0.0016387264477089047, 0.0010608754819259048, 0.0008191820234060287, 0.0006685437983833253, 0.00045767732081003487, 0.0004543984541669488, 0.0003234662290196866, 0.0002998128184117377, 0.00018588440434541553, 0.00020518375094980001], "val_accuracy": [1.0, 1.0, 1.0, 1.0, 1.0, 1.0, 1.0, 1.0, 1.0, 1.0, 1.0], "val_loss": [0.00019723590230569243, 0.0005953731015324593, 8.339330088347197e-05, 5.14073053636821e-06, 9.312337351730093e-05, 5.0494350034568924e-06, 5.783846518170321e-06, 1.633290776226204e-05, 8.917781997297425e-06, 5.079048150946619e-06, 1.2581250302901026e-05]}