{
  "accuracy": 0.9997216201706071,
  "precision": 1.0,
  "recall": 0.9995236312906189,
  "f1": 0.9997617589000068,
  "confusion_matrix": [
    [
      20902,
      0
    ],
    [
      14,
      29375
    ]
  ],
  "misclassified_samples": {
    "total_misclassified": 14,
    "per_phase": {
      "0": 0,
      "1": 0,
      "2": 0,
      "3": 0,
      "4": 0,
      "5": 14
    }
  }
}