{"accuracy": [0.9397253394126892, 0.9065926671028137, 0.9559457898139954, 0.9952899217605591, 0.9957461953163147, 0.9973505735397339, 0.9981748461723328, 0.9984986782073975, 0.9988371729850769, 0.9986900091171265, 0.9984397888183594, 0.9987930059432983, 0.9992787837982178, 0.9992051720619202, 0.9994406700134277, 0.9985575079917908, 0.9982925653457642, 0.9989549517631531, 0.9993523359298706, 0.9994112253189087, 0.9994259476661682, 0.9993376135826111, 0.999587893486023, 0.9994995594024658], "loss": [0.915810763835907, 0.328745573759079, 0.11646030098199844, 0.02004038356244564, 0.013065596111118793, 0.006744718179106712, 0.0066561405546963215, 0.0047541125677526, 0.004412210546433926, 0.005368766840547323, 0.006581078749150038, 0.004644878674298525, 0.0032065610866993666, 0.002949149813503027, 0.0040451157838106155, 0.007388254627585411, 0.008440903387963772, 0.0030090471263974905, 0.0019051098497584462, 0.0029983632266521454, 0.0021088600624352694, 0.002811012091115117, 0.0022942277137190104, 0.002952476730570197], "val_accuracy": [0.9998675584793091, 0.9923168420791626, 0.988342821598053, 0.9974831342697144, 0.9931116700172424, 0.9989402294158936, 0.9989402294158936, 0.9996026158332825, 0.9992051720619202, 0.9990727305412292, 0.9986753463745117, 0.9990727305412292, 0.9997350573539734, 0.9998675584793091, 0.9996026158332825, 0.9997350573539734, 0.9990727305412292, 0.9993376731872559, 0.9998675584793091, 0.9992051720619202, 0.9998675584793091, 0.9997350573539734, 0.9997350573539734, 0.9992051720619202], "val_loss": [0.07830903679132462, 0.03464341536164284, 0.039495598524808884, 0.0073767295107245445, 0.012549669481813908, 0.0020091289188712835, 0.0018319501541554928, 0.0011096802772954106, 0.0013364889891818166, 0.0012382279383018613, 0.004761954303830862, 0.001713824225589633, 0.0010867239907383919, 0.0004888249677605927, 0.0014498677337542176, 0.0012253286549821496, 0.001939196139574051, 0.001259785145521164, 0.00047163342242129147, 0.001814490300603211, 0.0004825121723115444, 0.001024722121655941, 0.0013175845379009843, 0.0013968920102342963]}