{
  "Accuracy": 0.9996819780962414,
  "Macro Precision": 0.9996179195720699,
  "Macro Recall": 0.9997277893089251,
  "Macro F1": 0.999672744360453,
  "False Alarms": 0,
  "False Alarm Rate": 0.0,
  "Missed Attacks": 16,
  "Detection Rate": 0.9994555786178502,
  "Confusion Matrix (actual_pred)": [
    [
      20922,
      0
    ],
    [
      16,
      29373
    ]
  ],
  "Misclassified Info": {
    "total_misclassified": 16,
    "per_phase": {
      "0": 0,
      "1": 0,
      "2": 0,
      "3": 0,
      "4": 0,
      "5": 16
    }
  }
}