{
  "Accuracy": 0.9997614835721811,
  "Macro Precision": 0.7777380108121961,
  "Macro Recall": 0.8570633295368368,
  "Macro F1": 0.8124403519236505,
  "False Alarms": 8,
  "False Alarm Rate": 0.00015905521204047956,
  "Missed Attacks": 4,
  "Detection Rate": 0.7142857142857143,
  "Confusion Matrix (actual_pred)": [
    [
      50289,
      8
    ],
    [
      4,
      10
    ]
  ],
  "Misclassified Info": {
    "total_misclassified": 12,
    "per_phase": {
      "0": 8,
      "1": 0,
      "2": 0,
      "3": 4,
      "4": 0,
      "5": 0
    }
  }
}