{
  "Accuracy": 0.9998012363101508,
  "Macro Precision": 0.7222222222222222,
  "Macro Recall": 0.9999006023497605,
  "Macro F1": 0.8076426039267504,
  "False Alarms": 10,
  "False Alarm Rate": 0.00019879530047909667,
  "Missed Attacks": 0,
  "Detection Rate": 1.0,
  "Confusion Matrix (actual_pred)": [
    [
      50293,
      10
    ],
    [
      0,
      8
    ]
  ],
  "Misclassified Info": {
    "total_misclassified": 10,
    "per_phase": {
      "0": 7,
      "1": 0,
      "2": 3,
      "3": 0,
      "4": 0,
      "5": 0
    }
  }
}