{
  "Accuracy": 0.9995229671443621,
  "Macro Precision": 0.603438331945757,
  "Macro Recall": 0.928342818520538,
  "Macro F1": 0.6665473657699215,
  "False Alarms": 23,
  "False Alarm Rate": 0.0004572201017811705,
  "Missed Attacks": 1,
  "Detection Rate": 0.8571428571428571,
  "Confusion Matrix (actual_pred)": [
    [
      50281,
      23
    ],
    [
      1,
      6
    ]
  ],
  "Misclassified Info": {
    "total_misclassified": 24,
    "per_phase": {
      "0": 22,
      "1": 0,
      "2": 0,
      "3": 0,
      "4": 1,
      "5": 1
    }
  }
}