{
  "accuracy": 0.9261233167965982,
  "micro_f1": 0.9261233167965982,
  "macro_f1": 0.6719277142713791,
  "false_alarms": 4611,
  "false_alarm_rate": 0.04602255714143128,
  "missed_attacks": 3207,
  "detection_rate": 0.43087843833185446,
  "classes": [
    "benign",
    "anomaly"
  ],
  "per_class": {
    "benign": {
      "TP": 95579,
      "FP": 3207,
      "FN": 4611,
      "precision": 0.967535885651813,
      "recall": 0.9539774428585687,
      "f1": 0.9607088292055324
    },
    "anomaly": {
      "TP": 2428,
      "FP": 4611,
      "FN": 3207,
      "precision": 0.344935360136383,
      "recall": 0.43087843833185446,
      "f1": 0.38314659933722583
    }
  },
  "threshold": 0.019072847456579348,
  "missclassified": {
    "total_misclassified": 7818,
    "per_phase": {
      "0": 4611,
      "1": 1923,
      "2": 1218,
      "3": 8,
      "4": 58
    }
  },
  "True Phase Distribution": {
    "0": 100190,
    "2": 1701,
    "1": 3858,
    "4": 68,
    "3": 8
  },
  "confusion_matrix": [
    [
      95579,
      4611
    ],
    [
      3207,
      2428
    ]
  ]
}