{
  "accuracy": 0.941185920151193,
  "micro_f1": 0.941185920151193,
  "macro_f1": 0.5480735447039496,
  "false_alarms": 1040,
  "false_alarm_rate": 0.010380277472801677,
  "missed_attacks": 5184,
  "detection_rate": 0.0800354924578527,
  "classes": [
    "benign",
    "anomaly"
  ],
  "per_class": {
    "benign": {
      "TP": 99150,
      "FP": 5184,
      "FN": 1040,
      "precision": 0.95031341652769,
      "recall": 0.9896197225271983,
      "f1": 0.969568363615028
    },
    "anomaly": {
      "TP": 451,
      "FP": 1040,
      "FN": 5184,
      "precision": 0.3024815560026828,
      "recall": 0.0800354924578527,
      "f1": 0.1265787257928712
    }
  },
  "threshold": 0.023047702814092855,
  "missclassified": {
    "total_misclassified": 6224,
    "per_phase": {
      "0": 1040,
      "1": 3858,
      "2": 1254,
      "3": 8,
      "4": 64
    }
  },
  "True Phase Distribution": {
    "0": 100190,
    "2": 1701,
    "1": 3858,
    "4": 68,
    "3": 8
  },
  "confusion_matrix": [
    [
      99150,
      1040
    ],
    [
      5184,
      451
    ]
  ]
}