{
  "accuracy": 0.947214741318214,
  "micro_f1": 0.947214741318214,
  "macro_f1": 0.6450804763667719,
  "false_alarms": 1251,
  "false_alarm_rate": 0.012486276075456632,
  "missed_attacks": 4335,
  "detection_rate": 0.23070097604259096,
  "classes": [
    "benign",
    "anomaly"
  ],
  "per_class": {
    "benign": {
      "TP": 98939,
      "FP": 4335,
      "FN": 1251,
      "precision": 0.9580242849119818,
      "recall": 0.9875137239245434,
      "f1": 0.97254551173672
    },
    "anomaly": {
      "TP": 1300,
      "FP": 1251,
      "FN": 4335,
      "precision": 0.5096040768326147,
      "recall": 0.23070097604259096,
      "f1": 0.3176154409968239
    }
  },
  "threshold": 0.013831406596613539,
  "missclassified": {
    "total_misclassified": 5586,
    "per_phase": {
      "0": 1251,
      "1": 3858,
      "2": 402,
      "3": 8,
      "4": 67
    }
  },
  "True Phase Distribution": {
    "0": 100190,
    "2": 1701,
    "1": 3858,
    "4": 68,
    "3": 8
  },
  "confusion_matrix": [
    [
      98939,
      1251
    ],
    [
      4335,
      1300
    ]
  ]
}