{
  "accuracy": 0.8466997401370187,
  "micro_f1": 0.8466997401370187,
  "macro_f1": 0.5433046997986761,
  "false_alarms": 12262,
  "false_alarm_rate": 0.12238746381874438,
  "missed_attacks": 3961,
  "detection_rate": 0.29707187222715176,
  "classes": [
    "benign",
    "anomaly"
  ],
  "per_class": {
    "benign": {
      "TP": 87928,
      "FP": 3961,
      "FN": 12262,
      "precision": 0.9568936434176016,
      "recall": 0.8776125361812556,
      "f1": 0.9155399601205754
    },
    "anomaly": {
      "TP": 1674,
      "FP": 12262,
      "FN": 3961,
      "precision": 0.12012055109070034,
      "recall": 0.29707187222715176,
      "f1": 0.17106943947677686
    }
  },
  "confusion_matrix": [
    [
      87928,
      12262
    ],
    [
      3961,
      1674
    ]
  ]
}