{
  "accuracy": 0.8356343019135365,
  "micro_f1": 0.8356343019135365,
  "macro_f1": 0.5444423235090532,
  "false_alarms": 13671,
  "false_alarm_rate": 0.13645074358718434,
  "missed_attacks": 3723,
  "detection_rate": 0.3393078970718722,
  "classes": [
    "benign",
    "anomaly"
  ],
  "per_class": {
    "benign": {
      "TP": 86519,
      "FP": 3723,
      "FN": 13671,
      "precision": 0.9587442654196494,
      "recall": 0.8635492564128157,
      "f1": 0.9086603091917325
    },
    "anomaly": {
      "TP": 1912,
      "FP": 13671,
      "FN": 3723,
      "precision": 0.1226978117178977,
      "recall": 0.3393078970718722,
      "f1": 0.18022433782637381
    }
  },
  "threshold": 0.025,
  "missclassified": {
    "total_misclassified": 17394,
    "per_phase": {
      "0": 13671,
      "1": 3621,
      "2": 41,
      "3": 7,
      "4": 54
    }
  },
  "True Phase Distribution": {
    "0": 100190,
    "2": 1701,
    "1": 3858,
    "4": 68,
    "3": 8
  },
  "confusion_matrix": [
    [
      86519,
      13671
    ],
    [
      3723,
      1912
    ]
  ]
}