{
  "accuracy": 0.946789510985117,
  "micro_f1": 0.946789510985117,
  "macro_f1": 0.6943906910692221,
  "false_alarms": 2007,
  "false_alarm_rate": 0.02003193931530093,
  "missed_attacks": 3624,
  "detection_rate": 0.35687666370896187,
  "classes": [
    "benign",
    "anomaly"
  ],
  "per_class": {
    "benign": {
      "TP": 98183,
      "FP": 3624,
      "FN": 2007,
      "precision": 0.9644032335694009,
      "recall": 0.9799680606846991,
      "f1": 0.9721233483665599
    },
    "anomaly": {
      "TP": 2011,
      "FP": 2007,
      "FN": 3624,
      "precision": 0.5004977600796416,
      "recall": 0.35687666370896187,
      "f1": 0.41665803377188443
    }
  },
  "threshold": 0.011184622973451843,
  "missclassified": {
    "total_misclassified": 5631,
    "per_phase": {
      "0": 2007,
      "1": 3222,
      "2": 328,
      "3": 8,
      "4": 66
    }
  },
  "True Phase Distribution": {
    "0": 100190,
    "2": 1701,
    "1": 3858,
    "4": 68,
    "3": 8
  },
  "confusion_matrix": [
    [
      98183,
      2007
    ],
    [
      3624,
      2011
    ]
  ]
}