{
  "accuracy": 0.6845430882031514,
  "precision": 0.7425645283123717,
  "recall": 0.8027539081441358,
  "f1": 0.7421918664446484,
  "confusion_matrix": [
    [
      20918,
      0,
      3,
      2,
      4,
      15858
    ],
    [
      0,
      7,
      1,
      0,
      0,
      0
    ],
    [
      1,
      0,
      6,
      1,
      1,
      0
    ],
    [
      1,
      0,
      0,
      13,
      0,
      0
    ],
    [
      2,
      0,
      0,
      0,
      7,
      0
    ],
    [
      2,
      0,
      0,
      0,
      0,
      13500
    ]
  ],
  "misclassified_info": {}
}