{
  "Accuracy": 0.973493224471282,
  "Macro Precision": 0.8463806649459672,
  "Macro Recall": 0.9294816165987245,
  "Macro F1": 0.8827419066996866,
  "False Alarms": 2840,
  "False Alarm Rate": 0.02126034944827896,
  "Missed Attacks": 900,
  "Detection Rate": 0.880223582645728,
  "Confusion Matrix (actual_pred)": [
    [
      130742,
      2840
    ],
    [
      900,
      6614
    ]
  ],
  "Misclassified Info": {
    "total_misclassified": 3740,
    "per_phase": {
      "0": 2840,
      "1": 376,
      "2": 437,
      "3": 7,
      "4": 80,
      "5": 0
    }
  }
}