{
  "accuracy": 0.9999005786323597,
  "precision": 0.6666666666666666,
  "recall": 0.5714285714285714,
  "f1": 0.6153846153846154,
  "confusion_matrix": [
    [
      50282,
      2
    ],
    [
      3,
      4
    ]
  ],
  "misclassified_samples": {
    "total_misclassified": 5,
    "per_phase": {
      "0": 2,
      "1": 0,
      "2": 0,
      "3": 0,
      "4": 3,
      "5": 0
    }
  }
}