{
  "accuracy": 0.9992449381047946,
  "precision": 0.8937084838518395,
  "recall": 0.6632541667043207,
  "f1": 0.7227244877796518,
  "confusion_matrix": [
    [
      20896,
      0,
      0,
      0,
      0,
      4
    ],
    [
      0,
      6,
      1,
      0,
      0,
      1
    ],
    [
      5,
      0,
      4,
      0,
      0,
      0
    ],
    [
      3,
      0,
      6,
      3,
      0,
      2
    ],
    [
      3,
      0,
      0,
      0,
      4,
      0
    ],
    [
      13,
      0,
      0,
      0,
      0,
      29376
    ]
  ]
}