{
  "accuracy": 0.9999801335028607,
  "precision": 0.9,
  "recall": 1.0,
  "f1": 0.9473684210526315,
  "confusion_matrix": [
    [
      50326,
      1
    ],
    [
      0,
      9
    ]
  ],
  "misclassified_info": {
    "total_misclassified": 1,
    "per_phase": {
      "0": 1,
      "1": 0,
      "2": 0,
      "3": 0,
      "4": 0,
      "5": 0
    }
  }
}