{
  "accuracy": 0.7314960160550003,
  "precision": 0.6779560840668858,
  "recall": 0.6894705344871853,
  "f1": 0.6769201640513643,
  "confusion_matrix": [
    [
      36782,
      0,
      1,
      1,
      1,
      0
    ],
    [
      0,
      7,
      1,
      0,
      0,
      0
    ],
    [
      1,
      0,
      6,
      2,
      0,
      0
    ],
    [
      0,
      0,
      1,
      13,
      0,
      0
    ],
    [
      3,
      0,
      0,
      0,
      6,
      0
    ],
    [
      13502,
      0,
      0,
      0,
      0,
      0
    ]
  ]
}