,macro_f1,accuracy,detection_rate,false_alarm_rate,num_wrong,num_causal,num_regression,error_rate,causal_rate,regression_rate,temp_score
multiclass_basefeatures_w100_fulldata_0.001lr,0.8954691081403654,0.9976558660062762,0.9865080774010296,0.001717200962431237,248.0,6.0,2.0,0.0023441339937237704,0.024193548387096774,0.008064516129032258,0.8817594307210106
ensemble_basefeatures_w100_fulldata_0.001lr,0.8829316617833115,0.9979961435214942,0.9891709568613527,0.0015075427053902139,212.0,4.0,2.0,0.0020038564785058036,0.018867924528301886,0.009433962264150943,0.8716109070663304
