{
  "Accuracy": 0.9995066051249403,
  "Macro Precision": 0.8437687977407637,
  "Macro Recall": 0.9115056309576163,
  "Macro F1": 0.8697133500264208,
  "False Alarms": 57,
  "False Alarm Rate": 0.0003562366411259578,
  "Missed Attacks": 36,
  "Detection Rate": 0.9987361325656509,
  "Confusion Matrix (actual_pred)": [
    [
      159949,
      17,
      1,
      32,
      7
    ],
    [
      17,
      22560,
      0,
      0,
      0
    ],
    [
      0,
      0,
      11,
      0,
      0
    ],
    [
      11,
      0,
      0,
      14,
      0
    ],
    [
      8,
      0,
      0,
      0,
      5863
    ]
  ],
  "misclassified_indices": [
    7,
    594,
    1725,
    1802,
    1842,
    1947,
    1985,
    2006,
    2412,
    7839,
    19781,
    32744,
    63416,
    63417,
    94958,
    122157,
    122272,
    129781,
    129782,
    130896,
    130897,
    132464,
    132700,
    132701,
    133034,
    133035,
    133382,
    133383,
    136219,
    136733,
    144878,
    144886,
    148622,
    148626,
    148635,
    148642,
    148708,
    148710,
    148723,
    149617,
    150433,
    151706,
    152974,
    153911,
    153917,
    153931,
    153932,
    153956,
    153957,
    154074,
    154077,
    154078,
    154396,
    154566,
    154592,
    155085,
    155086,
    158942,
    160336,
    160636,
    160675,
    160741,
    160999,
    161000,
    161437,
    161452,
    161453,
    161504,
    161615,
    161677,
    161678,
    162131,
    162132,
    162133,
    162134,
    163021,
    163689,
    163724,
    165850,
    165985,
    169626,
    169898,
    169926,
    169967,
    170020,
    170032,
    170047,
    170210,
    173516,
    173517,
    180542,
    181529,
    185369
  ],
  "real_flow_indices": [
    30,
    1549,
    4368,
    4595,
    4683,
    4964,
    5054,
    5098,
    6155,
    19771,
    49814,
    82319,
    158680,
    158681,
    237233,
    305358,
    305677,
    324405,
    324406,
    327097,
    327098,
    330879,
    331444,
    331445,
    332259,
    332260,
    333149,
    333150,
    340459,
    341711,
    362032,
    362060,
    371339,
    371347,
    371370,
    371383,
    371523,
    371526,
    371569,
    373756,
    375845,
    379073,
    382269,
    384685,
    384704,
    384741,
    384742,
    384800,
    384801,
    385102,
    385107,
    385108,
    385830,
    386319,
    386398,
    387577,
    387578,
    397262,
    400715,
    401584,
    401708,
    401876,
    402549,
    402550,
    403574,
    403609,
    403610,
    403722,
    403996,
    404149,
    404150,
    405323,
    405324,
    405326,
    405332,
    407546,
    409291,
    409371,
    414724,
    415078,
    424330,
    424996,
    425065,
    425169,
    425290,
    425310,
    425365,
    425762,
    433990,
    433991,
    451634,
    454108,
    463719
  ],
  "y_pred": [
    4,
    4,
    0,
    0,
    0,
    0,
    0,
    0,
    4,
    0,
    0,
    4,
    4,
    4,
    4,
    1,
    1,
    0,
    0,
    0,
    0,
    0,
    0,
    0,
    0,
    0,
    0,
    0,
    0,
    0,
    1,
    1,
    1,
    1,
    1,
    1,
    1,
    0,
    1,
    1,
    0,
    0,
    0,
    0,
    0,
    0,
    0,
    0,
    0,
    0,
    0,
    0,
    0,
    0,
    1,
    1,
    1,
    3,
    3,
    3,
    3,
    2,
    3,
    3,
    3,
    3,
    3,
    3,
    3,
    3,
    3,
    3,
    3,
    3,
    3,
    3,
    3,
    3,
    1,
    1,
    1,
    3,
    3,
    3,
    3,
    3,
    3,
    3,
    3,
    3,
    3,
    3,
    3
  ],
  "y_true": [
    0,
    0,
    4,
    4,
    4,
    4,
    4,
    4,
    0,
    4,
    4,
    0,
    0,
    0,
    0,
    0,
    0,
    1,
    1,
    1,
    1,
    1,
    1,
    1,
    1,
    1,
    1,
    1,
    1,
    1,
    0,
    0,
    0,
    0,
    0,
    0,
    0,
    1,
    0,
    0,
    1,
    1,
    1,
    3,
    3,
    3,
    3,
    3,
    3,
    3,
    3,
    3,
    3,
    3,
    0,
    0,
    0,
    0,
    0,
    0,
    0,
    0,
    0,
    0,
    0,
    0,
    0,
    0,
    0,
    0,
    0,
    0,
    0,
    0,
    0,
    0,
    0,
    0,
    0,
    0,
    0,
    0,
    0,
    0,
    0,
    0,
    0,
    0,
    0,
    0,
    0,
    0,
    0
  ]
}