{
  "accuracy": 0.9979299784490907,
  "micro_f1": 0.9979299784490907,
  "macro_f1": 0.829817185765576,
  "false_alarms": 183,
  "false_alarm_rate": 0.0018270219542146301,
  "missed_attacks": 36,
  "detection_rate": 0.9936090892952246,
  "classes": [
    "benign",
    "phase1",
    "phase2",
    "phase3",
    "phase4"
  ],
  "per_class": {
    "benign": {
      "TP": 99980,
      "FP": 36,
      "FN": 183,
      "precision": 0.9996400575907854,
      "recall": 0.9981729780457854,
      "f1": 0.998905979148662
    },
    "phase1": {
      "TP": 3840,
      "FP": 100,
      "FN": 16,
      "precision": 0.9746192893401016,
      "recall": 0.995850622406639,
      "f1": 0.9851205746536686
    },
    "phase2": {
      "TP": 1695,
      "FP": 45,
      "FN": 6,
      "precision": 0.9741379310344828,
      "recall": 0.9964726631393298,
      "f1": 0.9851787271142111
    },
    "phase3": {
      "TP": 5,
      "FP": 10,
      "FN": 3,
      "precision": 0.3333333333333333,
      "recall": 0.625,
      "f1": 0.43478260869565216
    },
    "phase4": {
      "TP": 57,
      "FP": 28,
      "FN": 11,
      "precision": 0.6705882352941176,
      "recall": 0.8382352941176471,
      "f1": 0.7450980392156863
    }
  },
  "confusion_matrix": [
    [
      99980,
      100,
      45,
      10,
      28
    ],
    [
      16,
      3840,
      0,
      0,
      0
    ],
    [
      6,
      0,
      1695,
      0,
      0
    ],
    [
      3,
      0,
      0,
      5,
      0
    ],
    [
      11,
      0,
      0,
      0,
      57
    ]
  ]
}