{
  "accuracy": 0.9976369616998753,
  "micro_f1": 0.9976369616998753,
  "macro_f1": 0.8667998817254674,
  "false_alarms": 205,
  "false_alarm_rate": 0.002046663937781416,
  "missed_attacks": 45,
  "detection_rate": 0.9920113616190307,
  "classes": [
    "benign",
    "phase1",
    "phase2",
    "phase3",
    "phase4"
  ],
  "per_class": {
    "benign": {
      "TP": 99958,
      "FP": 45,
      "FN": 205,
      "precision": 0.999550013499595,
      "recall": 0.9979533360622186,
      "f1": 0.9987510366395892
    },
    "phase1": {
      "TP": 3840,
      "FP": 136,
      "FN": 16,
      "precision": 0.96579476861167,
      "recall": 0.995850622406639,
      "f1": 0.9805924412665985
    },
    "phase2": {
      "TP": 1687,
      "FP": 38,
      "FN": 14,
      "precision": 0.9779710144927536,
      "recall": 0.9917695473251029,
      "f1": 0.98482194979568
    },
    "phase3": {
      "TP": 6,
      "FP": 5,
      "FN": 2,
      "precision": 0.5454545454545454,
      "recall": 0.75,
      "f1": 0.631578947368421
    },
    "phase4": {
      "TP": 55,
      "FP": 26,
      "FN": 13,
      "precision": 0.6790123456790124,
      "recall": 0.8088235294117647,
      "f1": 0.7382550335570469
    }
  },
  "confusion_matrix": [
    [
      99958,
      136,
      38,
      5,
      26
    ],
    [
      16,
      3840,
      0,
      0,
      0
    ],
    [
      14,
      0,
      1687,
      0,
      0
    ],
    [
      2,
      0,
      0,
      6,
      0
    ],
    [
      13,
      0,
      0,
      0,
      55
    ]
  ]
}