{
  "accuracy": 0.9978638133766872,
  "micro_f1": 0.9978638133766872,
  "macro_f1": 0.8822120257564243,
  "false_alarms": 178,
  "false_alarm_rate": 0.0017771033215858152,
  "missed_attacks": 48,
  "detection_rate": 0.9914787857269661,
  "classes": [
    "benign",
    "phase1",
    "phase2",
    "phase3",
    "phase4"
  ],
  "per_class": {
    "benign": {
      "TP": 99985,
      "FP": 48,
      "FN": 178,
      "precision": 0.9995201583477452,
      "recall": 0.9982228966784142,
      "f1": 0.9988711063158106
    },
    "phase1": {
      "TP": 3827,
      "FP": 109,
      "FN": 29,
      "precision": 0.9723069105691057,
      "recall": 0.9924792531120332,
      "f1": 0.9822895277207391
    },
    "phase2": {
      "TP": 1695,
      "FP": 49,
      "FN": 6,
      "precision": 0.9719036697247706,
      "recall": 0.9964726631393298,
      "f1": 0.9840348330914369
    },
    "phase3": {
      "TP": 6,
      "FP": 5,
      "FN": 2,
      "precision": 0.5454545454545454,
      "recall": 0.75,
      "f1": 0.631578947368421
    },
    "phase4": {
      "TP": 57,
      "FP": 15,
      "FN": 11,
      "precision": 0.7916666666666666,
      "recall": 0.8382352941176471,
      "f1": 0.8142857142857143
    }
  },
  "confusion_matrix": [
    [
      99985,
      109,
      49,
      5,
      15
    ],
    [
      29,
      3827,
      0,
      0,
      0
    ],
    [
      6,
      0,
      1695,
      0,
      0
    ],
    [
      2,
      0,
      0,
      6,
      0
    ],
    [
      11,
      0,
      0,
      0,
      57
    ]
  ]
}