{
  "accuracy": 0.9971643540398503,
  "micro_f1": 0.9971643540398503,
  "macro_f1": 0.8298038682667765,
  "false_alarms": 249,
  "false_alarm_rate": 0.0024859479049149885,
  "missed_attacks": 51,
  "detection_rate": 0.9909462098349014,
  "classes": [
    "benign",
    "phase1",
    "phase2",
    "phase3",
    "phase4"
  ],
  "per_class": {
    "benign": {
      "TP": 99914,
      "FP": 51,
      "FN": 249,
      "precision": 0.9994898214375031,
      "recall": 0.997514052095085,
      "f1": 0.998500959385993
    },
    "phase1": {
      "TP": 3824,
      "FP": 148,
      "FN": 32,
      "precision": 0.9627391742195368,
      "recall": 0.991701244813278,
      "f1": 0.977005620848237
    },
    "phase2": {
      "TP": 1694,
      "FP": 50,
      "FN": 7,
      "precision": 0.9713302752293578,
      "recall": 0.9958847736625515,
      "f1": 0.9834542815674892
    },
    "phase3": {
      "TP": 5,
      "FP": 7,
      "FN": 3,
      "precision": 0.4166666666666667,
      "recall": 0.625,
      "f1": 0.5
    },
    "phase4": {
      "TP": 59,
      "FP": 44,
      "FN": 9,
      "precision": 0.5728155339805825,
      "recall": 0.8676470588235294,
      "f1": 0.6900584795321637
    }
  },
  "confusion_matrix": [
    [
      99914,
      148,
      50,
      7,
      44
    ],
    [
      32,
      3824,
      0,
      0,
      0
    ],
    [
      7,
      0,
      1694,
      0,
      0
    ],
    [
      3,
      0,
      0,
      5,
      0
    ],
    [
      9,
      0,
      0,
      0,
      59
    ]
  ]
}