{
  "accuracy": 0.9979961435214942,
  "micro_f1": 0.9979961435214942,
  "macro_f1": 0.8829316617833115,
  "false_alarms": 151,
  "false_alarm_rate": 0.0015075427053902139,
  "missed_attacks": 61,
  "detection_rate": 0.9891709568613527,
  "classes": [
    "benign",
    "phase1",
    "phase2",
    "phase3",
    "phase4"
  ],
  "per_class": {
    "benign": {
      "TP": 100012,
      "FP": 61,
      "FN": 151,
      "precision": 0.9993904449751682,
      "recall": 0.9984924572946098,
      "f1": 0.9989412493257956
    },
    "phase1": {
      "TP": 3816,
      "FP": 78,
      "FN": 40,
      "precision": 0.9799691833590138,
      "recall": 0.9896265560165975,
      "f1": 0.9847741935483871
    },
    "phase2": {
      "TP": 1694,
      "FP": 50,
      "FN": 7,
      "precision": 0.9713302752293578,
      "recall": 0.9958847736625515,
      "f1": 0.9834542815674892
    },
    "phase3": {
      "TP": 5,
      "FP": 2,
      "FN": 3,
      "precision": 0.7142857142857143,
      "recall": 0.625,
      "f1": 0.6666666666666666
    },
    "phase4": {
      "TP": 57,
      "FP": 21,
      "FN": 11,
      "precision": 0.7307692307692307,
      "recall": 0.8382352941176471,
      "f1": 0.7808219178082191
    }
  },
  "confusion_matrix": [
    [
      100012,
      78,
      50,
      2,
      21
    ],
    [
      40,
      3816,
      0,
      0,
      0
    ],
    [
      7,
      0,
      1694,
      0,
      0
    ],
    [
      3,
      0,
      0,
      5,
      0
    ],
    [
      11,
      0,
      0,
      0,
      57
    ]
  ]
}