{
  "accuracy": 0.9975424401678702,
  "micro_f1": 0.9975424401678702,
  "macro_f1": 0.8742185431934694,
  "false_alarms": 202,
  "false_alarm_rate": 0.0020167127582041275,
  "missed_attacks": 58,
  "detection_rate": 0.9897035327534174,
  "classes": [
    "benign",
    "phase1",
    "phase2",
    "phase3",
    "phase4"
  ],
  "per_class": {
    "benign": {
      "TP": 99961,
      "FP": 58,
      "FN": 202,
      "precision": 0.999420110179066,
      "recall": 0.9979832872417959,
      "f1": 0.9987011819244487
    },
    "phase1": {
      "TP": 3825,
      "FP": 132,
      "FN": 31,
      "precision": 0.9666413949962093,
      "recall": 0.9919605809128631,
      "f1": 0.9791373352105465
    },
    "phase2": {
      "TP": 1693,
      "FP": 48,
      "FN": 8,
      "precision": 0.9724296381390006,
      "recall": 0.9952968841857731,
      "f1": 0.9837303893085416
    },
    "phase3": {
      "TP": 5,
      "FP": 2,
      "FN": 3,
      "precision": 0.7142857142857143,
      "recall": 0.625,
      "f1": 0.6666666666666666
    },
    "phase4": {
      "TP": 52,
      "FP": 20,
      "FN": 16,
      "precision": 0.7222222222222222,
      "recall": 0.7647058823529411,
      "f1": 0.7428571428571428
    }
  },
  "confusion_matrix": [
    [
      99961,
      132,
      48,
      2,
      20
    ],
    [
      31,
      3825,
      0,
      0,
      0
    ],
    [
      8,
      0,
      1693,
      0,
      0
    ],
    [
      3,
      0,
      0,
      5,
      0
    ],
    [
      16,
      0,
      0,
      0,
      52
    ]
  ]
}