{
  "accuracy": 0.9974101100230632,
  "micro_f1": 0.9974101100230632,
  "macro_f1": 0.8869354296610151,
  "false_alarms": 206,
  "false_alarm_rate": 0.002056647664307179,
  "missed_attacks": 68,
  "detection_rate": 0.9879282797798686,
  "classes": [
    "benign",
    "phase1",
    "phase2",
    "phase3",
    "phase4"
  ],
  "per_class": {
    "benign": {
      "TP": 99957,
      "FP": 68,
      "FN": 206,
      "precision": 0.9993201699575106,
      "recall": 0.9979433523356929,
      "f1": 0.9986312865906047
    },
    "phase1": {
      "TP": 3814,
      "FP": 129,
      "FN": 42,
      "precision": 0.9672837940654324,
      "recall": 0.9891078838174274,
      "f1": 0.9780741120656494
    },
    "phase2": {
      "TP": 1691,
      "FP": 48,
      "FN": 10,
      "precision": 0.9723979298447384,
      "recall": 0.9941211052322163,
      "f1": 0.983139534883721
    },
    "phase3": {
      "TP": 6,
      "FP": 2,
      "FN": 2,
      "precision": 0.75,
      "recall": 0.75,
      "f1": 0.75
    },
    "phase4": {
      "TP": 54,
      "FP": 27,
      "FN": 14,
      "precision": 0.6666666666666666,
      "recall": 0.7941176470588235,
      "f1": 0.7248322147651006
    }
  },
  "confusion_matrix": [
    [
      99957,
      129,
      48,
      2,
      27
    ],
    [
      42,
      3814,
      0,
      0,
      0
    ],
    [
      10,
      0,
      1691,
      0,
      0
    ],
    [
      2,
      0,
      0,
      6,
      0
    ],
    [
      14,
      0,
      0,
      0,
      54
    ]
  ]
}