{
  "accuracy": 0.9979016219894892,
  "micro_f1": 0.9979016219894892,
  "macro_f1": 0.8542983408533098,
  "false_alarms": 149,
  "false_alarm_rate": 0.001487575252338688,
  "missed_attacks": 73,
  "detection_rate": 0.9870406532930943,
  "classes": [
    "benign",
    "phase1",
    "phase2",
    "phase3",
    "phase4"
  ],
  "per_class": {
    "benign": {
      "TP": 100014,
      "FP": 73,
      "FN": 149,
      "precision": 0.9992706345479433,
      "recall": 0.9985124247476613,
      "f1": 0.9988913857677904
    },
    "phase1": {
      "TP": 3800,
      "FP": 61,
      "FN": 56,
      "precision": 0.9842009842009842,
      "recall": 0.9854771784232366,
      "f1": 0.9848386678761177
    },
    "phase2": {
      "TP": 1694,
      "FP": 49,
      "FN": 7,
      "precision": 0.9718875502008032,
      "recall": 0.9958847736625515,
      "f1": 0.983739837398374
    },
    "phase3": {
      "TP": 5,
      "FP": 5,
      "FN": 3,
      "precision": 0.5,
      "recall": 0.625,
      "f1": 0.5555555555555556
    },
    "phase4": {
      "TP": 61,
      "FP": 34,
      "FN": 7,
      "precision": 0.6421052631578947,
      "recall": 0.8970588235294118,
      "f1": 0.7484662576687117
    }
  },
  "confusion_matrix": [
    [
      100014,
      61,
      49,
      5,
      34
    ],
    [
      56,
      3800,
      0,
      0,
      0
    ],
    [
      7,
      0,
      1694,
      0,
      0
    ],
    [
      3,
      0,
      0,
      5,
      0
    ],
    [
      7,
      0,
      0,
      0,
      61
    ]
  ]
}