{
  "accuracy": 0.9978449090702862,
  "micro_f1": 0.9978449090702862,
  "macro_f1": 0.8889552051336749,
  "false_alarms": 171,
  "false_alarm_rate": 0.001707217235905474,
  "missed_attacks": 57,
  "detection_rate": 0.9898810580507722,
  "classes": [
    "benign",
    "phase1",
    "phase2",
    "phase3",
    "phase4"
  ],
  "per_class": {
    "benign": {
      "TP": 99992,
      "FP": 57,
      "FN": 171,
      "precision": 0.99943027916321,
      "recall": 0.9982927827640945,
      "f1": 0.9988612071204522
    },
    "phase1": {
      "TP": 3821,
      "FP": 106,
      "FN": 35,
      "precision": 0.9730073847720907,
      "recall": 0.9909232365145229,
      "f1": 0.9818835924450725
    },
    "phase2": {
      "TP": 1693,
      "FP": 41,
      "FN": 8,
      "precision": 0.9763552479815456,
      "recall": 0.9952968841857731,
      "f1": 0.9857350800582243
    },
    "phase3": {
      "TP": 6,
      "FP": 3,
      "FN": 2,
      "precision": 0.6666666666666666,
      "recall": 0.75,
      "f1": 0.7058823529411765
    },
    "phase4": {
      "TP": 56,
      "FP": 21,
      "FN": 12,
      "precision": 0.7272727272727273,
      "recall": 0.8235294117647058,
      "f1": 0.7724137931034483
    }
  },
  "confusion_matrix": [
    [
      99992,
      106,
      41,
      3,
      21
    ],
    [
      35,
      3821,
      0,
      0,
      0
    ],
    [
      8,
      0,
      1693,
      0,
      0
    ],
    [
      2,
      0,
      0,
      6,
      0
    ],
    [
      12,
      0,
      0,
      0,
      56
    ]
  ]
}