{
  "accuracy": 0.9976558660062762,
  "micro_f1": 0.9976558660062762,
  "macro_f1": 0.8954691081403654,
  "false_alarms": 172,
  "false_alarm_rate": 0.001717200962431237,
  "missed_attacks": 76,
  "detection_rate": 0.9865080774010296,
  "classes": [
    "benign",
    "phase1",
    "phase2",
    "phase3",
    "phase4"
  ],
  "per_class": {
    "benign": {
      "TP": 99991,
      "FP": 76,
      "FN": 172,
      "precision": 0.9992405088590645,
      "recall": 0.9982827990375688,
      "f1": 0.9987614243619838
    },
    "phase1": {
      "TP": 3804,
      "FP": 87,
      "FN": 52,
      "precision": 0.9776407093292213,
      "recall": 0.9865145228215768,
      "f1": 0.9820575706725184
    },
    "phase2": {
      "TP": 1696,
      "FP": 53,
      "FN": 5,
      "precision": 0.9696969696969697,
      "recall": 0.9970605526161082,
      "f1": 0.9831884057971013
    },
    "phase3": {
      "TP": 8,
      "FP": 3,
      "FN": 0,
      "precision": 0.7272727272727273,
      "recall": 1.0,
      "f1": 0.8421052631578948
    },
    "phase4": {
      "TP": 49,
      "FP": 29,
      "FN": 19,
      "precision": 0.6282051282051282,
      "recall": 0.7205882352941176,
      "f1": 0.6712328767123287
    }
  },
  "confusion_matrix": [
    [
      99991,
      87,
      53,
      3,
      29
    ],
    [
      52,
      3804,
      0,
      0,
      0
    ],
    [
      5,
      0,
      1696,
      0,
      0
    ],
    [
      0,
      0,
      0,
      8,
      0
    ],
    [
      19,
      0,
      0,
      0,
      49
    ]
  ]
}