{
  "Accuracy": 0.9991745996808452,
  "Macro Precision": 0.9272287549445025,
  "Macro Recall": 0.9773266738323837,
  "Macro F1": 0.9478658774263179,
  "False Alarms": 4,
  "False Alarm Rate": 0.0009433962264150943,
  "Missed Attacks": 9,
  "Detection Rate": 0.9993539587969277,
  "Confusion Matrix (actual_pred)": [
    [
      4236,
      1,
      0,
      0,
      3,
      0
    ],
    [
      1,
      306,
      0,
      0,
      0,
      0
    ],
    [
      0,
      0,
      9,
      1,
      0,
      0
    ],
    [
      0,
      0,
      1,
      31,
      0,
      0
    ],
    [
      0,
      0,
      0,
      0,
      7,
      0
    ],
    [
      8,
      0,
      0,
      0,
      0,
      13569
    ]
  ],
  "misclassified_indices": [
    601,
    909,
    1256,
    1762,
    2150,
    2162,
    2980,
    2981,
    16712,
    16717,
    16718,
    16719,
    16805,
    16806,
    18096
  ],
  "real_flow_indices": [
    1581,
    2361,
    3268,
    4564,
    5488,
    5519,
    7592,
    7593,
    41893,
    41904,
    41913,
    41914,
    42113,
    42119,
    45258
  ],
  "y_pred": [
    0,
    1,
    3,
    2,
    4,
    4,
    0,
    0,
    0,
    0,
    0,
    0,
    0,
    0,
    4
  ],
  "y_true": [
    1,
    0,
    2,
    3,
    0,
    0,
    5,
    5,
    5,
    5,
    5,
    5,
    5,
    5,
    0
  ]
}