{
  "Accuracy": 0.9951480399183988,
  "Macro Precision": 0.5698533171668974,
  "Macro Recall": 0.6223275647503688,
  "Macro F1": 0.5903242195702763,
  "False Alarms": 50,
  "False Alarm Rate": 0.011893434823977164,
  "Missed Attacks": 32,
  "Detection Rate": 0.9977023048754219,
  "Confusion Matrix (actual_pred)": [
    [
      4154,
      11,
      0,
      25,
      13,
      1
    ],
    [
      1,
      306,
      0,
      0,
      0,
      0
    ],
    [
      7,
      0,
      0,
      3,
      0,
      0
    ],
    [
      5,
      0,
      0,
      24,
      3,
      0
    ],
    [
      7,
      0,
      0,
      0,
      0,
      0
    ],
    [
      12,
      0,
      0,
      0,
      0,
      13565
    ]
  ],
  "misclassified_indices": [
    566,
    772,
    774,
    780,
    876,
    877,
    878,
    879,
    880,
    1168,
    1210,
    1220,
    1221,
    1222,
    1223,
    1224,
    1225,
    1226,
    1227,
    1228,
    1229,
    1288,
    1343,
    1345,
    1346,
    1347,
    1731,
    1732,
    1734,
    1739,
    1740,
    1741,
    1742,
    1743,
    1749,
    1750,
    1751,
    1754,
    1760,
    1762,
    1763,
    1771,
    1772,
    1773,
    1774,
    1775,
    1784,
    1785,
    1786,
    1787,
    2107,
    2108,
    2109,
    2110,
    2111,
    2112,
    2113,
    2117,
    2118,
    2121,
    2124,
    2130,
    2131,
    2132,
    2240,
    2241,
    2242,
    2243,
    2244,
    2684,
    2950,
    2951,
    2952,
    8483,
    16519,
    16675,
    16676,
    16678,
    16679,
    16680,
    16719,
    16728,
    16729,
    16766,
    17003,
    17004,
    17005,
    17006
  ],
  "real_flow_indices": [
    1581,
    2097,
    2099,
    2112,
    2359,
    2361,
    2362,
    2363,
    2364,
    3101,
    3216,
    3251,
    3256,
    3257,
    3258,
    3261,
    3263,
    3269,
    3271,
    3272,
    3273,
    3420,
    3556,
    3558,
    3559,
    3560,
    4564,
    4565,
    4570,
    4596,
    4597,
    4598,
    4600,
    4601,
    4612,
    4613,
    4614,
    4621,
    4640,
    4642,
    4645,
    4667,
    4668,
    4671,
    4672,
    4673,
    4686,
    4687,
    4688,
    4690,
    5462,
    5463,
    5464,
    5466,
    5468,
    5470,
    5471,
    5486,
    5487,
    5494,
    5502,
    5517,
    5518,
    5522,
    5788,
    5790,
    5792,
    5793,
    5796,
    6929,
    7592,
    7593,
    7595,
    21033,
    41506,
    41890,
    41895,
    41904,
    41905,
    41908,
    42003,
    42019,
    42020,
    42114,
    42687,
    42691,
    42692,
    42694
  ],
  "y_pred": [
    0,
    1,
    1,
    1,
    1,
    1,
    1,
    1,
    1,
    0,
    0,
    3,
    3,
    3,
    4,
    3,
    3,
    3,
    3,
    3,
    4,
    0,
    0,
    0,
    0,
    0,
    0,
    0,
    0,
    1,
    3,
    3,
    3,
    3,
    3,
    3,
    3,
    3,
    3,
    3,
    3,
    0,
    0,
    4,
    4,
    4,
    3,
    1,
    1,
    3,
    4,
    4,
    4,
    4,
    4,
    4,
    4,
    0,
    0,
    0,
    0,
    0,
    0,
    0,
    3,
    3,
    3,
    3,
    4,
    4,
    0,
    0,
    0,
    5,
    4,
    0,
    0,
    0,
    0,
    0,
    0,
    0,
    0,
    0,
    4,
    3,
    3,
    3
  ],
  "y_true": [
    1,
    0,
    0,
    0,
    0,
    0,
    0,
    0,
    0,
    2,
    2,
    0,
    0,
    0,
    0,
    2,
    2,
    2,
    0,
    0,
    0,
    2,
    2,
    2,
    2,
    2,
    3,
    3,
    3,
    0,
    0,
    0,
    0,
    0,
    0,
    0,
    0,
    0,
    0,
    0,
    0,
    3,
    3,
    3,
    3,
    3,
    0,
    0,
    0,
    0,
    0,
    0,
    0,
    0,
    0,
    0,
    0,
    4,
    4,
    4,
    4,
    4,
    4,
    4,
    0,
    0,
    0,
    0,
    0,
    0,
    5,
    5,
    5,
    0,
    0,
    5,
    5,
    5,
    5,
    5,
    5,
    5,
    5,
    5,
    0,
    0,
    0,
    0
  ]
}