{
  "Accuracy": 0.9988972817996361,
  "Macro Precision": 0.9158157577866509,
  "Macro Recall": 0.9886949133072985,
  "Macro F1": 0.9465407995630796,
  "False Alarms": 5,
  "False Alarm Rate": 0.0011893434823977164,
  "Missed Attacks": 12,
  "Detection Rate": 0.9991385498923188,
  "Confusion Matrix (actual_pred)": [
    [
      4199,
      0,
      0,
      1,
      3,
      1
    ],
    [
      1,
      306,
      0,
      0,
      0,
      0
    ],
    [
      0,
      0,
      10,
      0,
      0,
      0
    ],
    [
      0,
      0,
      2,
      30,
      0,
      0
    ],
    [
      0,
      0,
      0,
      0,
      7,
      0
    ],
    [
      11,
      1,
      0,
      0,
      0,
      13565
    ]
  ],
  "misclassified_indices": [
    566,
    1731,
    1732,
    1796,
    2119,
    2120,
    2122,
    2950,
    2951,
    2952,
    8483,
    16675,
    16676,
    16678,
    16679,
    16680,
    16719,
    16728,
    16729,
    16766
  ],
  "real_flow_indices": [
    1581,
    4564,
    4565,
    4726,
    5488,
    5491,
    5495,
    7592,
    7593,
    7595,
    21033,
    41890,
    41895,
    41904,
    41905,
    41908,
    42003,
    42019,
    42020,
    42114
  ],
  "y_pred": [
    0,
    2,
    2,
    3,
    4,
    4,
    4,
    0,
    0,
    1,
    5,
    0,
    0,
    0,
    0,
    0,
    0,
    0,
    0,
    0
  ],
  "y_true": [
    1,
    3,
    3,
    0,
    0,
    0,
    0,
    5,
    5,
    5,
    0,
    5,
    5,
    5,
    5,
    5,
    5,
    5,
    5,
    5
  ]
}