{
  "Accuracy": 0.9981290926099158,
  "Macro Precision": 0.8134893089556595,
  "Macro Recall": 0.9547834348386729,
  "Macro F1": 0.8697096917876089,
  "False Alarms": 21,
  "False Alarm Rate": 0.004952830188679245,
  "Missed Attacks": 9,
  "Detection Rate": 0.9993538660348912,
  "Confusion Matrix (actual_pred)": [
    [
      4219,
      1,
      4,
      9,
      5,
      2
    ],
    [
      1,
      306,
      0,
      0,
      0,
      0
    ],
    [
      0,
      0,
      8,
      2,
      0,
      0
    ],
    [
      0,
      0,
      2,
      30,
      0,
      0
    ],
    [
      0,
      0,
      0,
      0,
      7,
      0
    ],
    [
      8,
      0,
      0,
      0,
      0,
      13569
    ]
  ],
  "misclassified_indices": [
    412,
    601,
    909,
    1214,
    1257,
    1275,
    1403,
    1407,
    1762,
    1764,
    1771,
    1779,
    1784,
    1785,
    1804,
    1811,
    1812,
    1814,
    1816,
    2150,
    2154,
    2155,
    2162,
    2980,
    2981,
    16551,
    16552,
    16712,
    16717,
    16718,
    16719,
    16805,
    16806,
    17990
  ],
  "real_flow_indices": [
    1107,
    1581,
    2361,
    3166,
    3270,
    3319,
    3676,
    3681,
    4564,
    4573,
    4595,
    4612,
    4622,
    4623,
    4666,
    4685,
    4686,
    4690,
    4697,
    5488,
    5496,
    5497,
    5519,
    7592,
    7593,
    41504,
    41507,
    41893,
    41904,
    41913,
    41914,
    42113,
    42119,
    44978
  ],
  "y_pred": [
    4,
    0,
    1,
    2,
    2,
    3,
    3,
    3,
    2,
    3,
    2,
    3,
    3,
    3,
    2,
    3,
    3,
    3,
    3,
    4,
    4,
    4,
    4,
    0,
    0,
    5,
    5,
    0,
    0,
    0,
    0,
    0,
    0,
    2
  ],
  "y_true": [
    0,
    1,
    0,
    0,
    0,
    2,
    2,
    0,
    3,
    0,
    0,
    0,
    0,
    0,
    3,
    0,
    0,
    0,
    0,
    0,
    0,
    0,
    0,
    5,
    5,
    0,
    0,
    5,
    5,
    5,
    5,
    5,
    5,
    0
  ]
}