{
  "Accuracy": 0.9706707753260331,
  "Macro Precision": 0.5252106104288058,
  "Macro Recall": 0.8136621854009215,
  "Macro F1": 0.5379679899712385,
  "False Alarms": 510,
  "False Alarm Rate": 0.12028301886792453,
  "Missed Attacks": 14,
  "Detection Rate": 0.9989945417983338,
  "Confusion Matrix (actual_pred)": [
    [
      3730,
      2,
      80,
      336,
      90,
      2
    ],
    [
      1,
      306,
      0,
      0,
      0,
      0
    ],
    [
      4,
      0,
      1,
      4,
      1,
      0
    ],
    [
      3,
      0,
      0,
      29,
      0,
      0
    ],
    [
      0,
      0,
      0,
      0,
      7,
      0
    ],
    [
      6,
      0,
      2,
      2,
      0,
      13567
    ]
  ],
  "misclassified_indices": [
    10,
    11,
    12,
    13,
    14,
    15,
    79,
    80,
    81,
    102,
    103,
    104,
    105,
    106,
    107,
    108,
    120,
    121,
    122,
    123,
    124,
    125,
    126,
    134,
    135,
    201,
    202,
    211,
    219,
    220,
    229,
    232,
    300,
    301,
    302,
    303,
    304,
    305,
    318,
    319,
    410,
    411,
    412,
    413,
    432,
    433,
    434,
    435,
    562,
    563,
    564,
    565,
    566,
    567,
    588,
    601,
    803,
    909,
    920,
    934,
    935,
    936,
    937,
    938,
    939,
    1006,
    1007,
    1019,
    1049,
    1063,
    1126,
    1127,
    1190,
    1194,
    1214,
    1215,
    1216,
    1217,
    1218,
    1219,
    1232,
    1241,
    1242,
    1243,
    1244,
    1245,
    1246,
    1247,
    1248,
    1249,
    1250,
    1251,
    1252,
    1253,
    1254,
    1255,
    1256,
    1257,
    1258,
    1275,
    1318,
    1319,
    1320,
    1321,
    1322,
    1337,
    1340,
    1341,
    1365,
    1366,
    1377,
    1395,
    1403,
    1405,
    1406,
    1407,
    1408,
    1439,
    1440,
    1441,
    1442,
    1443,
    1444,
    1457,
    1458,
    1459,
    1460,
    1461,
    1473,
    1474,
    1475,
    1527,
    1532,
    1533,
    1534,
    1569,
    1570,
    1571,
    1572,
    1573,
    1574,
    1606,
    1607,
    1608,
    1609,
    1644,
    1645,
    1646,
    1647,
    1648,
    1649,
    1650,
    1651,
    1684,
    1697,
    1698,
    1699,
    1700,
    1701,
    1702,
    1703,
    1704,
    1710,
    1725,
    1726,
    1727,
    1733,
    1734,
    1735,
    1736,
    1737,
    1752,
    1753,
    1754,
    1755,
    1762,
    1764,
    1765,
    1771,
    1772,
    1773,
    1779,
    1780,
    1784,
    1785,
    1793,
    1804,
    1805,
    1811,
    1812,
    1813,
    1814,
    1816,
    1819,
    1871,
    1872,
    1873,
    1874,
    1875,
    1876,
    1877,
    1897,
    1898,
    1899,
    1917,
    1918,
    1919,
    1920,
    1921,
    1922,
    1923,
    1925,
    1933,
    1934,
    1935,
    1936,
    1937,
    1938,
    1939,
    1940,
    1941,
    1942,
    1943,
    1944,
    1945,
    1946,
    1947,
    1948,
    1949,
    1959,
    1960,
    1961,
    1962,
    1963,
    1964,
    1965,
    1966,
    1967,
    1968,
    1969,
    1970,
    1971,
    1997,
    1998,
    1999,
    2000,
    2001,
    2011,
    2012,
    2013,
    2014,
    2022,
    2023,
    2043,
    2044,
    2045,
    2050,
    2051,
    2052,
    2053,
    2054,
    2055,
    2056,
    2057,
    2109,
    2110,
    2111,
    2112,
    2113,
    2114,
    2121,
    2122,
    2131,
    2132,
    2133,
    2134,
    2135,
    2136,
    2137,
    2138,
    2139,
    2140,
    2141,
    2142,
    2143,
    2144,
    2150,
    2154,
    2155,
    2160,
    2162,
    2163,
    2266,
    2267,
    2268,
    2269,
    2270,
    2271,
    2272,
    2366,
    2367,
    2368,
    2534,
    2535,
    2536,
    2537,
    2556,
    2557,
    2558,
    2559,
    2560,
    2594,
    2595,
    2596,
    2597,
    2598,
    2599,
    2613,
    2614,
    2615,
    2616,
    2655,
    2656,
    2657,
    2658,
    2659,
    2660,
    2666,
    2667,
    2668,
    2670,
    2671,
    2672,
    2673,
    2674,
    2675,
    2679,
    2680,
    2681,
    2703,
    2710,
    2711,
    2712,
    2713,
    2714,
    2715,
    2716,
    2717,
    2718,
    2719,
    2720,
    2721,
    2722,
    2723,
    2724,
    2727,
    2728,
    2730,
    2731,
    2732,
    2733,
    2734,
    2735,
    2736,
    2737,
    2738,
    2739,
    2740,
    2741,
    2742,
    2743,
    2744,
    2745,
    2746,
    2747,
    2748,
    2749,
    2751,
    2752,
    2784,
    2798,
    2799,
    2830,
    2838,
    2839,
    2840,
    2864,
    2865,
    2869,
    2870,
    2871,
    2872,
    2873,
    2874,
    2875,
    2878,
    2880,
    2881,
    2882,
    2883,
    2884,
    2885,
    2886,
    2887,
    2888,
    2889,
    2894,
    2895,
    2896,
    2897,
    2900,
    2911,
    2912,
    2932,
    2942,
    2944,
    2945,
    2966,
    2967,
    2968,
    2977,
    2978,
    2979,
    2980,
    2981,
    2982,
    2983,
    16551,
    16552,
    16553,
    16584,
    16585,
    16586,
    16627,
    16628,
    16629,
    16640,
    16641,
    16642,
    16643,
    16644,
    16712,
    16717,
    16718,
    16719,
    16722,
    16727,
    16728,
    16752,
    16773,
    16805,
    16806,
    16938,
    16939,
    16942,
    16943,
    16944,
    16961,
    16962,
    16963,
    16964,
    16965,
    17034,
    17035,
    17036,
    17037,
    17038,
    17039,
    17040,
    17041,
    17042,
    17043,
    17044,
    17045,
    17046,
    17047,
    17057,
    17058,
    17059,
    17060,
    17061,
    17062,
    17063,
    17100,
    17128,
    17129,
    17130,
    17131,
    17132,
    17133,
    17134,
    17162,
    17235,
    17239,
    17240,
    17241,
    17275,
    17349,
    17350,
    17400,
    17401,
    17402,
    17403,
    17404,
    17426,
    17485,
    17486,
    17560,
    17563,
    17625,
    17626,
    17627,
    17628,
    17629,
    17630,
    17732,
    17940,
    17941,
    17942,
    17990,
    18011,
    18012,
    18143,
    18144,
    18145,
    18146,
    18159,
    18160,
    18168,
    18169,
    18170,
    18171,
    18172
  ],