{
  "Accuracy": 0.9981841192978594,
  "Macro Precision": 0.8243426691157268,
  "Macro Recall": 0.9766731916902297,
  "Macro F1": 0.8821759970010032,
  "False Alarms": 20,
  "False Alarm Rate": 0.0047169811320754715,
  "Missed Attacks": 9,
  "Detection Rate": 0.9993538660348912,
  "Confusion Matrix (actual_pred)": [
    [
      4220,
      0,
      3,
      9,
      5,
      3
    ],
    [
      1,
      306,
      0,
      0,
      0,
      0
    ],
    [
      0,
      0,
      9,
      1,
      0,
      0
    ],
    [
      0,
      0,
      1,
      31,
      0,
      0
    ],
    [
      0,
      0,
      0,
      0,
      7,
      0
    ],
    [
      8,
      0,
      0,
      0,
      2,
      13567
    ]
  ],
  "misclassified_indices": [
    601,
    1214,
    1257,
    1276,
    1337,
    1404,
    1405,
    1762,
    1764,
    1784,
    1811,
    1812,
    1816,
    1828,
    2150,
    2154,
    2160,
    2162,
    2367,
    2980,
    2981,
    2982,
    2983,
    16551,
    16552,
    16553,
    16712,
    16717,
    16718,
    16719,
    16805,
    16806,
    17990
  ],
  "real_flow_indices": [
    1581,
    3166,
    3270,
    3320,
    3468,
    3677,
    3678,
    4564,
    4573,
    4622,
    4685,
    4686,
    4697,
    4727,
    5488,
    5496,
    5507,
    5519,
    6025,
    7592,
    7593,
    7595,
    7597,
    41504,
    41507,
    41509,
    41893,
    41904,
    41913,
    41914,
    42113,
    42119,
    44978
  ],
  "y_pred": [
    0,
    2,
    2,
    3,
    3,
    3,
    3,
    2,
    3,
    3,
    3,
    3,
    3,
    3,
    4,
    4,
    4,
    4,
    4,
    0,
    0,
    4,
    4,
    5,
    5,
    5,
    0,
    0,
    0,
    0,
    0,
    0,
    2
  ],
  "y_true": [
    1,
    0,
    0,
    0,
    2,
    0,
    0,
    3,
    0,
    0,
    0,
    0,
    0,
    0,
    0,
    0,
    0,
    0,
    0,
    5,
    5,
    5,
    5,
    0,
    0,
    0,
    5,
    5,
    5,
    5,
    5,
    5,
    0
  ]
}