{
  "Accuracy": 0.975127937049469,
  "Macro Precision": 0.548497833824661,
  "Macro Recall": 0.9332376570990347,
  "Macro F1": 0.5788608006962915,
  "False Alarms": 436,
  "False Alarm Rate": 0.10283018867924529,
  "Missed Attacks": 11,
  "Detection Rate": 0.9992102240091901,
  "Confusion Matrix (actual_pred)": [
    [
      3804,
      2,
      198,
      187,
      47,
      2
    ],
    [
      1,
      306,
      0,
      0,
      0,
      0
    ],
    [
      1,
      0,
      8,
      1,
      0,
      0
    ],
    [
      3,
      0,
      0,
      29,
      0,
      0
    ],
    [
      0,
      0,
      0,
      0,
      7,
      0
    ],
    [
      6,
      0,
      2,
      2,
      0,
      13567
    ]
  ],
  "misclassified_indices": [
    10,
    11,
    12,
    13,
    79,
    80,
    81,
    104,
    105,
    106,
    107,
    122,
    123,
    124,
    125,
    132,
    133,
    219,
    220,
    228,
    273,
    289,
    292,
    300,
    301,
    302,
    303,
    304,
    305,
    318,
    319,
    320,
    410,
    411,
    412,
    413,
    414,
    432,
    433,
    434,
    435,
    436,
    601,
    803,
    909,
    920,
    935,
    936,
    937,
    938,
    1063,
    1064,
    1102,
    1119,
    1120,
    1126,
    1127,
    1128,
    1129,
    1156,
    1157,
    1190,
    1213,
    1214,
    1215,
    1216,
    1217,
    1218,
    1221,
    1232,
    1242,
    1243,
    1244,
    1245,
    1246,
    1247,
    1248,
    1249,
    1250,
    1251,
    1252,
    1253,
    1256,
    1257,
    1258,
    1266,
    1275,
    1318,
    1319,
    1320,
    1321,
    1322,
    1340,
    1341,
    1352,
    1353,
    1375,
    1376,
    1377,
    1395,
    1396,
    1397,
    1404,
    1405,
    1406,
    1407,
    1408,
    1418,
    1441,
    1442,
    1443,
    1444,
    1457,
    1458,
    1459,
    1460,
    1475,
    1527,
    1528,
    1529,
    1533,
    1571,
    1572,
    1573,
    1574,
    1607,
    1608,
    1609,
    1645,
    1646,
    1647,
    1697,
    1698,
    1699,
    1700,
    1701,
    1703,
    1704,
    1709,
    1710,
    1711,
    1725,
    1726,
    1727,
    1735,
    1736,
    1737,
    1754,
    1755,
    1762,
    1764,
    1765,
    1771,
    1772,
    1773,
    1779,
    1780,
    1784,
    1785,
    1793,
    1794,
    1804,
    1805,
    1811,
    1812,
    1813,
    1814,
    1816,
    1819,
    1874,
    1876,
    1877,
    1897,
    1898,
    1918,
    1919,
    1920,
    1921,
    1922,
    1933,
    1934,
    1935,
    1936,
    1937,
    1939,
    1940,
    1942,
    1943,
    1944,
    1945,
    1947,
    1948,
    1949,
    1960,
    1961,
    1962,
    1963,
    1964,
    1965,
    1966,
    1967,
    1968,
    1969,
    1970,
    1977,
    1999,
    2000,
    2001,
    2011,
    2012,
    2013,
    2014,
    2020,
    2022,
    2023,
    2043,
    2050,
    2051,
    2052,
    2053,
    2054,
    2055,
    2056,
    2109,
    2110,
    2111,
    2112,
    2113,
    2114,
    2121,
    2122,
    2129,
    2132,
    2133,
    2134,
    2135,
    2136,
    2137,
    2138,
    2139,
    2140,
    2141,
    2142,
    2143,
    2144,
    2150,
    2154,
    2155,
    2160,
    2162,
    2163,
    2164,
    2193,
    2266,
    2267,
    2268,
    2269,
    2270,
    2271,
    2272,
    2357,
    2358,
    2365,
    2366,
    2367,
    2368,
    2369,
    2403,
    2534,
    2535,
    2536,
    2555,
    2556,
    2557,
    2558,
    2594,
    2595,
    2596,
    2597,
    2598,
    2599,
    2613,
    2614,
    2615,
    2616,
    2658,
    2659,
    2666,
    2667,
    2668,
    2670,
    2674,
    2675,
    2676,
    2678,
    2679,
    2680,
    2709,
    2710,
    2711,
    2712,
    2713,
    2714,
    2715,
    2716,
    2717,
    2718,
    2719,
    2720,
    2721,
    2722,
    2723,
    2724,
    2725,
    2727,
    2728,
    2729,
    2730,
    2731,
    2732,
    2736,
    2737,
    2738,
    2739,
    2741,
    2743,
    2744,
    2745,
    2751,
    2784,
    2797,
    2830,
    2831,
    2832,
    2871,
    2872,
    2873,
    2874,
    2875,
    2879,
    2880,
    2881,
    2882,
    2883,
    2886,
    2888,
    2893,
    2894,
    2895,
    2896,
    2897,
    2898,
    2900,
    2901,
    2902,
    2912,
    2930,
    2931,
    2932,
    2944,
    2945,
    2966,
    2967,
    2968,
    2977,
    2978,
    2979,
    2980,
    2981,
    2982,
    2983,
    16551,
    16552,
    16553,
    16554,
    16586,
    16629,
    16637,
    16643,
    16644,
    16663,
    16664,
    16665,
    16712,
    16717,
    16718,
    16719,
    16722,
    16723,
    16724,
    16725,
    16752,
    16805,
    16806,
    16938,
    16943,
    16944,
    16962,
    16963,
    16964,
    16965,
    17034,
    17035,
    17036,
    17037,
    17039,
    17040,
    17041,
    17042,
    17043,
    17044,
    17045,
    17046,
    17057,
    17059,
    17127,
    17128,
    17129,
    17130,
    17131,
    17132,
    17133,
    17134,
    17162,
    17233,
    17234,
    17235,
    17239,
    17240,
    17241,
    17242,
    17350,
    17402,
    17403,
    17426,
    17485,
    17585,
    17627,
    17628,
    17629,
    17990,
    18012,
    18013,
    18097,
    18098,
    18099,
    18100,
    18143,
    18144,
    18145,
    18159,
    18160
  ],