{
  "Accuracy": 0.9990645463049579,
  "Macro Precision": 0.908383974714464,
  "Macro Recall": 0.9720790323229496,
  "Macro F1": 0.9354950120303668,
  "False Alarms": 5,
  "False Alarm Rate": 0.0011792452830188679,
  "Missed Attacks": 9,
  "Detection Rate": 0.9993539124192391,
  "Confusion Matrix (actual_pred)": [
    [
      4235,
      1,
      0,
      1,
      3,
      0
    ],
    [
      1,
      306,
      0,
      0,
      0,
      0
    ],
    [
      0,
      0,
      9,
      1,
      0,
      0
    ],
    [
      0,
      0,
      2,
      30,
      0,
      0
    ],
    [
      0,
      0,
      0,
      0,
      7,
      0
    ],
    [
      8,
      0,
      0,
      0,
      0,
      13569
    ]
  ],
  "misclassified_indices": [
    434,
    601,
    909,
    1275,
    1762,
    1804,
    1811,
    2150,
    2154,
    2980,
    2981,
    16712,
    16717,
    16718,
    16719,
    16805,
    16806
  ],
  "real_flow_indices": [
    1166,
    1581,
    2361,
    3319,
    4564,
    4666,
    4685,
    5488,
    5496,
    7592,
    7593,
    41893,
    41904,
    41913,
    41914,
    42113,
    42119
  ],
  "y_pred": [
    4,
    0,
    1,
    3,
    2,
    2,
    3,
    4,
    4,
    0,
    0,
    0,
    0,
    0,
    0,
    0,
    0
  ],
  "y_true": [
    0,
    1,
    0,
    2,
    3,
    3,
    0,
    0,
    0,
    5,
    5,
    5,
    5,
    5,
    5,
    5,
    5
  ]
}