{
  "Accuracy": 0.9962581852198317,
  "Macro Precision": 0.7269857588553407,
  "Macro Recall": 0.9752974055267076,
  "Macro F1": 0.7945762790678752,
  "False Alarms": 55,
  "False Alarm Rate": 0.012971698113207548,
  "Missed Attacks": 9,
  "Detection Rate": 0.9993538660348912,
  "Confusion Matrix (actual_pred)": [
    [
      4185,
      2,
      6,
      20,
      24,
      3
    ],
    [
      1,
      306,
      0,
      0,
      0,
      0
    ],
    [
      0,
      0,
      9,
      1,
      0,
      0
    ],
    [
      0,
      0,
      1,
      31,
      0,
      0
    ],
    [
      0,
      0,
      0,
      0,
      7,
      0
    ],
    [
      8,
      0,
      0,
      0,
      2,
      13567
    ]
  ],
  "misclassified_indices": [
    410,
    411,
    412,
    413,
    414,
    434,
    601,
    803,
    909,
    1214,
    1217,
    1218,
    1219,
    1236,
    1257,
    1276,
    1319,
    1337,
    1404,
    1406,
    1407,
    1495,
    1697,
    1762,
    1764,
    1773,
    1779,
    1784,
    1785,
    1793,
    1811,
    1812,
    1813,
    1814,
    1816,
    1819,
    1828,
    1988,
    2108,
    2140,
    2150,
    2154,
    2160,
    2162,
    2163,
    2367,
    2875,
    2944,
    2980,
    2981,
    2982,
    2983,
    16551,
    16552,
    16553,
    16712,
    16717,
    16718,
    16719,
    16805,
    16806,
    17232,
    17626,
    17735,
    17990,
    18096,
    18097,
    18098
  ],
  "real_flow_indices": [
    1104,
    1105,
    1107,
    1109,
    1110,
    1166,
    1581,
    2095,
    2361,
    3166,
    3171,
    3172,
    3173,
    3225,
    3270,
    3320,
    3421,
    3468,
    3677,
    3679,
    3681,
    3869,
    4396,
    4564,
    4573,
    4599,
    4612,
    4622,
    4623,
    4645,
    4685,
    4686,
    4689,
    4690,
    4697,
    4701,
    4727,
    5079,
    5381,
    5471,
    5488,
    5496,
    5507,
    5519,
    5525,
    6025,
    7321,
    7505,
    7592,
    7593,
    7595,
    7597,
    41504,
    41507,
    41509,
    41893,
    41904,
    41913,
    41914,
    42113,
    42119,
    43121,
    44105,
    44367,
    44978,
    45258,
    45259,
    45260
  ],
  "y_pred": [
    4,
    4,
    4,
    4,
    4,
    4,
    0,
    1,
    1,
    2,
    3,
    3,
    3,
    2,
    2,
    3,
    2,
    3,
    3,
    3,
    3,
    2,
    4,
    2,
    3,
    3,
    3,
    3,
    3,
    3,
    3,
    3,
    3,
    3,
    3,
    3,
    3,
    4,
    4,
    4,
    4,
    4,
    4,
    4,
    4,
    4,
    4,
    4,
    0,
    0,
    4,
    4,
    5,
    5,
    5,
    0,
    0,
    0,
    0,
    0,
    0,
    4,
    4,
    4,
    2,
    4,
    4,
    4
  ],
  "y_true": [
    0,
    0,
    0,
    0,
    0,
    0,
    1,
    0,
    0,
    0,
    0,
    0,
    0,
    0,
    0,
    0,
    0,
    2,
    0,
    0,
    0,
    0,
    0,
    3,
    0,
    0,
    0,
    0,
    0,
    0,
    0,
    0,
    0,
    0,
    0,
    0,
    0,
    0,
    0,
    0,
    0,
    0,
    0,
    0,
    0,
    0,
    0,
    0,
    5,
    5,
    5,
    5,
    0,
    0,
    0,
    5,
    5,
    5,
    5,
    5,
    5,
    0,
    0,
    0,
    0,
    0,
    0,
    0
  ]
}