{
  "Accuracy": 0.9828527319843414,
  "Macro Precision": 0.6097243319771927,
  "Macro Recall": 0.9451620395947335,
  "Macro F1": 0.6528757932578513,
  "False Alarms": 287,
  "False Alarm Rate": 0.06826831588962892,
  "Missed Attacks": 11,
  "Detection Rate": 0.9992097701149425,
  "Confusion Matrix (actual_pred)": [
    [
      3917,
      27,
      190,
      21,
      41,
      8
    ],
    [
      1,
      306,
      0,
      0,
      0,
      0
    ],
    [
      1,
      0,
      9,
      0,
      0,
      0
    ],
    [
      0,
      0,
      5,
      27,
      0,
      0
    ],
    [
      0,
      0,
      0,
      0,
      7,
      0
    ],
    [
      9,
      0,
      5,
      0,
      3,
      13560
    ]
  ],
  "misclassified_indices": [
    45,
    46,
    48,
    73,
    74,
    75,
    76,
    82,
    83,
    85,
    91,
    168,
    169,
    170,
    204,
    262,
    271,
    272,
    273,
    274,
    275,
    276,
    290,
    291,
    566,
    772,
    774,
    780,
    876,
    877,
    878,
    879,
    880,
    881,
    882,
    883,
    884,
    885,
    886,
    887,
    888,
    889,
    890,
    891,
    892,
    893,
    894,
    895,
    896,
    897,
    898,
    899,
    900,
    901,
    902,
    903,
    904,
    905,
    906,
    907,
    908,
    909,
    910,
    911,
    914,
    976,
    1058,
    1071,
    1095,
    1193,
    1195,
    1218,
    1219,
    1220,
    1221,
    1222,
    1227,
    1228,
    1229,
    1289,
    1312,
    1313,
    1343,
    1380,
    1403,
    1405,
    1406,
    1416,
    1419,
    1420,
    1422,
    1441,
    1442,
    1500,
    1543,
    1545,
    1584,
    1616,
    1618,
    1620,
    1674,
    1679,
    1680,
    1705,
    1706,
    1707,
    1723,
    1725,
    1731,
    1732,
    1734,
    1735,
    1736,
    1739,
    1740,
    1741,
    1742,
    1743,
    1749,
    1750,
    1751,
    1754,
    1760,
    1762,
    1763,
    1764,
    1765,
    1766,
    1767,
    1771,
    1772,
    1784,
    1785,
    1786,
    1787,
    1789,
    1790,
    1796,
    1835,
    1836,
    1837,
    1839,
    1860,
    1861,
    1884,
    1902,
    1907,
    1908,
    1918,
    1929,
    1931,
    1932,
    1933,
    1934,
    1935,
    1936,
    1937,
    1962,
    1979,
    1992,
    1994,
    1996,
    1997,
    2021,
    2022,
    2023,
    2024,
    2025,
    2026,
    2027,
    2028,
    2029,
    2074,
    2076,
    2077,
    2078,
    2092,
    2094,
    2095,
    2105,
    2106,
    2107,
    2108,
    2109,
    2110,
    2111,
    2112,
    2113,
    2114,
    2115,
    2116,
    2119,
    2120,
    2122,
    2123,
    2125,
    2126,
    2127,
    2128,
    2129,
    2133,
    2134,
    2234,
    2235,
    2236,
    2237,
    2238,
    2239,
    2240,
    2241,
    2242,
    2243,
    2244,
    2245,
    2536,
    2630,
    2653,
    2654,
    2680,
    2681,
    2682,
    2683,
    2707,
    2709,
    2710,
    2713,
    2766,
    2836,
    2845,
    2887,
    2916,
    2946,
    2947,
    2949,
    2950,
    2951,
    2952,
    2953,
    2954,
    2955,
    2956,
    2984,
    8483,
    16519,
    16520,
    16521,
    16522,
    16523,
    16524,
    16525,
    16526,
    16527,
    16528,
    16529,
    16530,
    16531,
    16532,
    16533,
    16534,
    16535,
    16536,
    16537,
    16594,
    16607,
    16675,
    16676,
    16678,
    16679,
    16680,
    16685,
    16717,
    16718,
    16719,
    16728,
    16729,
    16766,
    16847,
    16996,
    16997,
    16999,
    17001,
    17002,
    17003,
    17004,
    17005,
    17006,
    17018,
    17020,
    17073,
    17122,
    17183,
    17184,
    17185,
    17186,
    17236,
    17306,
    17308,
    17309,
    17310,
    17387,
    17389,
    17390,
    17439,
    17440,
    17590,
    17591,
    17780,
    17981,
    17982,
    18106,
    18107
  ],
  "real_flow_indices": [
    216,
    221,
    225,
    290,
    293,
    294,
    295,
    327,
    329,
    332,
    355,
    545,
    546,
    547,
    619,
    797,
    816,
    818,
    819,
    820,
    824,
    827,
    862,
    863,
    1581,
    2097,
    2099,
    2112,
    2359,
    2361,
    2362,
    2363,
    2364,
    2371,
    2372,
    2373,
    2374,
    2376,
    2378,
    2380,
    2383,
    2387,
    2388,
    2389,
    2390,
    2391,
    2392,
    2393,
    2395,
    2396,
    2397,
    2400,
    2402,
    2405,
    2407,
    2409,
    2415,
    2416,
    2423,
    2424,
    2425,
    2426,
    2427,
    2429,
    2441,
    2602,
    2810,
    2849,
    2916,
    3168,
    3175,
    3246,
    3250,
    3251,
    3256,
    3257,
    3271,
    3272,
    3273,
    3422,
    3480,
    3481,
    3556,
    3681,
    3745,
    3747,
    3749,
    3778,
    3785,
    3790,
    3793,
    3827,
    3829,
    3958,
    4058,
    4064,
    4164,
    4258,
    4264,
    4271,
    4406,
    4432,
    4433,
    4495,
    4498,
    4500,
    4542,
    4547,
    4564,
    4565,
    4570,
    4573,
    4577,
    4596,
    4597,
    4598,
    4600,
    4601,
    4612,
    4613,
    4614,
    4621,
    4640,
    4642,
    4645,
    4648,
    4649,
    4652,
    4653,
    4667,
    4668,
    4686,
    4687,
    4688,
    4690,
    4704,
    4705,
    4726,
    4830,
    4831,
    4832,
    4836,
    4884,
    4886,
    4932,
    4974,
    4984,
    4985,
    5005,
    5029,
    5034,
    5037,
    5039,
    5040,
    5041,
    5043,
    5048,
    5113,
    5147,
    5168,
    5170,
    5172,
    5173,
    5247,
    5248,
    5249,
    5252,
    5253,
    5256,
    5258,
    5263,
    5267,
    5389,
    5391,
    5393,
    5395,
    5424,
    5428,
    5431,
    5456,
    5458,
    5462,
    5463,
    5464,
    5466,
    5468,
    5470,
    5471,
    5477,
    5479,
    5483,
    5488,
    5491,
    5495,
    5497,
    5503,
    5505,
    5508,
    5511,
    5513,
    5527,
    5535,
    5776,
    5777,
    5778,
    5779,
    5782,
    5784,
    5788,
    5790,
    5792,
    5793,
    5796,
    5797,
    6519,
    6774,
    6830,
    6831,
    6915,
    6917,
    6918,
    6921,
    6970,
    6974,
    6976,
    6988,
    7104,
    7286,
    7309,
    7422,
    7508,
    7585,
    7587,
    7589,
    7592,
    7593,
    7595,
    7597,
    7599,
    7600,
    7601,
    7676,
    21033,
    41506,
    41513,
    41514,
    41517,
    41518,
    41520,
    41521,
    41526,
    41528,
    41531,
    41532,
    41536,
    41538,
    41539,
    41540,
    41541,
    41544,
    41546,
    41548,
    41692,
    41718,
    41890,
    41895,
    41904,
    41905,
    41908,
    41925,
    42000,
    42001,
    42003,
    42019,
    42020,
    42114,
    42294,
    42672,
    42674,
    42680,
    42682,
    42686,
    42687,
    42691,
    42692,
    42694,
    42724,
    42728,
    42849,
    42957,
    43122,
    43123,
    43125,
    43126,
    43251,
    43427,
    43429,
    43434,
    43435,
    43612,
    43614,
    43618,
    43754,
    43755,
    44109,
    44110,
    44573,
    45069,
    45071,
    45363,
    45364
  ],