{
  "Accuracy": 0.9979640125460848,
  "Macro Precision": 0.7940664930208233,
  "Macro Recall": 0.9380651843336336,
  "Macro F1": 0.8496349464665537,
  "False Alarms": 22,
  "False Alarm Rate": 0.005188679245283019,
  "Missed Attacks": 10,
  "Detection Rate": 0.9992820218265365,
  "Confusion Matrix (actual_pred)": [
    [
      4218,
      1,
      5,
      8,
      6,
      2
    ],
    [
      1,
      306,
      0,
      0,
      0,
      0
    ],
    [
      0,
      0,
      7,
      3,
      0,
      0
    ],
    [
      0,
      0,
      2,
      30,
      0,
      0
    ],
    [
      0,
      0,
      0,
      0,
      7,
      0
    ],
    [
      9,
      0,
      0,
      0,
      0,
      13568
    ]
  ],
  "misclassified_indices": [
    601,
    909,
    1214,
    1256,
    1257,
    1275,
    1319,
    1403,
    1762,
    1764,
    1772,
    1779,
    1784,
    1785,
    1804,
    1811,
    1812,
    1814,
    1816,
    2150,
    2154,
    2162,
    2367,
    2980,
    2981,
    2982,
    16551,
    16552,
    16712,
    16717,
    16718,
    16719,
    16805,
    16806,
    17232,
    17990,
    18096
  ],
  "real_flow_indices": [
    1581,
    2361,
    3166,
    3268,
    3270,
    3319,
    3421,
    3676,
    4564,
    4573,
    4597,
    4612,
    4622,
    4623,
    4666,
    4685,
    4686,
    4690,
    4697,
    5488,
    5496,
    5519,
    6025,
    7592,
    7593,
    7595,
    41504,
    41507,
    41893,
    41904,
    41913,
    41914,
    42113,
    42119,
    43121,
    44978,
    45258
  ],
  "y_pred": [
    0,
    1,
    2,
    3,
    2,
    3,
    2,
    3,
    2,
    3,
    2,
    3,
    3,
    3,
    2,
    3,
    3,
    3,
    3,
    4,
    4,
    4,
    4,
    0,
    0,
    0,
    5,
    5,
    0,
    0,
    0,
    0,
    0,
    0,
    4,
    2,
    4
  ],
  "y_true": [
    1,
    0,
    0,
    2,
    0,
    2,
    0,
    2,
    3,
    0,
    0,
    0,
    0,
    0,
    3,
    0,
    0,
    0,
    0,
    0,
    0,
    0,
    0,
    5,
    5,
    5,
    0,
    0,
    5,
    5,
    5,
    5,
    5,
    5,
    0,
    0,
    0
  ]
}