{
  "Accuracy": 0.9864917020455423,
  "Macro Precision": 0.5436742140395737,
  "Macro Recall": 0.7506777476085973,
  "Macro F1": 0.5751757685259538,
  "False Alarms": 207,
  "False Alarm Rate": 0.04923882017126546,
  "Missed Attacks": 24,
  "Detection Rate": 0.9982757381995833,
  "Confusion Matrix (actual_pred)": [
    [
      3997,
      9,
      0,
      175,
      16,
      7
    ],
    [
      1,
      306,
      0,
      0,
      0,
      0
    ],
    [
      6,
      0,
      0,
      3,
      1,
      0
    ],
    [
      5,
      0,
      0,
      27,
      0,
      0
    ],
    [
      2,
      0,
      0,
      0,
      5,
      0
    ],
    [
      10,
      0,
      0,
      2,
      8,
      13557
    ]
  ],
  "misclassified_indices": [
    45,
    46,
    48,
    74,
    75,
    76,
    82,
    83,
    84,
    85,
    210,
    273,
    274,
    275,
    276,
    566,
    772,
    774,
    780,
    876,
    877,
    878,
    879,
    880,
    881,
    882,
    883,
    884,
    914,
    1168,
    1210,
    1218,
    1219,
    1220,
    1221,
    1222,
    1223,
    1224,
    1225,
    1226,
    1288,
    1343,
    1345,
    1346,
    1347,
    1380,
    1405,
    1406,
    1419,
    1420,
    1421,
    1422,
    1423,
    1499,
    1500,
    1501,
    1543,
    1544,
    1545,
    1585,
    1618,
    1620,
    1705,
    1706,
    1707,
    1723,
    1724,
    1725,
    1731,
    1732,
    1734,
    1739,
    1740,
    1741,
    1742,
    1743,
    1749,
    1750,
    1754,
    1760,
    1762,
    1763,
    1771,
    1772,
    1784,
    1785,
    1786,
    1787,
    1835,
    1836,
    1837,
    1838,
    1839,
    1861,
    1884,
    1888,
    1904,
    1905,
    1907,
    1908,
    1911,
    1912,
    1914,
    1915,
    1916,
    1917,
    1918,
    1929,
    1931,
    1932,
    1933,
    1934,
    1935,
    1936,
    1937,
    1964,
    1979,
    1990,
    1991,
    1992,
    1993,
    1994,
    1995,
    1996,
    1997,
    2021,
    2022,
    2023,
    2024,
    2025,
    2026,
    2027,
    2028,
    2029,
    2077,
    2078,
    2092,
    2093,
    2094,
    2095,
    2096,
    2107,
    2108,
    2109,
    2117,
    2118,
    2120,
    2122,
    2125,
    2126,
    2235,
    2237,
    2238,
    2239,
    2240,
    2241,
    2242,
    2243,
    2337,
    2535,
    2536,
    2569,
    2570,
    2682,
    2683,
    2691,
    2692,
    2694,
    2695,
    2696,
    2702,
    2703,
    2704,
    2705,
    2706,
    2707,
    2708,
    2709,
    2710,
    2711,
    2712,
    2713,
    2836,
    2856,
    2857,
    2858,
    2859,
    2860,
    2861,
    2947,
    2949,
    2950,
    2951,
    2952,
    2953,
    2954,
    2955,
    2956,
    2957,
    2958,
    2959,
    2960,
    8483,
    16519,
    16520,
    16521,
    16522,
    16594,
    16606,
    16607,
    16608,
    16675,
    16676,
    16678,
    16679,
    16680,
    16717,
    16718,
    16719,
    16728,
    16729,
    16766,
    16999,
    17000,
    17001,
    17002,
    17003,
    17004,
    17005,
    17006,
    17018,
    17019,
    17020,
    17022,
    17081,
    17082,
    17083,
    17084,
    17085,
    17086,
    17197,
    17198,
    17310,
    17390,
    17591
  ],
  "real_flow_indices": [
    216,
    221,
    225,
    293,
    294,
    295,
    327,
    329,
    331,
    332,
    634,
    819,
    820,
    824,
    827,
    1581,
    2097,
    2099,
    2112,
    2359,
    2361,
    2362,
    2363,
    2364,
    2371,
    2372,
    2373,
    2374,
    2441,
    3101,
    3216,
    3246,
    3250,
    3251,
    3256,
    3257,
    3258,
    3261,
    3263,
    3269,
    3420,
    3556,
    3558,
    3559,
    3560,
    3681,
    3747,
    3749,
    3785,
    3790,
    3791,
    3793,
    3796,
    3956,
    3958,
    3959,
    4058,
    4061,
    4064,
    4167,
    4264,
    4271,
    4495,
    4498,
    4500,
    4542,
    4545,
    4547,
    4564,
    4565,
    4570,
    4596,
    4597,
    4598,
    4600,
    4601,
    4612,
    4613,
    4621,
    4640,
    4642,
    4645,
    4667,
    4668,
    4686,
    4687,
    4688,
    4690,
    4830,
    4831,
    4832,
    4835,
    4836,
    4886,
    4932,
    4940,
    4979,
    4982,
    4984,
    4985,
    4989,
    4991,
    4998,
    5002,
    5003,
    5004,
    5005,
    5029,
    5034,
    5037,
    5039,
    5040,
    5041,
    5043,
    5048,
    5118,
    5147,
    5165,
    5167,
    5168,
    5169,
    5170,
    5171,
    5172,
    5173,
    5247,
    5248,
    5249,
    5252,
    5253,
    5256,
    5258,
    5263,
    5267,
    5393,
    5395,
    5424,
    5425,
    5428,
    5431,
    5432,
    5462,
    5463,
    5464,
    5486,
    5487,
    5491,
    5495,
    5503,
    5505,
    5777,
    5779,
    5782,
    5784,
    5788,
    5790,
    5792,
    5793,
    6024,
    6518,
    6519,
    6619,
    6621,
    6918,
    6921,
    6942,
    6943,
    6946,
    6947,
    6948,
    6960,
    6961,
    6963,
    6965,
    6968,
    6970,
    6971,
    6974,
    6976,
    6985,
    6986,
    6988,
    7286,
    7343,
    7344,
    7345,
    7347,
    7348,
    7350,
    7587,
    7589,
    7592,
    7593,
    7595,
    7597,
    7599,
    7600,
    7601,
    7604,
    7606,
    7607,
    7608,
    21033,
    41506,
    41513,
    41514,
    41517,
    41692,
    41717,
    41718,
    41719,
    41890,
    41895,
    41904,
    41905,
    41908,
    42000,
    42001,
    42003,
    42019,
    42020,
    42114,
    42680,
    42681,
    42682,
    42686,
    42687,
    42691,
    42692,
    42694,
    42724,
    42725,
    42728,
    42733,
    42878,
    42879,
    42880,
    42881,
    42883,
    42884,
    43146,
    43147,
    43435,
    43618,
    44110
  ],
  "y_pred": [
    3,
    3,
    3,
    3,
    3,
    3,
    3,
    3,
    3,
    3,
    3,
    3,
    3,
    3,
    3,
    0,
    1,
    1,
    1,
    1,
    1,
    1,
    1,
    1,
    1,
    5,
    5,
    5,
    3,
    0,
    0,
    3,
    3,
    3,
    3,
    3,
    3,
    3,
    3,
    3,
    4,
    0,
    0,
    0,
    0,
    3,
    3,
    3,
    3,
    3,
    3,
    3,
    3,
    3,
    3,
    3,
    3,
    3,
    3,
    3,
    3,
    3,
    3,
    3,
    3,
    3,
    3,
    3,
    0,
    0,
    0,
    3,
    3,
    3,
    3,
    3,
    3,
    3,
    3,
    3,
    3,
    3,
    0,
    0,
    3,
    3,
    3,
    3,
    3,
    3,
    3,
    3,
    3,
    3,
    3,
    3,
    3,
    3,
    3,
    3,
    3,
    3,
    3,
    3,
    3,
    3,
    3,
    3,
    3,
    3,
    3,
    3,
    3,
    3,
    3,
    3,
    3,
    3,
    3,
    3,
    3,
    3,
    3,
    3,
    3,
    3,
    3,
    3,
    3,
    3,
    3,
    3,
    3,
    3,
    3,
    3,
    3,
    3,
    3,
    3,
    3,
    3,
    3,
    3,
    0,
    0,
    4,
    4,
    4,
    4,
    3,
    3,
    3,
    3,
    3,
    3,
    3,
    3,
    4,
    3,
    3,
    4,
    4,
    3,
    3,
    3,
    3,
    3,
    3,
    3,
    3,
    3,
    3,
    3,
    3,
    3,
    3,
    3,
    3,
    3,
    3,
    3,
    3,
    3,
    3,
    3,
    3,
    3,
    3,
    3,
    3,
    3,
    3,
    0,
    4,
    4,
    4,
    4,
    4,
    4,
    4,
    4,
    5,
    5,
    5,
    5,
    4,
    3,
    3,
    3,
    3,
    0,
    0,
    0,
    0,
    0,
    3,
    3,
    0,
    0,
    0,
    0,
    3,
    3,
    3,
    3,
    3,
    3,
    3,
    3,
    3,
    3,
    3,
    3,
    4,
    4,
    4,
    4,
    4,
    4,
    4,
    4,
    3,
    3,
    3
  ],