{
  "Accuracy": 0.9973534763191266,
  "Macro Precision": 0.802676603960392,
  "Macro Recall": 0.9876122285108688,
  "Macro F1": 0.8661024595547393,
  "False Alarms": 32,
  "False Alarm Rate": 0.007611798287345386,
  "Missed Attacks": 14,
  "Detection Rate": 0.9989950470174431,
  "Confusion Matrix (actual_pred)": [
    [
      4172,
      8,
      3,
      8,
      11,
      2
    ],
    [
      1,
      306,
      0,
      0,
      0,
      0
    ],
    [
      0,
      0,
      10,
      0,
      0,
      0
    ],
    [
      0,
      0,
      2,
      30,
      0,
      0
    ],
    [
      0,
      0,
      0,
      0,
      7,
      0
    ],
    [
      13,
      0,
      0,
      0,
      0,
      13564
    ]
  ],
  "misclassified_indices": [
    566,
    772,
    774,
    780,
    876,
    877,
    878,
    879,
    880,
    1516,
    1731,
    1732,
    1735,
    1736,
    1749,
    1754,
    1760,
    1784,
    1785,
    1796,
    2107,
    2112,
    2113,
    2114,
    2119,
    2120,
    2122,
    2123,
    2125,
    2126,
    2127,
    2129,
    2950,
    2951,
    2952,
    2953,
    8483,
    16519,
    16675,
    16676,
    16678,
    16679,
    16680,
    16719,
    16728,
    16729,
    16766,
    17778
  ],
  "real_flow_indices": [
    1581,
    2097,
    2099,
    2112,
    2359,
    2361,
    2362,
    2363,
    2364,
    3993,
    4564,
    4565,
    4573,
    4577,
    4612,
    4621,
    4640,
    4686,
    4687,
    4726,
    5462,
    5470,
    5471,
    5477,
    5488,
    5491,
    5495,
    5497,
    5503,
    5505,
    5508,
    5513,
    7592,
    7593,
    7595,
    7597,
    21033,
    41506,
    41890,
    41895,
    41904,
    41905,
    41908,
    42003,
    42019,
    42020,
    42114,
    44569
  ],
  "y_pred": [
    0,
    1,
    1,
    1,
    1,
    1,
    1,
    1,
    1,
    2,
    2,
    2,
    3,
    3,
    3,
    3,
    3,
    3,
    3,
    3,
    2,
    4,
    4,
    4,
    4,
    4,
    4,
    4,
    4,
    4,
    4,
    4,
    0,
    0,
    0,
    0,
    5,
    5,
    0,
    0,
    0,
    0,
    0,
    0,
    0,
    0,
    0,
    2
  ],
  "y_true": [
    1,
    0,
    0,
    0,
    0,
    0,
    0,
    0,
    0,
    0,
    3,
    3,
    0,
    0,
    0,
    0,
    0,
    0,
    0,
    0,
    0,
    0,
    0,
    0,
    0,
    0,
    0,
    0,
    0,
    0,
    0,
    0,
    5,
    5,
    5,
    5,
    0,
    0,
    5,
    5,
    5,
    5,
    5,
    5,
    5,
    5,
    5,
    0
  ]
}