{
  "Accuracy": 0.9988872772070658,
  "Macro Precision": 0.9988751223464079,
  "Macro Recall": 0.9988335932417629,
  "Macro F1": 0.9988543423123604,
  "False Alarms": 31,
  "False Alarm Rate": 0.0014832535885167463,
  "Missed Attacks": 25,
  "Detection Rate": 0.9991504400720427,
  "Confusion Matrix (actual_pred)": [
    [
      20869,
      31
    ],
    [
      25,
      29402
    ]
  ],
  "Misclassified Info": {
    "total_misclassified": 56,
    "per_phase": {
      "0": 31,
      "1": 0,
      "2": 1,
      "3": 9,
      "4": 2,
      "5": 13
    }
  }
}