{
  "accuracy": 0.9984302660599678,
  "precision": 0.9980653044599823,
  "recall": 0.9992523872633976,
  "f1": 0.9986584930971828,
  "confusion_matrix": [
    [
      20843,
      57
    ],
    [
      22,
      29405
    ]
  ],
  "misclassified_samples": {
    "total_misclassified": 79,
    "per_phase": {
      "0": 57,
      "1": 0,
      "2": 3,
      "3": 4,
      "4": 1,
      "5": 14
    }
  }
}