{
  "Accuracy": 0.9991257178055517,
  "Macro Precision": 0.5999602203790998,
  "Macro Recall": 0.8567453455653324,
  "Macro F1": 0.6560312903867183,
  "False Alarms": 40,
  "False Alarm Rate": 0.0007950231550493908,
  "Missed Attacks": 4,
  "Detection Rate": 0.7142857142857143,
  "Confusion Matrix (actual_pred)": [
    [
      50273,
      40
    ],
    [
      4,
      10
    ]
  ],
  "Misclassified Info": {
    "total_misclassified": 44,
    "per_phase": {
      "0": 40,
      "1": 0,
      "2": 0,
      "3": 4,
      "4": 0,
      "5": 0
    }
  }
}