{
  "Accuracy": 0.9999006497506309,
  "Macro Precision": 0.8181718809849027,
  "Macro Recall": 0.9374602535821459,
  "Macro F1": 0.8683962103798772,
  "False Alarms": 4,
  "False Alarm Rate": 7.94928357081818e-05,
  "Missed Attacks": 1,
  "Detection Rate": 0.875,
  "Confusion Matrix (actual_pred)": [
    [
      50315,
      4
    ],
    [
      1,
      7
    ]
  ],
  "Misclassified Info": {
    "total_misclassified": 5,
    "per_phase": {
      "0": 4,
      "1": 1,
      "2": 0,
      "3": 0,
      "4": 0,
      "5": 0
    }
  }
}