{
  "Accuracy": 0.9997416893516403,
  "Macro Precision": 0.9996897522791275,
  "Macro Recall": 0.9997788288135017,
  "Macro F1": 0.9997342179407971,
  "False Alarms": 0,
  "False Alarm Rate": 0.0,
  "Missed Attacks": 13,
  "Detection Rate": 0.9995576576270033,
  "Confusion Matrix (actual_pred)": [
    [
      20938,
      0
    ],
    [
      13,
      29376
    ]
  ],
  "Misclassified Info": {
    "total_misclassified": 13,
    "per_phase": {
      "0": 0,
      "1": 0,
      "2": 0,
      "3": 0,
      "4": 0,
      "5": 13
    }
  }
}