{
  "Accuracy": 0.9998410396010095,
  "Macro Precision": 0.7272528528788963,
  "Macro Recall": 0.8570832387008858,
  "Macro F1": 0.7777380305700191,
  "False Alarms": 6,
  "False Alarm Rate": 0.0001192368839427663,
  "Missed Attacks": 2,
  "Detection Rate": 0.7142857142857143,
  "Confusion Matrix (actual_pred)": [
    [
      50314,
      6
    ],
    [
      2,
      5
    ]
  ],
  "Misclassified Info": {
    "total_misclassified": 8,
    "per_phase": {
      "0": 6,
      "1": 0,
      "2": 0,
      "3": 0,
      "4": 2,
      "5": 0
    }
  }
}