{
  "accuracy": 0.9991257178055517,
  "precision": 0.2,
  "recall": 0.7142857142857143,
  "f1": 0.3125,
  "confusion_matrix": [
    [
      50273,
      40
    ],
    [
      4,
      10
    ]
  ],
  "misclassified_samples": {
    "total_misclassified": 44,
    "per_phase": {
      "0": 40,
      "1": 0,
      "2": 0,
      "3": 4,
      "4": 0,
      "5": 0
    }
  }
}