{
  "Accuracy": 0.9989660177765405,
  "Macro Precision": 0.9989212721468788,
  "Macro Recall": 0.9989490930661107,
  "Macro F1": 0.9989351757107556,
  "False Alarms": 24,
  "False Alarm Rate": 0.0011503067484662577,
  "Missed Attacks": 28,
  "Detection Rate": 0.9990484928806878,
  "Confusion Matrix (actual_pred)": [
    [
      20840,
      24
    ],
    [
      28,
      29399
    ]
  ],
  "Misclassified Info": {
    "total_misclassified": 52,
    "per_phase": {
      "0": 24,
      "1": 1,
      "2": 3,
      "3": 7,
      "4": 4,
      "5": 13
    }
  }
}