{
  "Accuracy": 0.9999005786323597,
  "Macro Precision": 0.8749602282896176,
  "Macro Recall": 0.7142757707649124,
  "Macro F1": 0.772702414666798,
  "False Alarms": 1,
  "False Alarm Rate": 1.9887041603691034e-05,
  "Missed Attacks": 4,
  "Detection Rate": 0.42857142857142855,
  "Confusion Matrix (actual_pred)": [
    [
      50283,
      1
    ],
    [
      4,
      3
    ]
  ],
  "Misclassified Info": {
    "total_misclassified": 5,
    "per_phase": {
      "0": 1,
      "1": 0,
      "2": 0,
      "3": 0,
      "4": 4,
      "5": 0
    }
  }
}