{
  "Accuracy": 0.9998011572647193,
  "Macro Precision": 0.7307393966469506,
  "Macro Recall": 0.8332637259191493,
  "Macro F1": 0.7726775511680046,
  "False Alarms": 7,
  "False Alarm Rate": 0.00013921482836800445,
  "Missed Attacks": 3,
  "Detection Rate": 0.6666666666666666,
  "Confusion Matrix (actual_pred)": [
    [
      50275,
      7
    ],
    [
      3,
      6
    ]
  ],
  "Misclassified Info": {
    "total_misclassified": 10,
    "per_phase": {
      "0": 6,
      "1": 1,
      "2": 3,
      "3": 0,
      "4": 0,
      "5": 0
    }
  }
}