{
  "Accuracy": 0.9999602314529439,
  "Macro Precision": 0.937490056281447,
  "Macro Recall": 0.937490056281447,
  "Macro F1": 0.937490056281447,
  "False Alarms": 1,
  "False Alarm Rate": 1.9887437105980152e-05,
  "Missed Attacks": 1,
  "Detection Rate": 0.875,
  "Confusion Matrix (actual_pred)": [
    [
      50282,
      1
    ],
    [
      1,
      7
    ]
  ],
  "Misclassified Info": {
    "total_misclassified": 2,
    "per_phase": {
      "0": 1,
      "1": 1,
      "2": 0,
      "3": 0,
      "4": 0,
      "5": 0
    }
  }
}