{
  "Accuracy": 0.9995028931617983,
  "Macro Precision": 0.9994845722084841,
  "Macro Recall": 0.9994915377316145,
  "Macro F1": 0.9994880545387871,
  "False Alarms": 12,
  "False Alarm Rate": 0.0005751533742331289,
  "Missed Attacks": 13,
  "Detection Rate": 0.9995582288374621,
  "Confusion Matrix (actual_pred)": [
    [
      20852,
      12
    ],
    [
      13,
      29414
    ]
  ],
  "Misclassified Info": {
    "total_misclassified": 25,
    "per_phase": {
      "0": 12,
      "1": 0,
      "2": 0,
      "3": 0,
      "4": 1,
      "5": 12
    }
  }
}