{"accuracy": [0.7288317680358887, 0.7317169904708862, 0.7317169904708862, 0.7317169904708862, 0.7317169904708862, 0.7317169904708862, 0.7317169904708862, 0.7317169904708862, 0.7317169904708862, 0.7317169904708862, 0.7317169904708862, 0.7317317128181458, 0.7317169904708862, 0.7317317128181458, 0.7317317128181458, 0.7316728234291077], "loss": [0.4047662615776062, 0.40195131301879883, 0.40180736780166626, 0.40176552534103394, 0.40169063210487366, 0.40167561173439026, 0.40153977274894714, 0.40156179666519165, 0.40153390169143677, 0.40149977803230286, 0.4014565646648407, 0.40138837695121765, 0.40146028995513916, 0.4014310836791992, 0.401363730430603, 0.4013095498085022], "val_accuracy": [0.729067325592041, 0.729067325592041, 0.729067325592041, 0.729067325592041, 0.729067325592041, 0.729067325592041, 0.729067325592041, 0.729067325592041, 0.729067325592041, 0.729067325592041, 0.729067325592041, 0.729067325592041, 0.729067325592041, 0.729067325592041, 0.729067325592041, 0.729067325592041], "val_loss": [0.40370362997055054, 0.4033578336238861, 0.4031924903392792, 0.4033605754375458, 0.40336379408836365, 0.40288326144218445, 0.4032440185546875, 0.40308696031570435, 0.40298593044281006, 0.40291187167167664, 0.4027329981327057, 0.4031573534011841, 0.4033476710319519, 0.40275105834007263, 0.4030567705631256, 0.40304332971572876]}