{
  "accuracy": 0.9999006497506309,
  "precision": 0.6363636363636364,
  "recall": 0.875,
  "f1": 0.7368421052631579,
  "confusion_matrix": [
    [
      50315,
      4
    ],
    [
      1,
      7
    ]
  ],
  "misclassified_samples": {
    "total_misclassified": 5,
    "per_phase": {
      "0": 4,
      "1": 1,
      "2": 0,
      "3": 0,
      "4": 0,
      "5": 0
    }
  }
}