{
  "accuracy": 0.9998410396010095,
  "precision": 0.45454545454545453,
  "recall": 0.7142857142857143,
  "f1": 0.5555555555555556,
  "confusion_matrix": [
    [
      50314,
      6
    ],
    [
      2,
      5
    ]
  ],
  "misclassified_samples": {
    "total_misclassified": 8,
    "per_phase": {
      "0": 6,
      "1": 0,
      "2": 0,
      "3": 0,
      "4": 2,
      "5": 0
    }
  }
}