{
  "accuracy": 0.9870191798240966,
  "micro_f1": 0.9870191798240966,
  "macro_f1": 0.9865763631984714,
  "false_alarms": 477,
  "false_alarm_rate": 0.030424799081515498,
  "missed_attacks": 13,
  "detection_rate": 0.9994109651110105,
  "classes": [
    "benign",
    "anomaly"
  ],
  "per_class": {
    "benign": {
      "TP": 15201,
      "FP": 13,
      "FN": 477,
      "precision": 0.999145523859603,
      "recall": 0.9695752009184845,
      "f1": 0.9841382882299623
    },
    "anomaly": {
      "TP": 22057,
      "FP": 477,
      "FN": 13,
      "precision": 0.9788319872193131,
      "recall": 0.9994109651110105,
      "f1": 0.9890144381669805
    }
  },
  "threshold": 0.038995429307693404,
  "missclassified": {
    "total_misclassified": 490,
    "per_phase": {
      "0": 477,
      "1": 0,
      "2": 0,
      "3": 0,
      "4": 1
    }
  },
  "True Phase Distribution": {
    "0": 15678,
    "5": 22042,
    "3": 10,
    "4": 6,
    "1": 6,
    "2": 6
  },
  "confusion_matrix": [
    [
      15201,
      477
    ],
    [
      13,
      22057
    ]
  ]
}