{
  "accuracy": 0.415333262689414,
  "micro_f1": 0.415333262689414,
  "macro_f1": 0.2934526260622169,
  "false_alarms": 0,
  "false_alarm_rate": 0.0,
  "missed_attacks": 22070,
  "detection_rate": 0.0,
  "classes": [
    "benign",
    "anomaly"
  ],
  "per_class": {
    "benign": {
      "TP": 15678,
      "FP": 22070,
      "FN": 0,
      "precision": 0.415333262689414,
      "recall": 1.0,
      "f1": 0.5869052521244338
    },
    "anomaly": {
      "TP": 0,
      "FP": 0,
      "FN": 22070,
      "precision": 0.0,
      "recall": 0.0,
      "f1": 0.0
    }
  },
  "threshold": NaN,
  "missclassified": {
    "total_misclassified": 22070,
    "per_phase": {
      "0": 0,
      "1": 6,
      "2": 6,
      "3": 10,
      "4": 6
    }
  },
  "True Phase Distribution": {
    "0": 15678,
    "5": 22042,
    "3": 10,
    "4": 6,
    "1": 6,
    "2": 6
  },
  "confusion_matrix": [
    [
      15678,
      0
    ],
    [
      22070,
      0
    ]
  ]
}