{
  "accuracy": 0.9934036240330614,
  "micro_f1": 0.9934036240330614,
  "macro_f1": 0.9931951562844235,
  "false_alarms": 232,
  "false_alarm_rate": 0.014797805842581961,
  "missed_attacks": 17,
  "detection_rate": 0.9992297236067059,
  "classes": [
    "benign",
    "anomaly"
  ],
  "per_class": {
    "benign": {
      "TP": 15446,
      "FP": 17,
      "FN": 232,
      "precision": 0.9989006014356852,
      "recall": 0.985202194157418,
      "f1": 0.992004110336855
    },
    "anomaly": {
      "TP": 22053,
      "FP": 232,
      "FN": 17,
      "precision": 0.9895894099169845,
      "recall": 0.9992297236067059,
      "f1": 0.9943862022319918
    }
  },
  "threshold": 0.059077712712761035,
  "missclassified": {
    "total_misclassified": 249,
    "per_phase": {
      "0": 232,
      "1": 0,
      "2": 0,
      "3": 2,
      "4": 2
    }
  },
  "True Phase Distribution": {
    "0": 15678,
    "5": 22042,
    "3": 10,
    "4": 6,
    "1": 6,
    "2": 6
  },
  "confusion_matrix": [
    [
      15446,
      232
    ],
    [
      17,
      22053
    ]
  ]
}