{
  "accuracy": 0.9161015153120695,
  "micro_f1": 0.9161015153120695,
  "macro_f1": 0.9103732996153133,
  "false_alarms": 3159,
  "false_alarm_rate": 0.20149253731343283,
  "missed_attacks": 8,
  "detection_rate": 0.999637516991391,
  "classes": [
    "benign",
    "anomaly"
  ],
  "per_class": {
    "benign": {
      "TP": 12519,
      "FP": 8,
      "FN": 3159,
      "precision": 0.9993613794204518,
      "recall": 0.7985074626865671,
      "f1": 0.887714944158837
    },
    "anomaly": {
      "TP": 22062,
      "FP": 3159,
      "FN": 8,
      "precision": 0.8747472344474843,
      "recall": 0.999637516991391,
      "f1": 0.9330316550717895
    }
  },
  "threshold": 0.01,
  "missclassified": {
    "total_misclassified": 3167,
    "per_phase": {
      "0": 3159,
      "1": 0,
      "2": 0,
      "3": 0,
      "4": 0
    }
  },
  "True Phase Distribution": {
    "0": 15678,
    "5": 22042,
    "3": 10,
    "4": 6,
    "1": 6,
    "2": 6
  },
  "confusion_matrix": [
    [
      12519,
      3159
    ],
    [
      8,
      22062
    ]
  ]
}