{
  "accuracy": 0.984211084030942,
  "micro_f1": 0.984211084030942,
  "macro_f1": 0.9836550998739461,
  "false_alarms": 583,
  "false_alarm_rate": 0.0371858655440745,
  "missed_attacks": 13,
  "detection_rate": 0.9994109651110105,
  "classes": [
    "benign",
    "anomaly"
  ],
  "per_class": {
    "benign": {
      "TP": 15095,
      "FP": 13,
      "FN": 583,
      "precision": 0.9991395287265025,
      "recall": 0.9628141344559255,
      "f1": 0.9806405508997595
    },
    "anomaly": {
      "TP": 22057,
      "FP": 583,
      "FN": 13,
      "precision": 0.9742491166077738,
      "recall": 0.9994109651110105,
      "f1": 0.9866696488481324
    }
  },
  "threshold": 0.0343468349886311,
  "missclassified": {
    "total_misclassified": 596,
    "per_phase": {
      "0": 583,
      "1": 0,
      "2": 0,
      "3": 0,
      "4": 1
    }
  },
  "True Phase Distribution": {
    "0": 15678,
    "5": 22042,
    "3": 10,
    "4": 6,
    "1": 6,
    "2": 6
  },
  "confusion_matrix": [
    [
      15095,
      583
    ],
    [
      13,
      22057
    ]
  ]
}