{
  "accuracy": 0.5846667373105859,
  "micro_f1": 0.5846667373105859,
  "macro_f1": 0.36895248921729246,
  "false_alarms": 15678,
  "false_alarm_rate": 1.0,
  "missed_attacks": 0,
  "detection_rate": 1.0,
  "classes": [
    "benign",
    "anomaly"
  ],
  "per_class": {
    "benign": {
      "TP": 0,
      "FP": 0,
      "FN": 15678,
      "precision": 0.0,
      "recall": 0.0,
      "f1": 0.0
    },
    "anomaly": {
      "TP": 22070,
      "FP": 15678,
      "FN": 0,
      "precision": 0.5846667373105859,
      "recall": 1.0,
      "f1": 0.7379049784345849
    }
  },
  "threshold": -3.9396795116449224,
  "missclassified": {
    "total_misclassified": 15678,
    "per_phase": {
      "0": 15678,
      "1": 0,
      "2": 0,
      "3": 0,
      "4": 0
    }
  },
  "True Phase Distribution": {
    "0": 15678,
    "5": 22042,
    "3": 10,
    "4": 6,
    "1": 6,
    "2": 6
  },
  "confusion_matrix": [
    [
      0,
      15678
    ],
    [
      0,
      22070
    ]
  ]
}