{
  "Accuracy": 0.8482731179372911,
  "Macro Precision": 0.7452043124623495,
  "Macro Recall": 0.8941537506906052,
  "Macro F1": 0.7796143611034633,
  "False Alarms": 27457,
  "False Alarm Rate": 0.17159981500693725,
  "Missed Attacks": 1142,
  "Detection Rate": 0.9599073163881477,
  "Confusion Matrix (actual_pred)": [
    [
      132549,
      27457
    ],
    [
      1142,
      27342
    ]
  ],
  "Misclassified Info": {
    "total_misclassified": 28599,
    "per_phase": {
      "0": 27457,
      "1": 824,
      "2": 1,
      "3": 19,
      "4": 298,
      "5": 0
    }
  }
}