{
  "accuracy": 0.26260917236946574,
  "micro_f1": 0.26260917236946574,
  "macro_f1": 0.2634586685371173,
  "false_alarms": 77920,
  "false_alarm_rate": 0.7779319708874535,
  "missed_attacks": 18,
  "detection_rate": 0.9968045446476123,
  "classes": [
    "benign",
    "phase1",
    "phase2",
    "phase3",
    "phase4"
  ],
  "per_class": {
    "benign": {
      "TP": 22243,
      "FP": 18,
      "FN": 77920,
      "precision": 0.9991914109878263,
      "recall": 0.22206802911254656,
      "f1": 0.3633764621316082
    },
    "phase1": {
      "TP": 3836,
      "FP": 18821,
      "FN": 20,
      "precision": 0.16930749878624707,
      "recall": 0.9948132780082988,
      "f1": 0.28936748010409985
    },
    "phase2": {
      "TP": 1638,
      "FP": 1619,
      "FN": 63,
      "precision": 0.5029167945962543,
      "recall": 0.9629629629629629,
      "f1": 0.6607503025413473
    },
    "phase3": {
      "TP": 7,
      "FP": 19298,
      "FN": 1,
      "precision": 0.0003626003626003626,
      "recall": 0.875,
      "f1": 0.0007249003262051467
    },
    "phase4": {
      "TP": 59,
      "FP": 38257,
      "FN": 9,
      "precision": 0.0015398267042488777,
      "recall": 0.8676470588235294,
      "f1": 0.003074197582325969
    }
  },
  "confusion_matrix": [
    [
      22243,
      18821,
      1619,
      19270,
      38210
    ],
    [
      0,
      3836,
      0,
      20,
      0
    ],
    [
      16,
      0,
      1638,
      1,
      46
    ],
    [
      0,
      0,
      0,
      7,
      1
    ],
    [
      2,
      0,
      0,
      7,
      59
    ]
  ]
}