{
  "accuracy": 0.5315323830768649,
  "micro_f1": 0.5315323830768649,
  "macro_f1": 0.34243546011003884,
  "false_alarms": 49245,
  "false_alarm_rate": 0.49164861276119926,
  "missed_attacks": 134,
  "detection_rate": 0.976211610154447,
  "classes": [
    "benign",
    "phase1",
    "phase2",
    "phase3",
    "phase4"
  ],
  "per_class": {
    "benign": {
      "TP": 50918,
      "FP": 134,
      "FN": 49245,
      "precision": 0.9973752252605187,
      "recall": 0.5083513872388008,
      "f1": 0.6734517078332177
    },
    "phase1": {
      "TP": 3662,
      "FP": 15241,
      "FN": 194,
      "precision": 0.19372586361953129,
      "recall": 0.9496887966804979,
      "f1": 0.3218067577661584
    },
    "phase2": {
      "TP": 1592,
      "FP": 1196,
      "FN": 109,
      "precision": 0.5710186513629842,
      "recall": 0.9359200470311582,
      "f1": 0.7092893740253954
    },
    "phase3": {
      "TP": 8,
      "FP": 4076,
      "FN": 0,
      "precision": 0.0019588638589618022,
      "recall": 1.0,
      "f1": 0.0039100684261974585
    },
    "phase4": {
      "TP": 54,
      "FP": 28915,
      "FN": 14,
      "precision": 0.0018640615830715593,
      "recall": 0.7941176470588235,
      "f1": 0.0037193924992251267
    }
  },
  "confusion_matrix": [
    [
      50918,
      15241,
      1196,
      3926,
      28882
    ],
    [
      49,
      3662,
      0,
      145,
      0
    ],
    [
      75,
      0,
      1592,
      1,
      33
    ],
    [
      0,
      0,
      0,
      8,
      0
    ],
    [
      10,
      0,
      0,
      4,
      54
    ]
  ]
}