{
  "accuracy": 0.9322847744716246,
  "micro_f1": 0.9322847744716246,
  "macro_f1": 0.5439741109725419,
  "false_alarms": 7102,
  "false_alarm_rate": 0.07090442578596887,
  "missed_attacks": 61,
  "detection_rate": 0.9891709568613527,
  "classes": [
    "benign",
    "phase1",
    "phase2",
    "phase3",
    "phase4"
  ],
  "per_class": {
    "benign": {
      "TP": 93061,
      "FP": 61,
      "FN": 7102,
      "precision": 0.999344945340521,
      "recall": 0.9290955742140311,
      "f1": 0.962940735183796
    },
    "phase1": {
      "TP": 3807,
      "FP": 2531,
      "FN": 49,
      "precision": 0.600662669611865,
      "recall": 0.987292531120332,
      "f1": 0.7469099470276633
    },
    "phase2": {
      "TP": 1697,
      "FP": 285,
      "FN": 4,
      "precision": 0.8562058526740666,
      "recall": 0.9976484420928865,
      "f1": 0.9215313603040998
    },
    "phase3": {
      "TP": 8,
      "FP": 250,
      "FN": 0,
      "precision": 0.031007751937984496,
      "recall": 1.0,
      "f1": 0.06015037593984962
    },
    "phase4": {
      "TP": 59,
      "FP": 4037,
      "FN": 9,
      "precision": 0.014404296875,
      "recall": 0.8676470588235294,
      "f1": 0.028338136407300672
    }
  },
  "confusion_matrix": [
    [
      93061,
      2531,
      285,
      249,
      4037
    ],
    [
      49,
      3807,
      0,
      0,
      0
    ],
    [
      4,
      0,
      1697,
      0,
      0
    ],
    [
      0,
      0,
      0,
      8,
      0
    ],
    [
      8,
      0,
      0,
      1,
      59
    ]
  ]
}