{
  "accuracy": 0.9480131573972551,
  "micro_f1": 0.9480131573972551,
  "macro_f1": 0.5651052983219018,
  "false_alarms": 5414,
  "false_alarm_rate": 0.054051895410480916,
  "missed_attacks": 86,
  "detection_rate": 0.9847328244274809,
  "classes": [
    "benign",
    "phase1",
    "phase2",
    "phase3",
    "phase4"
  ],
  "per_class": {
    "benign": {
      "TP": 94749,
      "FP": 86,
      "FN": 5414,
      "precision": 0.9990931618073496,
      "recall": 0.9459481045895191,
      "f1": 0.9717945825085385
    },
    "phase1": {
      "TP": 3785,
      "FP": 1337,
      "FN": 71,
      "precision": 0.7389691526747364,
      "recall": 0.9815871369294605,
      "f1": 0.8431721987079528
    },
    "phase2": {
      "TP": 1698,
      "FP": 401,
      "FN": 3,
      "precision": 0.8089566460219152,
      "recall": 0.9982363315696648,
      "f1": 0.8936842105263157
    },
    "phase3": {
      "TP": 8,
      "FP": 170,
      "FN": 0,
      "precision": 0.0449438202247191,
      "recall": 1.0,
      "f1": 0.08602150537634408
    },
    "phase4": {
      "TP": 56,
      "FP": 3506,
      "FN": 12,
      "precision": 0.015721504772599662,
      "recall": 0.8235294117647058,
      "f1": 0.030853994490358125
    }
  },
  "confusion_matrix": [
    [
      94749,
      1337,
      401,
      170,
      3506
    ],
    [
      71,
      3785,
      0,
      0,
      0
    ],
    [
      3,
      0,
      1698,
      0,
      0
    ],
    [
      0,
      0,
      0,
      8,
      0
    ],
    [
      12,
      0,
      0,
      0,
      56
    ]
  ]
}