{
  "accuracy": 0.52481190215131,
  "micro_f1": 0.52481190215131,
  "macro_f1": 0.34174756881417123,
  "false_alarms": 49121,
  "false_alarm_rate": 0.49041063067200463,
  "missed_attacks": 1113,
  "detection_rate": 0.8024143440440262,
  "classes": [
    "benign",
    "phase1",
    "phase2",
    "phase3",
    "phase4"
  ],
  "per_class": {
    "benign": {
      "TP": 51042,
      "FP": 1113,
      "FN": 49121,
      "precision": 0.9786597641645096,
      "recall": 0.5095893693279954,
      "f1": 0.6702031276671174
    },
    "phase1": {
      "TP": 2780,
      "FP": 12865,
      "FN": 1076,
      "precision": 0.1776925535314797,
      "recall": 0.720954356846473,
      "f1": 0.2851135839187734
    },
    "phase2": {
      "TP": 1637,
      "FP": 1273,
      "FN": 64,
      "precision": 0.5625429553264605,
      "recall": 0.9623750734861846,
      "f1": 0.7100412058121882
    },
    "phase3": {
      "TP": 5,
      "FP": 237,
      "FN": 3,
      "precision": 0.02066115702479339,
      "recall": 0.625,
      "f1": 0.04
    },
    "phase4": {
      "TP": 59,
      "FP": 34785,
      "FN": 9,
      "precision": 0.001693261393640225,
      "recall": 0.8676470588235294,
      "f1": 0.0033799266727772685
    }
  },
  "confusion_matrix": [
    [
      51042,
      12865,
      1273,
      237,
      34746
    ],
    [
      1076,
      2780,
      0,
      0,
      0
    ],
    [
      27,
      0,
      1637,
      0,
      37
    ],
    [
      1,
      0,
      0,
      5,
      2
    ],
    [
      9,
      0,
      0,
      0,
      59
    ]
  ]
}