{
  "accuracy": 0.8809028696737117,
  "micro_f1": 0.8809028696737117,
  "macro_f1": 0.48265290398702554,
  "false_alarms": 12513,
  "false_alarm_rate": 0.1249263700168725,
  "missed_attacks": 85,
  "detection_rate": 0.9849103497248358,
  "classes": [
    "benign",
    "phase1",
    "phase2",
    "phase3",
    "phase4"
  ],
  "per_class": {
    "benign": {
      "TP": 87650,
      "FP": 85,
      "FN": 12513,
      "precision": 0.9990311734199578,
      "recall": 0.8750736299831275,
      "f1": 0.9329529851302303
    },
    "phase1": {
      "TP": 3781,
      "FP": 3757,
      "FN": 75,
      "precision": 0.5015919342000531,
      "recall": 0.9805497925311203,
      "f1": 0.6636826399859576
    },
    "phase2": {
      "TP": 1698,
      "FP": 1276,
      "FN": 3,
      "precision": 0.5709482178883658,
      "recall": 0.9982363315696648,
      "f1": 0.7264171122994653
    },
    "phase3": {
      "TP": 7,
      "FP": 174,
      "FN": 1,
      "precision": 0.03867403314917127,
      "recall": 0.875,
      "f1": 0.07407407407407407
    },
    "phase4": {
      "TP": 60,
      "FP": 7308,
      "FN": 8,
      "precision": 0.008143322475570033,
      "recall": 0.8823529411764706,
      "f1": 0.016137708445400755
    }
  },
  "confusion_matrix": [
    [
      87650,
      3757,
      1276,
      174,
      7306
    ],
    [
      75,
      3781,
      0,
      0,
      0
    ],
    [
      2,
      0,
      1698,
      0,
      1
    ],
    [
      0,
      0,
      0,
      7,
      1
    ],
    [
      8,
      0,
      0,
      0,
      60
    ]
  ]
}