{
  "accuracy": 0.2581004952928277,
  "micro_f1": 0.2581004952928277,
  "macro_f1": 0.26269447156102316,
  "false_alarms": 78378,
  "false_alarm_rate": 0.782504517636253,
  "missed_attacks": 61,
  "detection_rate": 0.9891709568613527,
  "classes": [
    "benign",
    "phase1",
    "phase2",
    "phase3",
    "phase4"
  ],
  "per_class": {
    "benign": {
      "TP": 21785,
      "FP": 61,
      "FN": 78378,
      "precision": 0.9972077268149776,
      "recall": 0.2174954823637471,
      "f1": 0.3571048037439861
    },
    "phase1": {
      "TP": 3856,
      "FP": 24068,
      "FN": 0,
      "precision": 0.13808909898295374,
      "recall": 1.0,
      "f1": 0.24266834487098807
    },
    "phase2": {
      "TP": 1601,
      "FP": 1210,
      "FN": 100,
      "precision": 0.5695482034863039,
      "recall": 0.9412110523221634,
      "f1": 0.709663120567376
    },
    "phase3": {
      "TP": 7,
      "FP": 18534,
      "FN": 1,
      "precision": 0.00037754166441939484,
      "recall": 0.875,
      "f1": 0.0007547576688770284
    },
    "phase4": {
      "TP": 57,
      "FP": 34617,
      "FN": 11,
      "precision": 0.0016438830247447655,
      "recall": 0.8382352941176471,
      "f1": 0.0032813309538886654
    }
  },
  "confusion_matrix": [
    [
      21785,
      24066,
      1210,
      18521,
      34581
    ],
    [
      0,
      3856,
      0,
      0,
      0
    ],
    [
      57,
      0,
      1601,
      8,
      35
    ],
    [
      0,
      0,
      0,
      7,
      1
    ],
    [
      4,
      2,
      0,
      5,
      57
    ]
  ]
}