{
  "accuracy": 0.9895742750198495,
  "micro_f1": 0.9895742750198495,
  "macro_f1": 0.7157390882588541,
  "false_alarms": 1044,
  "false_alarm_rate": 0.01042301049289658,
  "missed_attacks": 57,
  "detection_rate": 0.9898810580507722,
  "classes": [
    "benign",
    "phase1",
    "phase2",
    "phase3",
    "phase4"
  ],
  "per_class": {
    "benign": {
      "TP": 99119,
      "FP": 57,
      "FN": 1044,
      "precision": 0.999425264176817,
      "recall": 0.9895769895071034,
      "f1": 0.9944767456443546
    },
    "phase1": {
      "TP": 3811,
      "FP": 686,
      "FN": 45,
      "precision": 0.8474538581276406,
      "recall": 0.9883298755186722,
      "f1": 0.9124865317849875
    },
    "phase2": {
      "TP": 1701,
      "FP": 127,
      "FN": 0,
      "precision": 0.9305251641137856,
      "recall": 1.0,
      "f1": 0.9640124681212809
    },
    "phase3": {
      "TP": 7,
      "FP": 22,
      "FN": 1,
      "precision": 0.2413793103448276,
      "recall": 0.875,
      "f1": 0.3783783783783784
    },
    "phase4": {
      "TP": 55,
      "FP": 211,
      "FN": 13,
      "precision": 0.20676691729323307,
      "recall": 0.8088235294117647,
      "f1": 0.32934131736526945
    }
  },
  "confusion_matrix": [
    [
      99119,
      686,
      127,
      21,
      210
    ],
    [
      45,
      3811,
      0,
      0,
      0
    ],
    [
      0,
      0,
      1701,
      0,
      0
    ],
    [
      0,
      0,
      0,
      7,
      1
    ],
    [
      12,
      0,
      0,
      1,
      55
    ]
  ]
}