{
  "accuracy": 0.9069719082006881,
  "micro_f1": 0.9069719082006881,
  "macro_f1": 0.4994340459999589,
  "false_alarms": 9751,
  "false_alarm_rate": 0.09735131735271507,
  "missed_attacks": 84,
  "detection_rate": 0.9850878750221906,
  "classes": [
    "benign",
    "phase1",
    "phase2",
    "phase3",
    "phase4"
  ],
  "per_class": {
    "benign": {
      "TP": 90412,
      "FP": 84,
      "FN": 9751,
      "precision": 0.9990717821782178,
      "recall": 0.9026486826472849,
      "f1": 0.9484157579762823
    },
    "phase1": {
      "TP": 3781,
      "FP": 2238,
      "FN": 75,
      "precision": 0.6281774381126433,
      "recall": 0.9805497925311203,
      "f1": 0.7657721518987342
    },
    "phase2": {
      "TP": 1688,
      "FP": 1304,
      "FN": 13,
      "precision": 0.5641711229946524,
      "recall": 0.9923574368018813,
      "f1": 0.7193692733858938
    },
    "phase3": {
      "TP": 8,
      "FP": 366,
      "FN": 0,
      "precision": 0.0213903743315508,
      "recall": 1.0,
      "f1": 0.0418848167539267
    },
    "phase4": {
      "TP": 65,
      "FP": 5850,
      "FN": 3,
      "precision": 0.01098901098901099,
      "recall": 0.9558823529411765,
      "f1": 0.02172822998495738
    }
  },
  "confusion_matrix": [
    [
      90412,
      2238,
      1304,
      365,
      5844
    ],
    [
      75,
      3781,
      0,
      0,
      0
    ],
    [
      7,
      0,
      1688,
      0,
      6
    ],
    [
      0,
      0,
      0,
      8,
      0
    ],
    [
      2,
      0,
      0,
      1,
      65
    ]
  ]
}