{
  "accuracy": 0.8920469582971001,
  "micro_f1": 0.8920469582971001,
  "macro_f1": 0.49151737611594665,
  "false_alarms": 11282,
  "false_alarm_rate": 0.11263640266365824,
  "missed_attacks": 136,
  "detection_rate": 0.9758565595597373,
  "classes": [
    "benign",
    "phase1",
    "phase2",
    "phase3",
    "phase4"
  ],
  "per_class": {
    "benign": {
      "TP": 88881,
      "FP": 136,
      "FN": 11282,
      "precision": 0.9984722019389555,
      "recall": 0.8873635973363417,
      "f1": 0.9396447827465905
    },
    "phase1": {
      "TP": 3727,
      "FP": 2051,
      "FN": 129,
      "precision": 0.6450328833506404,
      "recall": 0.966545643153527,
      "f1": 0.7737180817936474
    },
    "phase2": {
      "TP": 1697,
      "FP": 1346,
      "FN": 4,
      "precision": 0.5576733486690766,
      "recall": 0.9976484420928865,
      "f1": 0.7154300168634063
    },
    "phase3": {
      "TP": 8,
      "FP": 1776,
      "FN": 0,
      "precision": 0.004484304932735426,
      "recall": 1.0,
      "f1": 0.008928571428571428
    },
    "phase4": {
      "TP": 62,
      "FP": 6112,
      "FN": 6,
      "precision": 0.01004211208292841,
      "recall": 0.9117647058823529,
      "f1": 0.019865427747516824
    }
  },
  "confusion_matrix": [
    [
      88881,
      2051,
      1346,
      1773,
      6112
    ],
    [
      129,
      3727,
      0,
      0,
      0
    ],
    [
      4,
      0,
      1697,
      0,
      0
    ],
    [
      0,
      0,
      0,
      8,
      0
    ],
    [
      3,
      0,
      0,
      3,
      62
    ]
  ]
}