{
  "accuracy": 0.9435044803206171,
  "micro_f1": 0.9435044803206171,
  "macro_f1": 0.5547762906174071,
  "false_alarms": 5929,
  "false_alarm_rate": 0.05919351457124886,
  "missed_attacks": 48,
  "detection_rate": 0.9914787857269661,
  "classes": [
    "benign",
    "phase1",
    "phase2",
    "phase3",
    "phase4"
  ],
  "per_class": {
    "benign": {
      "TP": 94234,
      "FP": 48,
      "FN": 5929,
      "precision": 0.9994908890350226,
      "recall": 0.9408064854287511,
      "f1": 0.969261230682198
    },
    "phase1": {
      "TP": 3812,
      "FP": 2203,
      "FN": 44,
      "precision": 0.6337489609310059,
      "recall": 0.9885892116182573,
      "f1": 0.772363489008206
    },
    "phase2": {
      "TP": 1698,
      "FP": 287,
      "FN": 3,
      "precision": 0.8554156171284635,
      "recall": 0.9982363315696648,
      "f1": 0.9213239283776451
    },
    "phase3": {
      "TP": 8,
      "FP": 209,
      "FN": 0,
      "precision": 0.03686635944700461,
      "recall": 1.0,
      "f1": 0.07111111111111111
    },
    "phase4": {
      "TP": 67,
      "FP": 3230,
      "FN": 1,
      "precision": 0.02032150439793752,
      "recall": 0.9852941176470589,
      "f1": 0.03982169390787519
    }
  },
  "confusion_matrix": [
    [
      94234,
      2203,
      287,
      209,
      3230
    ],
    [
      44,
      3812,
      0,
      0,
      0
    ],
    [
      3,
      0,
      1698,
      0,
      0
    ],
    [
      0,
      0,
      0,
      8,
      0
    ],
    [
      1,
      0,
      0,
      0,
      67
    ]
  ]
}