{
  "accuracy": 0.9907179855571099,
  "micro_f1": 0.9907179855571099,
  "macro_f1": 0.7173723799044438,
  "false_alarms": 931,
  "false_alarm_rate": 0.009294849395485359,
  "missed_attacks": 51,
  "detection_rate": 0.9909462098349014,
  "classes": [
    "benign",
    "phase1",
    "phase2",
    "phase3",
    "phase4"
  ],
  "per_class": {
    "benign": {
      "TP": 99232,
      "FP": 51,
      "FN": 931,
      "precision": 0.9994863168921164,
      "recall": 0.9907051506045147,
      "f1": 0.9950763615214143
    },
    "phase1": {
      "TP": 3812,
      "FP": 516,
      "FN": 44,
      "precision": 0.8807763401109058,
      "recall": 0.9885892116182573,
      "f1": 0.9315738025415445
    },
    "phase2": {
      "TP": 1701,
      "FP": 133,
      "FN": 0,
      "precision": 0.9274809160305344,
      "recall": 1.0,
      "f1": 0.9623762376237625
    },
    "phase3": {
      "TP": 8,
      "FP": 26,
      "FN": 0,
      "precision": 0.23529411764705882,
      "recall": 1.0,
      "f1": 0.38095238095238093
    },
    "phase4": {
      "TP": 61,
      "FP": 256,
      "FN": 7,
      "precision": 0.19242902208201892,
      "recall": 0.8970588235294118,
      "f1": 0.3168831168831169
    }
  },
  "confusion_matrix": [
    [
      99232,
      516,
      133,
      26,
      256
    ],
    [
      44,
      3812,
      0,
      0,
      0
    ],
    [
      0,
      0,
      1701,
      0,
      0
    ],
    [
      0,
      0,
      0,
      8,
      0
    ],
    [
      7,
      0,
      0,
      0,
      61
    ]
  ]
}