{
  "accuracy": 0.5651064312450376,
  "micro_f1": 0.5651064312450376,
  "macro_f1": 0.3522054768376445,
  "false_alarms": 45827,
  "false_alarm_rate": 0.4575242354961413,
  "missed_attacks": 105,
  "detection_rate": 0.9813598437777383,
  "classes": [
    "benign",
    "phase1",
    "phase2",
    "phase3",
    "phase4"
  ],
  "per_class": {
    "benign": {
      "TP": 54336,
      "FP": 105,
      "FN": 45827,
      "precision": 0.9980713065520471,
      "recall": 0.5424757645038587,
      "f1": 0.7029054875682389
    },
    "phase1": {
      "TP": 3756,
      "FP": 14926,
      "FN": 100,
      "precision": 0.20104913820790066,
      "recall": 0.9740663900414938,
      "f1": 0.33330375366048454
    },
    "phase2": {
      "TP": 1633,
      "FP": 1218,
      "FN": 68,
      "precision": 0.5727814801823922,
      "recall": 0.9600235155790712,
      "f1": 0.7174868189806679
    },
    "phase3": {
      "TP": 8,
      "FP": 5276,
      "FN": 0,
      "precision": 0.001514004542013626,
      "recall": 1.0,
      "f1": 0.0030234315948601664
    },
    "phase4": {
      "TP": 53,
      "FP": 24485,
      "FN": 15,
      "precision": 0.002159915233515364,
      "recall": 0.7794117647058824,
      "f1": 0.004307892383971389
    }
  },
  "confusion_matrix": [
    [
      54336,
      14926,
      1218,
      5238,
      24445
    ],
    [
      67,
      3756,
      0,
      33,
      0
    ],
    [
      28,
      0,
      1633,
      0,
      40
    ],
    [
      0,
      0,
      0,
      8,
      0
    ],
    [
      10,
      0,
      0,
      5,
      53
    ]
  ]
}