{
  "accuracy": 0.362272675715528,
  "micro_f1": 0.362272675715528,
  "macro_f1": 0.2859507753781058,
  "false_alarms": 67374,
  "false_alarm_rate": 0.6726435909467567,
  "missed_attacks": 29,
  "detection_rate": 0.9948517663767087,
  "classes": [
    "benign",
    "phase1",
    "phase2",
    "phase3",
    "phase4"
  ],
  "per_class": {
    "benign": {
      "TP": 32789,
      "FP": 29,
      "FN": 67374,
      "precision": 0.9991163385946736,
      "recall": 0.3273564090532432,
      "f1": 0.49313811747542885
    },
    "phase1": {
      "TP": 3854,
      "FP": 27770,
      "FN": 2,
      "precision": 0.12186946622818112,
      "recall": 0.9994813278008299,
      "f1": 0.21724915445321305
    },
    "phase2": {
      "TP": 1619,
      "FP": 1230,
      "FN": 82,
      "precision": 0.5682695682695683,
      "recall": 0.951793062904174,
      "f1": 0.7116483516483516
    },
    "phase3": {
      "TP": 8,
      "FP": 3571,
      "FN": 0,
      "precision": 0.0022352612461581448,
      "recall": 1.0,
      "f1": 0.004460551993309172
    },
    "phase4": {
      "TP": 57,
      "FP": 34869,
      "FN": 11,
      "precision": 0.0016320219893489092,
      "recall": 0.8382352941176471,
      "f1": 0.0032577013202263246
    }
  },
  "confusion_matrix": [
    [
      32789,
      27767,
      1230,
      3563,
      34814
    ],
    [
      2,
      3854,
      0,
      0,
      0
    ],
    [
      23,
      1,
      1619,
      3,
      55
    ],
    [
      0,
      0,
      0,
      8,
      0
    ],
    [
      4,
      2,
      0,
      5,
      57
    ]
  ]
}