{
  "accuracy": 0.45188854020945973,
  "micro_f1": 0.45188854020945973,
  "macro_f1": 0.3262385827268509,
  "false_alarms": 57898,
  "false_alarm_rate": 0.5780377983886266,
  "missed_attacks": 47,
  "detection_rate": 0.991656311024321,
  "classes": [
    "benign",
    "phase1",
    "phase2",
    "phase3",
    "phase4"
  ],
  "per_class": {
    "benign": {
      "TP": 42265,
      "FP": 47,
      "FN": 57898,
      "precision": 0.9988892040083192,
      "recall": 0.4219622016113735,
      "f1": 0.5932970696613442
    },
    "phase1": {
      "TP": 3846,
      "FP": 16405,
      "FN": 10,
      "precision": 0.189916547330996,
      "recall": 0.9974066390041494,
      "f1": 0.31907744638486746
    },
    "phase2": {
      "TP": 1637,
      "FP": 1247,
      "FN": 64,
      "precision": 0.5676144244105409,
      "recall": 0.9623750734861846,
      "f1": 0.7140676117775355
    },
    "phase3": {
      "TP": 6,
      "FP": 9811,
      "FN": 2,
      "precision": 0.0006111846796373637,
      "recall": 0.75,
      "f1": 0.0012213740458015267
    },
    "phase4": {
      "TP": 54,
      "FP": 30478,
      "FN": 14,
      "precision": 0.0017686361849862439,
      "recall": 0.7941176470588235,
      "f1": 0.003529411764705882
    }
  },
  "confusion_matrix": [
    [
      42265,
      16405,
      1247,
      9803,
      30443
    ],
    [
      9,
      3846,
      0,
      1,
      0
    ],
    [
      29,
      0,
      1637,
      1,
      34
    ],
    [
      1,
      0,
      0,
      6,
      1
    ],
    [
      8,
      0,
      0,
      6,
      54
    ]
  ]
}