{
  "accuracy": 0.4891016673598246,
  "micro_f1": 0.4891016673598246,
  "macro_f1": 0.32315943180546913,
  "false_alarms": 52802,
  "false_alarm_rate": 0.5271607280133382,
  "missed_attacks": 1193,
  "detection_rate": 0.7882123202556365,
  "classes": [
    "benign",
    "phase1",
    "phase2",
    "phase3",
    "phase4"
  ],
  "per_class": {
    "benign": {
      "TP": 47361,
      "FP": 1193,
      "FN": 52802,
      "precision": 0.9754294187914487,
      "recall": 0.47283927198666176,
      "f1": 0.6369278562639107
    },
    "phase1": {
      "TP": 2954,
      "FP": 12546,
      "FN": 902,
      "precision": 0.19058064516129034,
      "recall": 0.7660788381742739,
      "f1": 0.3052283529654887
    },
    "phase2": {
      "TP": 1369,
      "FP": 1026,
      "FN": 332,
      "precision": 0.57160751565762,
      "recall": 0.8048206937095826,
      "f1": 0.66845703125
    },
    "phase3": {
      "TP": 8,
      "FP": 10985,
      "FN": 0,
      "precision": 0.0007277358318930229,
      "recall": 1.0,
      "f1": 0.0014544132351604398
    },
    "phase4": {
      "TP": 53,
      "FP": 28301,
      "FN": 15,
      "precision": 0.0018692248007335826,
      "recall": 0.7794117647058824,
      "f1": 0.0037295053127858703
    }
  },
  "confusion_matrix": [
    [
      47361,
      12546,
      1026,
      10972,
      28258
    ],
    [
      898,
      2954,
      0,
      4,
      0
    ],
    [
      289,
      0,
      1369,
      0,
      43
    ],
    [
      0,
      0,
      0,
      8,
      0
    ],
    [
      6,
      0,
      0,
      9,
      53
    ]
  ]
}