{
  "accuracy": 0.9851601194752164,
  "micro_f1": 0.9851601194752164,
  "macro_f1": 0.6832939471888317,
  "false_alarms": 1519,
  "false_alarm_rate": 0.015165280592634006,
  "missed_attacks": 51,
  "detection_rate": 0.9909462098349014,
  "classes": [
    "benign",
    "phase1",
    "phase2",
    "phase3",
    "phase4"
  ],
  "per_class": {
    "benign": {
      "TP": 98644,
      "FP": 51,
      "FN": 1519,
      "precision": 0.9994832564972896,
      "recall": 0.984834719407366,
      "f1": 0.9921049190879924
    },
    "phase1": {
      "TP": 3808,
      "FP": 998,
      "FN": 48,
      "precision": 0.7923429047024553,
      "recall": 0.9875518672199171,
      "f1": 0.8792426691295313
    },
    "phase2": {
      "TP": 1701,
      "FP": 170,
      "FN": 0,
      "precision": 0.909139497594869,
      "recall": 1.0,
      "f1": 0.9524076147816349
    },
    "phase3": {
      "TP": 8,
      "FP": 37,
      "FN": 0,
      "precision": 0.17777777777777778,
      "recall": 1.0,
      "f1": 0.3018867924528302
    },
    "phase4": {
      "TP": 65,
      "FP": 314,
      "FN": 3,
      "precision": 0.17150395778364116,
      "recall": 0.9558823529411765,
      "f1": 0.29082774049217003
    }
  },
  "confusion_matrix": [
    [
      98644,
      998,
      170,
      37,
      314
    ],
    [
      48,
      3808,
      0,
      0,
      0
    ],
    [
      0,
      0,
      1701,
      0,
      0
    ],
    [
      0,
      0,
      0,
      8,
      0
    ],
    [
      3,
      0,
      0,
      0,
      65
    ]
  ]
}