{
  "accuracy": 0.40274679572006505,
  "micro_f1": 0.40274679572006505,
  "macro_f1": 0.3079375650127846,
  "false_alarms": 63059,
  "false_alarm_rate": 0.6295638109880894,
  "missed_attacks": 120,
  "detection_rate": 0.9786969643174153,
  "classes": [
    "benign",
    "phase1",
    "phase2",
    "phase3",
    "phase4"
  ],
  "per_class": {
    "benign": {
      "TP": 37104,
      "FP": 120,
      "FN": 63059,
      "precision": 0.996776273372018,
      "recall": 0.3704361890119106,
      "f1": 0.5401384410460961
    },
    "phase1": {
      "TP": 3775,
      "FP": 18152,
      "FN": 81,
      "precision": 0.17216217448807405,
      "recall": 0.9789937759336099,
      "f1": 0.2928286079975177
    },
    "phase2": {
      "TP": 1666,
      "FP": 1381,
      "FN": 35,
      "precision": 0.5467673121102724,
      "recall": 0.9794238683127572,
      "f1": 0.7017691659646166
    },
    "phase3": {
      "TP": 7,
      "FP": 7939,
      "FN": 1,
      "precision": 0.0008809463881198087,
      "recall": 0.875,
      "f1": 0.001760120693990445
    },
    "phase4": {
      "TP": 57,
      "FP": 35595,
      "FN": 11,
      "precision": 0.0015987882867721306,
      "recall": 0.8382352941176471,
      "f1": 0.0031914893617021275
    }
  },
  "confusion_matrix": [
    [
      37104,
      18152,
      1381,
      7935,
      35591
    ],
    [
      81,
      3775,
      0,
      0,
      0
    ],
    [
      32,
      0,
      1666,
      0,
      3
    ],
    [
      0,
      0,
      0,
      7,
      1
    ],
    [
      7,
      0,
      0,
      4,
      57
    ]
  ]
}