{
  "accuracy": 0.9816628227910318,
  "micro_f1": 0.9816628227910318,
  "macro_f1": 0.669487961331728,
  "false_alarms": 1897,
  "false_alarm_rate": 0.018939129219372422,
  "missed_attacks": 43,
  "detection_rate": 0.9923664122137404,
  "classes": [
    "benign",
    "phase1",
    "phase2",
    "phase3",
    "phase4"
  ],
  "per_class": {
    "benign": {
      "TP": 98266,
      "FP": 43,
      "FN": 1897,
      "precision": 0.9995626036273383,
      "recall": 0.9810608707806275,
      "f1": 0.9902253214559232
    },
    "phase1": {
      "TP": 3821,
      "FP": 1185,
      "FN": 35,
      "precision": 0.7632840591290452,
      "recall": 0.9909232365145229,
      "f1": 0.8623335590160236
    },
    "phase2": {
      "TP": 1701,
      "FP": 152,
      "FN": 0,
      "precision": 0.9179708580679978,
      "recall": 1.0,
      "f1": 0.9572312886888013
    },
    "phase3": {
      "TP": 8,
      "FP": 29,
      "FN": 0,
      "precision": 0.21621621621621623,
      "recall": 1.0,
      "f1": 0.35555555555555557
    },
    "phase4": {
      "TP": 60,
      "FP": 531,
      "FN": 8,
      "precision": 0.10152284263959391,
      "recall": 0.8823529411764706,
      "f1": 0.18209408194233687
    }
  },
  "confusion_matrix": [
    [
      98266,
      1185,
      152,
      29,
      531
    ],
    [
      35,
      3821,
      0,
      0,
      0
    ],
    [
      0,
      0,
      1701,
      0,
      0
    ],
    [
      0,
      0,
      0,
      8,
      0
    ],
    [
      8,
      0,
      0,
      0,
      60
    ]
  ]
}