{
  "accuracy": 0.6434080683579719,
  "micro_f1": 0.6434080683579719,
  "macro_f1": 0.39322598801702324,
  "false_alarms": 37335,
  "false_alarm_rate": 0.37274242983936184,
  "missed_attacks": 369,
  "detection_rate": 0.9344931652760519,
  "classes": [
    "benign",
    "phase1",
    "phase2",
    "phase3",
    "phase4"
  ],
  "per_class": {
    "benign": {
      "TP": 62828,
      "FP": 369,
      "FN": 37335,
      "precision": 0.9941611152428121,
      "recall": 0.6272575701606382,
      "f1": 0.7691968658178258
    },
    "phase1": {
      "TP": 3531,
      "FP": 7787,
      "FN": 325,
      "precision": 0.31198091535607,
      "recall": 0.9157157676348547,
      "f1": 0.46540134440490316
    },
    "phase2": {
      "TP": 1644,
      "FP": 1228,
      "FN": 57,
      "precision": 0.5724233983286908,
      "recall": 0.9664902998236331,
      "f1": 0.7190028427727969
    },
    "phase3": {
      "TP": 8,
      "FP": 1965,
      "FN": 0,
      "precision": 0.0040547389761784085,
      "recall": 1.0,
      "f1": 0.008076728924785462
    },
    "phase4": {
      "TP": 59,
      "FP": 26377,
      "FN": 9,
      "precision": 0.00223180511423816,
      "recall": 0.8676470588235294,
      "f1": 0.004452158164805312
    }
  },
  "confusion_matrix": [
    [
      62828,
      7787,
      1228,
      1960,
      26360
    ],
    [
      325,
      3531,
      0,
      0,
      0
    ],
    [
      39,
      0,
      1644,
      1,
      17
    ],
    [
      0,
      0,
      0,
      8,
      0
    ],
    [
      5,
      0,
      0,
      4,
      59
    ]
  ]
}