{
  "accuracy": 0.5418446822186094,
  "micro_f1": 0.5418446822186094,
  "macro_f1": 0.35329608258685413,
  "false_alarms": 48400,
  "false_alarm_rate": 0.4832123638469295,
  "missed_attacks": 67,
  "detection_rate": 0.9881058050772235,
  "classes": [
    "benign",
    "phase1",
    "phase2",
    "phase3",
    "phase4"
  ],
  "per_class": {
    "benign": {
      "TP": 51763,
      "FP": 67,
      "FN": 48400,
      "precision": 0.9987073123673548,
      "recall": 0.5167876361530704,
      "f1": 0.6811234727915101
    },
    "phase1": {
      "TP": 3823,
      "FP": 12676,
      "FN": 33,
      "precision": 0.23171101278865386,
      "recall": 0.991441908713693,
      "f1": 0.37563252272169
    },
    "phase2": {
      "TP": 1671,
      "FP": 1422,
      "FN": 30,
      "precision": 0.5402521823472357,
      "recall": 0.982363315696649,
      "f1": 0.6971214017521902
    },
    "phase3": {
      "TP": 8,
      "FP": 1776,
      "FN": 0,
      "precision": 0.004484304932735426,
      "recall": 1.0,
      "f1": 0.008928571428571428
    },
    "phase4": {
      "TP": 60,
      "FP": 32530,
      "FN": 8,
      "precision": 0.001841055538508745,
      "recall": 0.8823529411764706,
      "f1": 0.0036744442403086534
    }
  },
  "confusion_matrix": [
    [
      51763,
      12676,
      1422,
      1773,
      32529
    ],
    [
      33,
      3823,
      0,
      0,
      0
    ],
    [
      29,
      0,
      1671,
      0,
      1
    ],
    [
      0,
      0,
      0,
      8,
      0
    ],
    [
      5,
      0,
      0,
      3,
      60
    ]
  ]
}