{
  "accuracy": 0.9770407198759877,
  "micro_f1": 0.9770407198759877,
  "macro_f1": 0.629589936383968,
  "false_alarms": 2399,
  "false_alarm_rate": 0.023950959935305452,
  "missed_attacks": 30,
  "detection_rate": 0.9946742410793538,
  "classes": [
    "benign",
    "phase1",
    "phase2",
    "phase3",
    "phase4"
  ],
  "per_class": {
    "benign": {
      "TP": 97764,
      "FP": 30,
      "FN": 2399,
      "precision": 0.9996932327136634,
      "recall": 0.9760490400646945,
      "f1": 0.9877296584611809
    },
    "phase1": {
      "TP": 3828,
      "FP": 1590,
      "FN": 28,
      "precision": 0.7065337763012182,
      "recall": 0.9927385892116183,
      "f1": 0.8255337502695709
    },
    "phase2": {
      "TP": 1701,
      "FP": 204,
      "FN": 0,
      "precision": 0.8929133858267716,
      "recall": 1.0,
      "f1": 0.9434276206322796
    },
    "phase3": {
      "TP": 8,
      "FP": 66,
      "FN": 0,
      "precision": 0.10810810810810811,
      "recall": 1.0,
      "f1": 0.1951219512195122
    },
    "phase4": {
      "TP": 66,
      "FP": 539,
      "FN": 2,
      "precision": 0.10909090909090909,
      "recall": 0.9705882352941176,
      "f1": 0.19613670133729572
    }
  },
  "confusion_matrix": [
    [
      97764,
      1590,
      204,
      66,
      539
    ],
    [
      28,
      3828,
      0,
      0,
      0
    ],
    [
      0,
      0,
      1701,
      0,
      0
    ],
    [
      0,
      0,
      0,
      8,
      0
    ],
    [
      2,
      0,
      0,
      0,
      66
    ]
  ]
}