{
  "accuracy": 0.13231124050058604,
  "micro_f1": 0.13231124050058604,
  "macro_f1": 0.11221310037799614,
  "false_alarms": 91279,
  "false_alarm_rate": 0.9113045735451214,
  "missed_attacks": 24,
  "detection_rate": 0.995739392863483,
  "classes": [
    "benign",
    "phase1",
    "phase2",
    "phase3",
    "phase4"
  ],
  "per_class": {
    "benign": {
      "TP": 8884,
      "FP": 24,
      "FN": 91279,
      "precision": 0.997305792546026,
      "recall": 0.08869542645487855,
      "f1": 0.16290306314235684
    },
    "phase1": {
      "TP": 3399,
      "FP": 40397,
      "FN": 457,
      "precision": 0.07760982738149602,
      "recall": 0.8814834024896265,
      "f1": 0.14265927977839335
    },
    "phase2": {
      "TP": 1688,
      "FP": 9957,
      "FN": 13,
      "precision": 0.14495491627307858,
      "recall": 0.9923574368018813,
      "f1": 0.2529596882961187
    },
    "phase3": {
      "TP": 8,
      "FP": 19414,
      "FN": 0,
      "precision": 0.0004119040263618577,
      "recall": 1.0,
      "f1": 0.0008234688625836335
    },
    "phase4": {
      "TP": 19,
      "FP": 22006,
      "FN": 49,
      "precision": 0.0008626560726447219,
      "recall": 0.27941176470588236,
      "f1": 0.0017200018105282214
    }
  },
  "confusion_matrix": [
    [
      8884,
      40393,
      9944,
      19090,
      21852
    ],
    [
      0,
      3399,
      13,
      296,
      148
    ],
    [
      7,
      0,
      1688,
      0,
      6
    ],
    [
      0,
      0,
      0,
      8,
      0
    ],
    [
      17,
      4,
      0,
      28,
      19
    ]
  ]
}