{
  "accuracy": 0.4757741313471209,
  "micro_f1": 0.4757741313471209,
  "macro_f1": 0.35766081101291125,
  "false_alarms": 54962,
  "false_alarm_rate": 0.5487255773089863,
  "missed_attacks": 478,
  "detection_rate": 0.9151429078643707,
  "classes": [
    "benign",
    "phase1",
    "phase2",
    "phase3",
    "phase4"
  ],
  "per_class": {
    "benign": {
      "TP": 45201,
      "FP": 478,
      "FN": 54962,
      "precision": 0.9895356728474791,
      "recall": 0.45127442269101364,
      "f1": 0.619862591023162
    },
    "phase1": {
      "TP": 3405,
      "FP": 8022,
      "FN": 451,
      "precision": 0.29797847203990546,
      "recall": 0.8830394190871369,
      "f1": 0.44559314270758354
    },
    "phase2": {
      "TP": 1660,
      "FP": 1266,
      "FN": 41,
      "precision": 0.5673274094326726,
      "recall": 0.975896531452087,
      "f1": 0.7175275556516101
    },
    "phase3": {
      "TP": 6,
      "FP": 5438,
      "FN": 2,
      "precision": 0.0011021307861866275,
      "recall": 0.75,
      "f1": 0.0022010271460014674
    },
    "phase4": {
      "TP": 63,
      "FP": 40257,
      "FN": 5,
      "precision": 0.0015625,
      "recall": 0.9264705882352942,
      "f1": 0.003119738536198871
    }
  },
  "confusion_matrix": [
    [
      45201,
      8022,
      1266,
      5426,
      40248
    ],
    [
      443,
      3405,
      0,
      8,
      0
    ],
    [
      33,
      0,
      1660,
      1,
      7
    ],
    [
      0,
      0,
      0,
      6,
      2
    ],
    [
      2,
      0,
      0,
      3,
      63
    ]
  ]
}