{
  "accuracy": 0.4959166698173844,
  "micro_f1": 0.4959166698173844,
  "macro_f1": 0.3377478771726942,
  "false_alarms": 53153,
  "false_alarm_rate": 0.530665016023881,
  "missed_attacks": 133,
  "detection_rate": 0.9763891354518018,
  "classes": [
    "benign",
    "phase1",
    "phase2",
    "phase3",
    "phase4"
  ],
  "per_class": {
    "benign": {
      "TP": 47010,
      "FP": 133,
      "FN": 53153,
      "precision": 0.9971787964278896,
      "recall": 0.46933498397611895,
      "f1": 0.6382632072013361
    },
    "phase1": {
      "TP": 3763,
      "FP": 15229,
      "FN": 93,
      "precision": 0.19813605728727884,
      "recall": 0.9758817427385892,
      "f1": 0.32939425770308123
    },
    "phase2": {
      "TP": 1633,
      "FP": 1230,
      "FN": 68,
      "precision": 0.5703807195249738,
      "recall": 0.9600235155790712,
      "f1": 0.7156003505696757
    },
    "phase3": {
      "TP": 8,
      "FP": 9534,
      "FN": 0,
      "precision": 0.0008383986585621463,
      "recall": 1.0,
      "f1": 0.0016753926701570682
    },
    "phase4": {
      "TP": 52,
      "FP": 27204,
      "FN": 16,
      "precision": 0.0019078368065746992,
      "recall": 0.7647058823529411,
      "f1": 0.003806177719221198
    }
  },
  "confusion_matrix": [
    [
      47010,
      15229,
      1230,
      9521,
      27173
    ],
    [
      88,
      3763,
      0,
      5,
      0
    ],
    [
      36,
      0,
      1633,
      1,
      31
    ],
    [
      0,
      0,
      0,
      8,
      0
    ],
    [
      9,
      0,
      0,
      7,
      52
    ]
  ]
}