{
  "accuracy": 0.059510756550342166,
  "micro_f1": 0.059510756550342166,
  "macro_f1": 0.08903238905754361,
  "false_alarms": 98811,
  "false_alarm_rate": 0.9865020017371684,
  "missed_attacks": 39,
  "detection_rate": 0.9930765134031599,
  "classes": [
    "benign",
    "phase1",
    "phase2",
    "phase3",
    "phase4"
  ],
  "per_class": {
    "benign": {
      "TP": 1352,
      "FP": 39,
      "FN": 98811,
      "precision": 0.9719626168224299,
      "recall": 0.013497998262831585,
      "f1": 0.02662622841050082
    },
    "phase1": {
      "TP": 3208,
      "FP": 36566,
      "FN": 648,
      "precision": 0.08065570473173429,
      "recall": 0.8319502074688797,
      "f1": 0.1470547788219115
    },
    "phase2": {
      "TP": 1688,
      "FP": 9217,
      "FN": 13,
      "precision": 0.15479138010087115,
      "recall": 0.9923574368018813,
      "f1": 0.26780897985086466
    },
    "phase3": {
      "TP": 7,
      "FP": 27927,
      "FN": 1,
      "precision": 0.0002505906780267774,
      "recall": 0.875,
      "f1": 0.000501037864147162
    },
    "phase4": {
      "TP": 41,
      "FP": 25751,
      "FN": 27,
      "precision": 0.0015896401985111663,
      "recall": 0.6029411764705882,
      "f1": 0.0031709203402938905
    }
  },
  "confusion_matrix": [
    [
      1352,
      36558,
      9216,
      27299,
      25738
    ],
    [
      33,
      3208,
      1,
      609,
      5
    ],
    [
      1,
      5,
      1688,
      0,
      7
    ],
    [
      0,
      0,
      0,
      7,
      1
    ],
    [
      5,
      3,
      0,
      19,
      41
    ]
  ]
}