{
  "accuracy": 0.9790162198948921,
  "micro_f1": 0.9790162198948921,
  "macro_f1": 0.6465805045555518,
  "false_alarms": 2180,
  "false_alarm_rate": 0.021764523826163354,
  "missed_attacks": 40,
  "detection_rate": 0.9928989881058051,
  "classes": [
    "benign",
    "phase1",
    "phase2",
    "phase3",
    "phase4"
  ],
  "per_class": {
    "benign": {
      "TP": 97983,
      "FP": 40,
      "FN": 2180,
      "precision": 0.9995919325056364,
      "recall": 0.9782354761738367,
      "f1": 0.9887984015016198
    },
    "phase1": {
      "TP": 3820,
      "FP": 1469,
      "FN": 36,
      "precision": 0.7222537341652486,
      "recall": 0.9906639004149378,
      "f1": 0.8354291962821214
    },
    "phase2": {
      "TP": 1701,
      "FP": 190,
      "FN": 0,
      "precision": 0.8995240613432046,
      "recall": 1.0,
      "f1": 0.9471046770601336
    },
    "phase3": {
      "TP": 8,
      "FP": 48,
      "FN": 0,
      "precision": 0.14285714285714285,
      "recall": 1.0,
      "f1": 0.25
    },
    "phase4": {
      "TP": 64,
      "FP": 473,
      "FN": 4,
      "precision": 0.1191806331471136,
      "recall": 0.9411764705882353,
      "f1": 0.2115702479338843
    }
  },
  "confusion_matrix": [
    [
      97983,
      1469,
      190,
      48,
      473
    ],
    [
      36,
      3820,
      0,
      0,
      0
    ],
    [
      0,
      0,
      1701,
      0,
      0
    ],
    [
      0,
      0,
      0,
      8,
      0
    ],
    [
      4,
      0,
      0,
      0,
      64
    ]
  ]
}