{
  "accuracy": 0.9827120117962872,
  "micro_f1": 0.9827120117962872,
  "macro_f1": 0.6458924631177717,
  "false_alarms": 1775,
  "false_alarm_rate": 0.017721114583229336,
  "missed_attacks": 54,
  "detection_rate": 0.9904136339428369,
  "classes": [
    "benign",
    "phase1",
    "phase2",
    "phase3",
    "phase4"
  ],
  "per_class": {
    "benign": {
      "TP": 98388,
      "FP": 54,
      "FN": 1775,
      "precision": 0.9994514536478333,
      "recall": 0.9822788854167707,
      "f1": 0.9907907655899902
    },
    "phase1": {
      "TP": 3805,
      "FP": 1138,
      "FN": 51,
      "precision": 0.7697754400161845,
      "recall": 0.9867738589211619,
      "f1": 0.8648710080690988
    },
    "phase2": {
      "TP": 1701,
      "FP": 167,
      "FN": 0,
      "precision": 0.9105995717344754,
      "recall": 1.0,
      "f1": 0.9532081815634632
    },
    "phase3": {
      "TP": 8,
      "FP": 76,
      "FN": 0,
      "precision": 0.09523809523809523,
      "recall": 1.0,
      "f1": 0.17391304347826084
    },
    "phase4": {
      "TP": 65,
      "FP": 394,
      "FN": 3,
      "precision": 0.14161220043572983,
      "recall": 0.9558823529411765,
      "f1": 0.24667931688804554
    }
  },
  "confusion_matrix": [
    [
      98388,
      1138,
      167,
      76,
      394
    ],
    [
      51,
      3805,
      0,
      0,
      0
    ],
    [
      0,
      0,
      1701,
      0,
      0
    ],
    [
      0,
      0,
      0,
      8,
      0
    ],
    [
      3,
      0,
      0,
      0,
      65
    ]
  ]
}