{
  "accuracy": 0.9860391697228629,
  "micro_f1": 0.9860391697228629,
  "macro_f1": 0.6546857700190509,
  "false_alarms": 1429,
  "false_alarm_rate": 0.014266745205315337,
  "missed_attacks": 47,
  "detection_rate": 0.991656311024321,
  "classes": [
    "benign",
    "phase1",
    "phase2",
    "phase3",
    "phase4"
  ],
  "per_class": {
    "benign": {
      "TP": 98734,
      "FP": 47,
      "FN": 1429,
      "precision": 0.9995241999979754,
      "recall": 0.9857332547946847,
      "f1": 0.992580826765321
    },
    "phase1": {
      "TP": 3811,
      "FP": 670,
      "FN": 45,
      "precision": 0.8504798036152644,
      "recall": 0.9883298755186722,
      "f1": 0.9142377353964256
    },
    "phase2": {
      "TP": 1701,
      "FP": 165,
      "FN": 0,
      "precision": 0.9115755627009646,
      "recall": 1.0,
      "f1": 0.9537426408746846
    },
    "phase3": {
      "TP": 7,
      "FP": 49,
      "FN": 1,
      "precision": 0.125,
      "recall": 0.875,
      "f1": 0.21875
    },
    "phase4": {
      "TP": 66,
      "FP": 546,
      "FN": 2,
      "precision": 0.10784313725490197,
      "recall": 0.9705882352941176,
      "f1": 0.19411764705882356
    }
  },
  "confusion_matrix": [
    [
      98734,
      670,
      165,
      49,
      545
    ],
    [
      45,
      3811,
      0,
      0,
      0
    ],
    [
      0,
      0,
      1701,
      0,
      0
    ],
    [
      0,
      0,
      0,
      7,
      1
    ],
    [
      2,
      0,
      0,
      0,
      66
    ]
  ]
}