{
  "accuracy": 0.12686680025709857,
  "micro_f1": 0.12686680025709857,
  "macro_f1": 0.1077097493533045,
  "false_alarms": 91492,
  "false_alarm_rate": 0.913431107295109,
  "missed_attacks": 15,
  "detection_rate": 0.9973371205396769,
  "classes": [
    "benign",
    "phase1",
    "phase2",
    "phase3",
    "phase4"
  ],
  "per_class": {
    "benign": {
      "TP": 8671,
      "FP": 15,
      "FN": 91492,
      "precision": 0.9982730831222657,
      "recall": 0.08656889270489103,
      "f1": 0.15932162904574226
    },
    "phase1": {
      "TP": 3072,
      "FP": 31335,
      "FN": 784,
      "precision": 0.08928415729357399,
      "recall": 0.7966804979253111,
      "f1": 0.16057287719206548
    },
    "phase2": {
      "TP": 1639,
      "FP": 11875,
      "FN": 62,
      "precision": 0.121281633861181,
      "recall": 0.9635508524397414,
      "f1": 0.21544528425895496
    },
    "phase3": {
      "TP": 8,
      "FP": 24109,
      "FN": 0,
      "precision": 0.0003317162167765477,
      "recall": 1.0,
      "f1": 0.0006632124352331606
    },
    "phase4": {
      "TP": 32,
      "FP": 25040,
      "FN": 36,
      "precision": 0.0012763241863433313,
      "recall": 0.47058823529411764,
      "f1": 0.002545743834526651
    }
  },
  "confusion_matrix": [
    [
      8671,
      31332,
      11787,
      23546,
      24827
    ],
    [
      0,
      3072,
      87,
      538,
      159
    ],
    [
      7,
      1,
      1639,
      0,
      54
    ],
    [
      0,
      0,
      0,
      8,
      0
    ],
    [
      8,
      2,
      1,
      25,
      32
    ]
  ]
}