{
  "accuracy": 0.8959790540285077,
  "micro_f1": 0.8959790540285077,
  "macro_f1": 0.5042870857460806,
  "false_alarms": 10900,
  "false_alarm_rate": 0.10882261913081677,
  "missed_attacks": 91,
  "detection_rate": 0.9838451979407066,
  "classes": [
    "benign",
    "phase1",
    "phase2",
    "phase3",
    "phase4"
  ],
  "per_class": {
    "benign": {
      "TP": 89263,
      "FP": 91,
      "FN": 10900,
      "precision": 0.9989815788884661,
      "recall": 0.8911773808691832,
      "f1": 0.942005202699494
    },
    "phase1": {
      "TP": 3772,
      "FP": 2072,
      "FN": 84,
      "precision": 0.6454483230663929,
      "recall": 0.9782157676348547,
      "f1": 0.7777319587628866
    },
    "phase2": {
      "TP": 1683,
      "FP": 1199,
      "FN": 18,
      "precision": 0.583969465648855,
      "recall": 0.9894179894179894,
      "f1": 0.7344534147938031
    },
    "phase3": {
      "TP": 8,
      "FP": 305,
      "FN": 0,
      "precision": 0.025559105431309903,
      "recall": 1.0,
      "f1": 0.049844236760124616
    },
    "phase4": {
      "TP": 65,
      "FP": 7338,
      "FN": 3,
      "precision": 0.008780224233418885,
      "recall": 0.9558823529411765,
      "f1": 0.0174006157140945
    }
  },
  "confusion_matrix": [
    [
      89263,
      2072,
      1199,
      303,
      7326
    ],
    [
      84,
      3772,
      0,
      0,
      0
    ],
    [
      4,
      0,
      1683,
      2,
      12
    ],
    [
      0,
      0,
      0,
      8,
      0
    ],
    [
      3,
      0,
      0,
      0,
      65
    ]
  ]
}