{
  "accuracy": 0.9907274377103104,
  "micro_f1": 0.9907274377103104,
  "macro_f1": 0.7298428848331643,
  "false_alarms": 917,
  "false_alarm_rate": 0.009155077224124676,
  "missed_attacks": 64,
  "detection_rate": 0.9886383809692881,
  "classes": [
    "benign",
    "phase1",
    "phase2",
    "phase3",
    "phase4"
  ],
  "per_class": {
    "benign": {
      "TP": 99246,
      "FP": 64,
      "FN": 917,
      "precision": 0.9993555533178935,
      "recall": 0.9908449227758753,
      "f1": 0.9950820411785053
    },
    "phase1": {
      "TP": 3795,
      "FP": 563,
      "FN": 61,
      "precision": 0.8708122992198256,
      "recall": 0.9841804979253111,
      "f1": 0.9240321402483564
    },
    "phase2": {
      "TP": 1701,
      "FP": 165,
      "FN": 0,
      "precision": 0.9115755627009646,
      "recall": 1.0,
      "f1": 0.9537426408746846
    },
    "phase3": {
      "TP": 8,
      "FP": 33,
      "FN": 0,
      "precision": 0.1951219512195122,
      "recall": 1.0,
      "f1": 0.326530612244898
    },
    "phase4": {
      "TP": 65,
      "FP": 156,
      "FN": 3,
      "precision": 0.29411764705882354,
      "recall": 0.9558823529411765,
      "f1": 0.4498269896193772
    }
  },
  "confusion_matrix": [
    [
      99246,
      563,
      165,
      33,
      156
    ],
    [
      61,
      3795,
      0,
      0,
      0
    ],
    [
      0,
      0,
      1701,
      0,
      0
    ],
    [
      0,
      0,
      0,
      8,
      0
    ],
    [
      3,
      0,
      0,
      0,
      65
    ]
  ]
}