{
  "accuracy": 0.20355211917274754,
  "micro_f1": 0.20355211917274754,
  "macro_f1": 0.13546777243257888,
  "false_alarms": 83790,
  "false_alarm_rate": 0.8365364455936823,
  "missed_attacks": 36,
  "detection_rate": 0.9936090892952246,
  "classes": [
    "benign",
    "phase1",
    "phase2",
    "phase3",
    "phase4"
  ],
  "per_class": {
    "benign": {
      "TP": 16373,
      "FP": 36,
      "FN": 83790,
      "precision": 0.9978060820281552,
      "recall": 0.1634635544063177,
      "f1": 0.2809079367258004
    },
    "phase1": {
      "TP": 3446,
      "FP": 46659,
      "FN": 410,
      "precision": 0.06877557130026943,
      "recall": 0.8936721991701245,
      "f1": 0.12772187320472192
    },
    "phase2": {
      "TP": 1690,
      "FP": 9406,
      "FN": 11,
      "precision": 0.1523071377072819,
      "recall": 0.993533215755438,
      "f1": 0.2641244041572243
    },
    "phase3": {
      "TP": 7,
      "FP": 18300,
      "FN": 1,
      "precision": 0.0003823674004479161,
      "recall": 0.875,
      "f1": 0.0007644007644007644
    },
    "phase4": {
      "TP": 19,
      "FP": 9860,
      "FN": 49,
      "precision": 0.0019232715861929345,
      "recall": 0.27941176470588236,
      "f1": 0.003820247310746959
    }
  },
  "confusion_matrix": [
    [
      16373,
      46644,
      9401,
      17891,
      9854
    ],
    [
      3,
      3446,
      5,
      397,
      5
    ],
    [
      1,
      9,
      1690,
      0,
      1
    ],
    [
      1,
      0,
      0,
      7,
      0
    ],
    [
      31,
      6,
      0,
      12,
      19
    ]
  ]
}