{
  "accuracy": 0.34418125448977277,
  "micro_f1": 0.34418125448977277,
  "macro_f1": 0.27845160430939553,
  "false_alarms": 69333,
  "false_alarm_rate": 0.6922017112107265,
  "missed_attacks": 29,
  "detection_rate": 0.9948517663767087,
  "classes": [
    "benign",
    "phase1",
    "phase2",
    "phase3",
    "phase4"
  ],
  "per_class": {
    "benign": {
      "TP": 30830,
      "FP": 29,
      "FN": 69333,
      "precision": 0.9990602417447098,
      "recall": 0.3077982887892735,
      "f1": 0.4706079894979469
    },
    "phase1": {
      "TP": 3854,
      "FP": 25068,
      "FN": 2,
      "precision": 0.1332549616209114,
      "recall": 0.9994813278008299,
      "f1": 0.23515772774421867
    },
    "phase2": {
      "TP": 1666,
      "FP": 1522,
      "FN": 35,
      "precision": 0.5225846925972396,
      "recall": 0.9794238683127572,
      "f1": 0.681529965228063
    },
    "phase3": {
      "TP": 7,
      "FP": 7958,
      "FN": 1,
      "precision": 0.0008788449466415569,
      "recall": 0.875,
      "f1": 0.001755926251097454
    },
    "phase4": {
      "TP": 56,
      "FP": 34806,
      "FN": 12,
      "precision": 0.0016063335436865354,
      "recall": 0.8235294117647058,
      "f1": 0.0032064128256513026
    }
  },
  "confusion_matrix": [
    [
      30830,
      25066,
      1522,
      7953,
      34792
    ],
    [
      2,
      3854,
      0,
      0,
      0
    ],
    [
      22,
      0,
      1666,
      0,
      13
    ],
    [
      0,
      0,
      0,
      7,
      1
    ],
    [
      5,
      2,
      0,
      5,
      56
    ]
  ]
}