{
  "accuracy": 0.4662936216870203,
  "micro_f1": 0.4662936216870203,
  "macro_f1": 0.32492248489275327,
  "false_alarms": 55649,
  "false_alarm_rate": 0.5555843974321856,
  "missed_attacks": 760,
  "detection_rate": 0.8650807740102965,
  "classes": [
    "benign",
    "phase1",
    "phase2",
    "phase3",
    "phase4"
  ],
  "per_class": {
    "benign": {
      "TP": 44514,
      "FP": 760,
      "FN": 55649,
      "precision": 0.9832133233202279,
      "recall": 0.4444156025678145,
      "f1": 0.6121413395490832
    },
    "phase1": {
      "TP": 3137,
      "FP": 14522,
      "FN": 719,
      "precision": 0.17764312814995187,
      "recall": 0.8135373443983402,
      "f1": 0.29161050429932606
    },
    "phase2": {
      "TP": 1622,
      "FP": 1209,
      "FN": 79,
      "precision": 0.572942423172024,
      "recall": 0.9535567313345091,
      "f1": 0.7157987643424537
    },
    "phase3": {
      "TP": 8,
      "FP": 14157,
      "FN": 0,
      "precision": 0.0005647723261560184,
      "recall": 1.0,
      "f1": 0.001128907076836238
    },
    "phase4": {
      "TP": 51,
      "FP": 25816,
      "FN": 17,
      "precision": 0.001971624077009317,
      "recall": 0.75,
      "f1": 0.003932909196067091
    }
  },
  "confusion_matrix": [
    [
      44514,
      14521,
      1209,
      14146,
      25773
    ],
    [
      719,
      3137,
      0,
      0,
      0
    ],
    [
      36,
      0,
      1622,
      0,
      43
    ],
    [
      0,
      0,
      0,
      8,
      0
    ],
    [
      5,
      1,
      0,
      11,
      51
    ]
  ]
}