{
  "accuracy": 0.40637642254905665,
  "micro_f1": 0.40637642254905665,
  "macro_f1": 0.30369816640808506,
  "false_alarms": 62677,
  "false_alarm_rate": 0.625750027455248,
  "missed_attacks": 101,
  "detection_rate": 0.9820699449671578,
  "classes": [
    "benign",
    "phase1",
    "phase2",
    "phase3",
    "phase4"
  ],
  "per_class": {
    "benign": {
      "TP": 37486,
      "FP": 101,
      "FN": 62677,
      "precision": 0.9973129007369569,
      "recall": 0.37424997254475206,
      "f1": 0.5442613430127041
    },
    "phase1": {
      "TP": 3795,
      "FP": 21834,
      "FN": 61,
      "precision": 0.14807444691560342,
      "recall": 0.9841804979253111,
      "f1": 0.257419026623707
    },
    "phase2": {
      "TP": 1650,
      "FP": 1287,
      "FN": 51,
      "precision": 0.5617977528089888,
      "recall": 0.9700176366843033,
      "f1": 0.7115135834411385
    },
    "phase3": {
      "TP": 6,
      "FP": 6094,
      "FN": 2,
      "precision": 0.0009836065573770492,
      "recall": 0.75,
      "f1": 0.0019646365422396855
    },
    "phase4": {
      "TP": 56,
      "FP": 33487,
      "FN": 12,
      "precision": 0.001669498852219539,
      "recall": 0.8235294117647058,
      "f1": 0.003332242420636101
    }
  },
  "confusion_matrix": [
    [
      37486,
      21832,
      1287,
      6090,
      33468
    ],
    [
      61,
      3795,
      0,
      0,
      0
    ],
    [
      34,
      0,
      1650,
      0,
      17
    ],
    [
      0,
      0,
      0,
      6,
      2
    ],
    [
      6,
      2,
      0,
      4,
      56
    ]
  ]
}