{
  "accuracy": 0.6545332526749593,
  "micro_f1": 0.6545332526749593,
  "macro_f1": 0.36360386257873806,
  "false_alarms": 36453,
  "false_alarm_rate": 0.36393678304363886,
  "missed_attacks": 93,
  "detection_rate": 0.9834901473459968,
  "classes": [
    "benign",
    "phase1",
    "phase2",
    "phase3",
    "phase4"
  ],
  "per_class": {
    "benign": {
      "TP": 63710,
      "FP": 93,
      "FN": 36453,
      "precision": 0.9985423882889519,
      "recall": 0.6360632169563611,
      "f1": 0.7771123281655953
    },
    "phase1": {
      "TP": 3779,
      "FP": 12032,
      "FN": 77,
      "precision": 0.23901081525520207,
      "recall": 0.9800311203319502,
      "f1": 0.38429857121065747
    },
    "phase2": {
      "TP": 1692,
      "FP": 2126,
      "FN": 9,
      "precision": 0.4431639601885804,
      "recall": 0.9947089947089947,
      "f1": 0.613154556984961
    },
    "phase3": {
      "TP": 8,
      "FP": 403,
      "FN": 0,
      "precision": 0.019464720194647202,
      "recall": 1.0,
      "f1": 0.03818615751789976
    },
    "phase4": {
      "TP": 58,
      "FP": 21895,
      "FN": 10,
      "precision": 0.002642007926023778,
      "recall": 0.8529411764705882,
      "f1": 0.005267699014576995
    }
  },
  "confusion_matrix": [
    [
      63710,
      12032,
      2126,
      401,
      21894
    ],
    [
      77,
      3779,
      0,
      0,
      0
    ],
    [
      8,
      0,
      1692,
      0,
      1
    ],
    [
      0,
      0,
      0,
      8,
      0
    ],
    [
      8,
      0,
      0,
      2,
      58
    ]
  ]
}