{
  "accuracy": 0.052922605769594316,
  "micro_f1": 0.052922605769594316,
  "macro_f1": 0.08416080688339353,
  "false_alarms": 100163,
  "false_alarm_rate": 1.0,
  "missed_attacks": 0,
  "detection_rate": 1.0,
  "classes": [
    "benign",
    "phase1",
    "phase2",
    "phase3",
    "phase4"
  ],
  "per_class": {
    "benign": {
      "TP": 0,
      "FP": 0,
      "FN": 100163,
      "precision": 0.0,
      "recall": 0.0,
      "f1": 0.0
    },
    "phase1": {
      "TP": 3848,
      "FP": 41991,
      "FN": 8,
      "precision": 0.08394598486005367,
      "recall": 0.9979253112033195,
      "f1": 0.1548646745145387
    },
    "phase2": {
      "TP": 1687,
      "FP": 9428,
      "FN": 14,
      "precision": 0.15177687809266757,
      "recall": 0.9917695473251029,
      "f1": 0.2632646691635456
    },
    "phase3": {
      "TP": 0,
      "FP": 1054,
      "FN": 8,
      "precision": 0.0,
      "recall": 0.0,
      "f1": 0.0
    },
    "phase4": {
      "TP": 64,
      "FP": 47724,
      "FN": 4,
      "precision": 0.0013392483468653218,
      "recall": 0.9411764705882353,
      "f1": 0.0026746907388833165
    }
  },
  "confusion_matrix": [
    [
      0,
      41981,
      9427,
      1049,
      47706
    ],
    [
      0,
      3848,
      1,
      3,
      4
    ],
    [
      0,
      6,
      1687,
      2,
      6
    ],
    [
      0,
      0,
      0,
      0,
      8
    ],
    [
      0,
      4,
      0,
      0,
      64
    ]
  ]
}