{
  "accuracy": 0.41502514272751334,
  "micro_f1": 0.41502514272751334,
  "macro_f1": 0.30887949302202167,
  "false_alarms": 61677,
  "false_alarm_rate": 0.6157663009294849,
  "missed_attacks": 202,
  "detection_rate": 0.9641398899343157,
  "classes": [
    "benign",
    "phase1",
    "phase2",
    "phase3",
    "phase4"
  ],
  "per_class": {
    "benign": {
      "TP": 38486,
      "FP": 202,
      "FN": 61677,
      "precision": 0.9947787427626137,
      "recall": 0.3842336990705151,
      "f1": 0.5543496265781306
    },
    "phase1": {
      "TP": 3692,
      "FP": 20023,
      "FN": 164,
      "precision": 0.1556820577693443,
      "recall": 0.9574688796680498,
      "f1": 0.26781763447100215
    },
    "phase2": {
      "TP": 1666,
      "FP": 1281,
      "FN": 35,
      "precision": 0.5653206650831354,
      "recall": 0.9794238683127572,
      "f1": 0.7168674698795181
    },
    "phase3": {
      "TP": 8,
      "FP": 8644,
      "FN": 0,
      "precision": 0.0009246417013407304,
      "recall": 1.0,
      "f1": 0.0018475750577367205
    },
    "phase4": {
      "TP": 56,
      "FP": 31738,
      "FN": 12,
      "precision": 0.0017613386173491853,
      "recall": 0.8235294117647058,
      "f1": 0.0035151591237210468
    }
  },
  "confusion_matrix": [
    [
      38486,
      20022,
      1281,
      8640,
      31734
    ],
    [
      164,
      3692,
      0,
      0,
      0
    ],
    [
      31,
      0,
      1666,
      0,
      4
    ],
    [
      0,
      0,
      0,
      8,
      0
    ],
    [
      7,
      1,
      0,
      4,
      56
    ]
  ]
}