{
  "accuracy": 0.9284566524254225,
  "micro_f1": 0.9284566524254225,
  "macro_f1": 0.5363557694092675,
  "false_alarms": 7510,
  "false_alarm_rate": 0.07497778620848018,
  "missed_attacks": 59,
  "detection_rate": 0.9895260074560625,
  "classes": [
    "benign",
    "phase1",
    "phase2",
    "phase3",
    "phase4"
  ],
  "per_class": {
    "benign": {
      "TP": 92653,
      "FP": 59,
      "FN": 7510,
      "precision": 0.9993636206747778,
      "recall": 0.9250222137915198,
      "f1": 0.9607569669475049
    },
    "phase1": {
      "TP": 3808,
      "FP": 2663,
      "FN": 48,
      "precision": 0.5884716427136455,
      "recall": 0.9875518672199171,
      "f1": 0.7374842645492399
    },
    "phase2": {
      "TP": 1698,
      "FP": 498,
      "FN": 3,
      "precision": 0.773224043715847,
      "recall": 0.9982363315696648,
      "f1": 0.8714395688991532
    },
    "phase3": {
      "TP": 8,
      "FP": 174,
      "FN": 0,
      "precision": 0.04395604395604396,
      "recall": 1.0,
      "f1": 0.08421052631578947
    },
    "phase4": {
      "TP": 60,
      "FP": 4175,
      "FN": 8,
      "precision": 0.014167650531286895,
      "recall": 0.8823529411764706,
      "f1": 0.027887520334650247
    }
  },
  "confusion_matrix": [
    [
      92653,
      2663,
      498,
      174,
      4175
    ],
    [
      48,
      3808,
      0,
      0,
      0
    ],
    [
      3,
      0,
      1698,
      0,
      0
    ],
    [
      0,
      0,
      0,
      8,
      0
    ],
    [
      8,
      0,
      0,
      0,
      60
    ]
  ]
}