{
  "accuracy": 0.52026541646187,
  "micro_f1": 0.52026541646187,
  "macro_f1": 0.3283857324909186,
  "false_alarms": 49409,
  "false_alarm_rate": 0.4932859439114244,
  "missed_attacks": 1310,
  "detection_rate": 0.7674418604651163,
  "classes": [
    "benign",
    "phase1",
    "phase2",
    "phase3",
    "phase4"
  ],
  "per_class": {
    "benign": {
      "TP": 50754,
      "FP": 1310,
      "FN": 49409,
      "precision": 0.974838660110633,
      "recall": 0.5067140560885757,
      "f1": 0.6668199465272259
    },
    "phase1": {
      "TP": 2777,
      "FP": 13138,
      "FN": 1079,
      "precision": 0.1744894753377317,
      "recall": 0.7201763485477178,
      "f1": 0.2809164938546356
    },
    "phase2": {
      "TP": 1447,
      "FP": 1075,
      "FN": 254,
      "precision": 0.5737509912767644,
      "recall": 0.8506760728982952,
      "f1": 0.6852948141131896
    },
    "phase3": {
      "TP": 8,
      "FP": 2923,
      "FN": 0,
      "precision": 0.002729443875810304,
      "recall": 1.0,
      "f1": 0.005444028581150052
    },
    "phase4": {
      "TP": 56,
      "FP": 32308,
      "FN": 12,
      "precision": 0.0017303176368804844,
      "recall": 0.8235294117647058,
      "f1": 0.003453379378391712
    }
  },
  "confusion_matrix": [
    [
      50754,
      13137,
      1075,
      2920,
      32277
    ],
    [
      1079,
      2777,
      0,
      0,
      0
    ],
    [
      223,
      0,
      1447,
      0,
      31
    ],
    [
      0,
      0,
      0,
      8,
      0
    ],
    [
      8,
      1,
      0,
      3,
      56
    ]
  ]
}