{
  "accuracy": 0.2970717229384854,
  "micro_f1": 0.2970717229384854,
  "macro_f1": 0.16969842175557792,
  "false_alarms": 73503,
  "false_alarm_rate": 0.7338338508231582,
  "missed_attacks": 487,
  "detection_rate": 0.9135451801881768,
  "classes": [
    "benign",
    "phase1",
    "phase2",
    "phase3",
    "phase4"
  ],
  "per_class": {
    "benign": {
      "TP": 26660,
      "FP": 487,
      "FN": 73503,
      "precision": 0.9820606328507754,
      "recall": 0.2661661491768417,
      "f1": 0.41882020265493675
    },
    "phase1": {
      "TP": 3095,
      "FP": 25358,
      "FN": 761,
      "precision": 0.10877587600604506,
      "recall": 0.8026452282157677,
      "f1": 0.19158748336376863
    },
    "phase2": {
      "TP": 1651,
      "FP": 10597,
      "FN": 50,
      "precision": 0.13479751796211625,
      "recall": 0.9706055261610818,
      "f1": 0.23671947809878846
    },
    "phase3": {
      "TP": 0,
      "FP": 4315,
      "FN": 8,
      "precision": 0.0,
      "recall": 0.0,
      "f1": 0.0
    },
    "phase4": {
      "TP": 23,
      "FP": 33610,
      "FN": 45,
      "precision": 0.0006838521690006839,
      "recall": 0.3382352941176471,
      "f1": 0.001364944660395834
    }
  },
  "confusion_matrix": [
    [
      26660,
      25358,
      10589,
      4248,
      33308
    ],
    [
      422,
      3095,
      8,
      66,
      265
    ],
    [
      18,
      0,
      1651,
      0,
      32
    ],
    [
      3,
      0,
      0,
      0,
      5
    ],
    [
      44,
      0,
      0,
      1,
      23
    ]
  ]
}