{
  "accuracy": 0.9396196453552119,
  "micro_f1": 0.9396196453552119,
  "macro_f1": 0.5698650286409641,
  "false_alarms": 6348,
  "false_alarm_rate": 0.06337669598554356,
  "missed_attacks": 40,
  "detection_rate": 0.9928989881058051,
  "classes": [
    "benign",
    "phase1",
    "phase2",
    "phase3",
    "phase4"
  ],
  "per_class": {
    "benign": {
      "TP": 93815,
      "FP": 40,
      "FN": 6348,
      "precision": 0.9995738106653881,
      "recall": 0.9366233040144565,
      "f1": 0.9670752198249647
    },
    "phase1": {
      "TP": 3826,
      "FP": 2578,
      "FN": 30,
      "precision": 0.5974391005621487,
      "recall": 0.9922199170124482,
      "f1": 0.7458089668615985
    },
    "phase2": {
      "TP": 1696,
      "FP": 321,
      "FN": 5,
      "precision": 0.8408527516113039,
      "recall": 0.9970605526161082,
      "f1": 0.9123184507799892
    },
    "phase3": {
      "TP": 8,
      "FP": 69,
      "FN": 0,
      "precision": 0.1038961038961039,
      "recall": 1.0,
      "f1": 0.18823529411764706
    },
    "phase4": {
      "TP": 63,
      "FP": 3380,
      "FN": 5,
      "precision": 0.01829799593377868,
      "recall": 0.9264705882352942,
      "f1": 0.035887211620620904
    }
  },
  "confusion_matrix": [
    [
      93815,
      2578,
      321,
      69,
      3380
    ],
    [
      30,
      3826,
      0,
      0,
      0
    ],
    [
      5,
      0,
      1696,
      0,
      0
    ],
    [
      0,
      0,
      0,
      8,
      0
    ],
    [
      5,
      0,
      0,
      0,
      63
    ]
  ]
}