{
  "accuracy": 0.086723505614579,
  "micro_f1": 0.086723505614579,
  "macro_f1": 0.0851457972876126,
  "false_alarms": 96523,
  "false_alarm_rate": 0.9636592354462227,
  "missed_attacks": 21,
  "detection_rate": 0.9962719687555477,
  "classes": [
    "benign",
    "phase1",
    "phase2",
    "phase3",
    "phase4"
  ],
  "per_class": {
    "benign": {
      "TP": 3640,
      "FP": 21,
      "FN": 96523,
      "precision": 0.994263862332696,
      "recall": 0.03634076455377734,
      "f1": 0.07011866235167205
    },
    "phase1": {
      "TP": 3791,
      "FP": 37373,
      "FN": 65,
      "precision": 0.0920950344961617,
      "recall": 0.9831431535269709,
      "f1": 0.16841403820524212
    },
    "phase2": {
      "TP": 1685,
      "FP": 15060,
      "FN": 16,
      "precision": 0.1006270528515975,
      "recall": 0.9905937683715461,
      "f1": 0.18269543532473168
    },
    "phase3": {
      "TP": 7,
      "FP": 8993,
      "FN": 1,
      "precision": 0.0007777777777777777,
      "recall": 0.875,
      "f1": 0.0015541740674955595
    },
    "phase4": {
      "TP": 52,
      "FP": 35174,
      "FN": 16,
      "precision": 0.0014761823652983592,
      "recall": 0.7647058823529411,
      "f1": 0.0029466764889216302
    }
  },
  "confusion_matrix": [
    [
      3640,
      37369,
      15004,
      8989,
      35161
    ],
    [
      10,
      3791,
      55,
      0,
      0
    ],
    [
      3,
      1,
      1685,
      0,
      12
    ],
    [
      0,
      0,
      0,
      7,
      1
    ],
    [
      8,
      3,
      1,
      4,
      52
    ]
  ]
}