{
  "accuracy": 0.9859351960376573,
  "micro_f1": 0.9859351960376573,
  "macro_f1": 0.6900254567148314,
  "false_alarms": 1457,
  "false_alarm_rate": 0.0145462895480367,
  "missed_attacks": 31,
  "detection_rate": 0.9944967157819989,
  "classes": [
    "benign",
    "phase1",
    "phase2",
    "phase3",
    "phase4"
  ],
  "per_class": {
    "benign": {
      "TP": 98706,
      "FP": 31,
      "FN": 1457,
      "precision": 0.9996860346172154,
      "recall": 0.9854537104519633,
      "f1": 0.9925188536953243
    },
    "phase1": {
      "TP": 3835,
      "FP": 1077,
      "FN": 21,
      "precision": 0.7807410423452769,
      "recall": 0.9945539419087137,
      "f1": 0.874771897810219
    },
    "phase2": {
      "TP": 1701,
      "FP": 114,
      "FN": 0,
      "precision": 0.9371900826446281,
      "recall": 1.0,
      "f1": 0.9675767918088737
    },
    "phase3": {
      "TP": 8,
      "FP": 40,
      "FN": 0,
      "precision": 0.16666666666666666,
      "recall": 1.0,
      "f1": 0.2857142857142857
    },
    "phase4": {
      "TP": 58,
      "FP": 226,
      "FN": 10,
      "precision": 0.20422535211267606,
      "recall": 0.8529411764705882,
      "f1": 0.32954545454545453
    }
  },
  "confusion_matrix": [
    [
      98706,
      1077,
      114,
      40,
      226
    ],
    [
      21,
      3835,
      0,
      0,
      0
    ],
    [
      0,
      0,
      1701,
      0,
      0
    ],
    [
      0,
      0,
      0,
      8,
      0
    ],
    [
      10,
      0,
      0,
      0,
      58
    ]
  ]
}