{
  "accuracy": 0.23096336345419485,
  "micro_f1": 0.23096336345419485,
  "macro_f1": 0.15292136826175728,
  "false_alarms": 80438,
  "false_alarm_rate": 0.8030709942793247,
  "missed_attacks": 54,
  "detection_rate": 0.9904136339428369,
  "classes": [
    "benign",
    "phase1",
    "phase2",
    "phase3",
    "phase4"
  ],
  "per_class": {
    "benign": {
      "TP": 19725,
      "FP": 54,
      "FN": 80438,
      "precision": 0.9972698316396178,
      "recall": 0.1969290057206753,
      "f1": 0.32890897267012387
    },
    "phase1": {
      "TP": 3029,
      "FP": 28992,
      "FN": 827,
      "precision": 0.09459417257424815,
      "recall": 0.7855290456431535,
      "f1": 0.16885469799593053
    },
    "phase2": {
      "TP": 1652,
      "FP": 9126,
      "FN": 49,
      "precision": 0.15327519020226388,
      "recall": 0.9711934156378601,
      "f1": 0.26476480487218523
    },
    "phase3": {
      "TP": 2,
      "FP": 6577,
      "FN": 6,
      "precision": 0.0003039975680194558,
      "recall": 0.25,
      "f1": 0.0006072567177774404
    },
    "phase4": {
      "TP": 27,
      "FP": 36612,
      "FN": 41,
      "precision": 0.0007369196757553427,
      "recall": 0.39705882352941174,
      "f1": 0.0014711090527692267
    }
  },
  "confusion_matrix": [
    [
      19725,
      28989,
      9125,
      6153,
      36171
    ],
    [
      1,
      3029,
      1,
      421,
      404
    ],
    [
      14,
      1,
      1652,
      0,
      34
    ],
    [
      3,
      0,
      0,
      2,
      3
    ],
    [
      36,
      2,
      0,
      3,
      27
    ]
  ]
}