{
  "accuracy": 0.16987409731936937,
  "micro_f1": 0.16987409731936937,
  "macro_f1": 0.12300139325486026,
  "false_alarms": 87446,
  "false_alarm_rate": 0.8730369497718719,
  "missed_attacks": 315,
  "detection_rate": 0.944079531333215,
  "classes": [
    "benign",
    "phase1",
    "phase2",
    "phase3",
    "phase4"
  ],
  "per_class": {
    "benign": {
      "TP": 12717,
      "FP": 315,
      "FN": 87446,
      "precision": 0.975828729281768,
      "recall": 0.12696305022812815,
      "f1": 0.2246919033526216
    },
    "phase1": {
      "TP": 3512,
      "FP": 50687,
      "FN": 344,
      "precision": 0.06479824351002786,
      "recall": 0.9107883817427386,
      "f1": 0.1209887175953837
    },
    "phase2": {
      "TP": 1696,
      "FP": 9471,
      "FN": 5,
      "precision": 0.1518760634010925,
      "recall": 0.9970605526161082,
      "f1": 0.2635996269816599
    },
    "phase3": {
      "TP": 6,
      "FP": 6853,
      "FN": 2,
      "precision": 0.0008747630849978131,
      "recall": 0.75,
      "f1": 0.0017474879860200961
    },
    "phase4": {
      "TP": 41,
      "FP": 20498,
      "FN": 27,
      "precision": 0.001996202346754954,
      "recall": 0.6029411764705882,
      "f1": 0.003979230358616004
    }
  },
  "confusion_matrix": [
    [
      12717,
      50674,
      9466,
      6835,
      20471
    ],
    [
      304,
      3512,
      5,
      11,
      24
    ],
    [
      1,
      3,
      1696,
      0,
      1
    ],
    [
      0,
      0,
      0,
      6,
      2
    ],
    [
      10,
      10,
      0,
      7,
      41
    ]
  ]
}