{
  "accuracy": 0.5554935914401301,
  "micro_f1": 0.5554935914401301,
  "macro_f1": 0.35642307537310164,
  "false_alarms": 46807,
  "false_alarm_rate": 0.46730828749138903,
  "missed_attacks": 206,
  "detection_rate": 0.9634297887448962,
  "classes": [
    "benign",
    "phase1",
    "phase2",
    "phase3",
    "phase4"
  ],
  "per_class": {
    "benign": {
      "TP": 53356,
      "FP": 206,
      "FN": 46807,
      "precision": 0.9961539897688659,
      "recall": 0.5326917125086109,
      "f1": 0.6941746625467555
    },
    "phase1": {
      "TP": 3688,
      "FP": 12001,
      "FN": 168,
      "precision": 0.23506915673401746,
      "recall": 0.9564315352697096,
      "f1": 0.3773855205935022
    },
    "phase2": {
      "TP": 1655,
      "FP": 1380,
      "FN": 46,
      "precision": 0.5453047775947282,
      "recall": 0.9729570840681951,
      "f1": 0.698902027027027
    },
    "phase3": {
      "TP": 8,
      "FP": 2057,
      "FN": 0,
      "precision": 0.00387409200968523,
      "recall": 1.0,
      "f1": 0.007718282682103233
    },
    "phase4": {
      "TP": 62,
      "FP": 31383,
      "FN": 6,
      "precision": 0.0019716966131340437,
      "recall": 0.9117647058823529,
      "f1": 0.003934884016120332
    }
  },
  "confusion_matrix": [
    [
      53356,
      12001,
      1380,
      2055,
      31371
    ],
    [
      168,
      3688,
      0,
      0,
      0
    ],
    [
      34,
      0,
      1655,
      0,
      12
    ],
    [
      0,
      0,
      0,
      8,
      0
    ],
    [
      4,
      0,
      0,
      2,
      62
    ]
  ]
}