{
  "accuracy": 0.08002192899542515,
  "micro_f1": 0.08002192899542515,
  "macro_f1": 0.09386423776338433,
  "false_alarms": 96675,
  "false_alarm_rate": 0.9651767618781386,
  "missed_attacks": 14,
  "detection_rate": 0.9975146458370318,
  "classes": [
    "benign",
    "phase1",
    "phase2",
    "phase3",
    "phase4"
  ],
  "per_class": {
    "benign": {
      "TP": 3488,
      "FP": 14,
      "FN": 96675,
      "precision": 0.9960022844089091,
      "recall": 0.03482323812186137,
      "f1": 0.06729368639367193
    },
    "phase1": {
      "TP": 3238,
      "FP": 40795,
      "FN": 618,
      "precision": 0.07353575727295437,
      "recall": 0.8397302904564315,
      "f1": 0.13522938461859718
    },
    "phase2": {
      "TP": 1679,
      "FP": 9409,
      "FN": 22,
      "precision": 0.15142496392496393,
      "recall": 0.9870664315108759,
      "f1": 0.26256939557432174
    },
    "phase3": {
      "TP": 7,
      "FP": 12767,
      "FN": 1,
      "precision": 0.0005479881008298106,
      "recall": 0.875,
      "f1": 0.001095290251916758
    },
    "phase4": {
      "TP": 54,
      "FP": 34345,
      "FN": 14,
      "precision": 0.0015698130759615105,
      "recall": 0.7941176470588235,
      "f1": 0.0031334319784141356
    }
  },
  "confusion_matrix": [
    [
      3488,
      40789,
      9400,
      12399,
      34087
    ],
    [
      11,
      3238,
      9,
      362,
      236
    ],
    [
      0,
      1,
      1679,
      0,
      21
    ],
    [
      0,
      0,
      0,
      7,
      1
    ],
    [
      3,
      5,
      0,
      6,
      54
    ]
  ]
}