{
  "accuracy": 0.8609210178078567,
  "micro_f1": 0.8609210178078567,
  "macro_f1": 0.4700027936387305,
  "false_alarms": 14660,
  "false_alarm_rate": 0.14636143086768566,
  "missed_attacks": 53,
  "detection_rate": 0.9905911592401917,
  "classes": [
    "benign",
    "phase1",
    "phase2",
    "phase3",
    "phase4"
  ],
  "per_class": {
    "benign": {
      "TP": 85503,
      "FP": 53,
      "FN": 14660,
      "precision": 0.9993805226985834,
      "recall": 0.8536385691323143,
      "f1": 0.9207781648619687
    },
    "phase1": {
      "TP": 3808,
      "FP": 4287,
      "FN": 48,
      "precision": 0.47041383570105005,
      "recall": 0.9875518672199171,
      "f1": 0.6372688477951636
    },
    "phase2": {
      "TP": 1699,
      "FP": 1528,
      "FN": 2,
      "precision": 0.5264951967771925,
      "recall": 0.9988242210464433,
      "f1": 0.6895292207792209
    },
    "phase3": {
      "TP": 8,
      "FP": 166,
      "FN": 0,
      "precision": 0.04597701149425287,
      "recall": 1.0,
      "f1": 0.08791208791208792
    },
    "phase4": {
      "TP": 64,
      "FP": 8680,
      "FN": 4,
      "precision": 0.007319304666056725,
      "recall": 0.9411764705882353,
      "f1": 0.014525646845211076
    }
  },
  "confusion_matrix": [
    [
      85503,
      4287,
      1528,
      166,
      8679
    ],
    [
      48,
      3808,
      0,
      0,
      0
    ],
    [
      1,
      0,
      1699,
      0,
      1
    ],
    [
      0,
      0,
      0,
      8,
      0
    ],
    [
      4,
      0,
      0,
      0,
      64
    ]
  ]
}