{
  "accuracy": 0.9909542893871224,
  "micro_f1": 0.9909542893871224,
  "macro_f1": 0.7240714015669736,
  "false_alarms": 894,
  "false_alarm_rate": 0.008925451514032127,
  "missed_attacks": 62,
  "detection_rate": 0.9889934315639979,
  "classes": [
    "benign",
    "phase1",
    "phase2",
    "phase3",
    "phase4"
  ],
  "per_class": {
    "benign": {
      "TP": 99269,
      "FP": 62,
      "FN": 894,
      "precision": 0.9993758242643284,
      "recall": 0.9910745484859679,
      "f1": 0.995207875926093
    },
    "phase1": {
      "TP": 3801,
      "FP": 536,
      "FN": 55,
      "precision": 0.8764122665436938,
      "recall": 0.9857365145228216,
      "f1": 0.927865250823874
    },
    "phase2": {
      "TP": 1701,
      "FP": 118,
      "FN": 0,
      "precision": 0.9351291918636614,
      "recall": 1.0,
      "f1": 0.9664772727272728
    },
    "phase3": {
      "TP": 8,
      "FP": 26,
      "FN": 0,
      "precision": 0.23529411764705882,
      "recall": 1.0,
      "f1": 0.38095238095238093
    },
    "phase4": {
      "TP": 60,
      "FP": 215,
      "FN": 8,
      "precision": 0.21818181818181817,
      "recall": 0.8823529411764706,
      "f1": 0.3498542274052478
    }
  },
  "confusion_matrix": [
    [
      99269,
      536,
      118,
      25,
      215
    ],
    [
      55,
      3801,
      0,
      0,
      0
    ],
    [
      0,
      0,
      1701,
      0,
      0
    ],
    [
      0,
      0,
      0,
      8,
      0
    ],
    [
      7,
      0,
      0,
      1,
      60
    ]
  ]
}