{
  "accuracy": 0.21077356421792884,
  "micro_f1": 0.21077356421792884,
  "macro_f1": 0.14149371762144228,
  "false_alarms": 83372,
  "false_alarm_rate": 0.8323632479059133,
  "missed_attacks": 75,
  "detection_rate": 0.9866856026983846,
  "classes": [
    "benign",
    "phase1",
    "phase2",
    "phase3",
    "phase4"
  ],
  "per_class": {
    "benign": {
      "TP": 16791,
      "FP": 75,
      "FN": 83372,
      "precision": 0.995553183920313,
      "recall": 0.16763675209408663,
      "f1": 0.2869545155474284
    },
    "phase1": {
      "TP": 3830,
      "FP": 42922,
      "FN": 26,
      "precision": 0.08192162902121834,
      "recall": 0.9932572614107884,
      "f1": 0.15135946885867846
    },
    "phase2": {
      "TP": 1640,
      "FP": 8955,
      "FN": 61,
      "precision": 0.15478999528079282,
      "recall": 0.9641387419165197,
      "f1": 0.2667534157449577
    },
    "phase3": {
      "TP": 0,
      "FP": 0,
      "FN": 8,
      "precision": 0.0,
      "recall": 0.0,
      "f1": 0.0
    },
    "phase4": {
      "TP": 38,
      "FP": 31545,
      "FN": 30,
      "precision": 0.001203178925371244,
      "recall": 0.5588235294117647,
      "f1": 0.0024011879561467255
    }
  },
  "confusion_matrix": [
    [
      16791,
      42905,
      8955,
      0,
      31512
    ],
    [
      26,
      3830,
      0,
      0,
      0
    ],
    [
      21,
      13,
      1640,
      0,
      27
    ],
    [
      2,
      0,
      0,
      0,
      6
    ],
    [
      26,
      4,
      0,
      0,
      38
    ]
  ]
}