{
  "accuracy": 0.17235056145790012,
  "micro_f1": 0.17235056145790012,
  "macro_f1": 0.2327416655093662,
  "false_alarms": 87426,
  "false_alarm_rate": 0.8728372752413566,
  "missed_attacks": 95,
  "detection_rate": 0.9831350967512871,
  "classes": [
    "benign",
    "phase1",
    "phase2",
    "phase3",
    "phase4"
  ],
  "per_class": {
    "benign": {
      "TP": 12737,
      "FP": 95,
      "FN": 87426,
      "precision": 0.9925966334164589,
      "recall": 0.1271627247586434,
      "f1": 0.22544360369927874
    },
    "phase1": {
      "TP": 3825,
      "FP": 22619,
      "FN": 31,
      "precision": 0.14464528815610347,
      "recall": 0.9919605809128631,
      "f1": 0.2524752475247525
    },
    "phase2": {
      "TP": 1606,
      "FP": 1400,
      "FN": 95,
      "precision": 0.5342648037258816,
      "recall": 0.9441504997060552,
      "f1": 0.6823879328659443
    },
    "phase3": {
      "TP": 7,
      "FP": 19777,
      "FN": 1,
      "precision": 0.0003538212697128993,
      "recall": 0.875,
      "f1": 0.0007073565076798706
    },
    "phase4": {
      "TP": 59,
      "FP": 43671,
      "FN": 9,
      "precision": 0.0013491882003201464,
      "recall": 0.8676470588235294,
      "f1": 0.0026941869491757613
    }
  },
  "confusion_matrix": [
    [
      12737,
      22617,
      1399,
      19768,
      43642
    ],
    [
      29,
      3825,
      1,
      1,
      0
    ],
    [
      66,
      0,
      1606,
      1,
      28
    ],
    [
      0,
      0,
      0,
      7,
      1
    ],
    [
      0,
      2,
      0,
      7,
      59
    ]
  ]
}