{
  "accuracy": 0.7914287874777874,
  "micro_f1": 0.7914287874777874,
  "macro_f1": 0.5015937036826502,
  "false_alarms": 21856,
  "false_alarm_rate": 0.21820432694707625,
  "missed_attacks": 208,
  "detection_rate": 0.9630747381501864,
  "classes": [
    "benign",
    "phase1",
    "phase2",
    "phase3",
    "phase4"
  ],
  "per_class": {
    "benign": {
      "TP": 78307,
      "FP": 208,
      "FN": 21856,
      "precision": 0.9973508246831816,
      "recall": 0.7817956730529237,
      "f1": 0.8765152956715432
    },
    "phase1": {
      "TP": 3650,
      "FP": 1406,
      "FN": 206,
      "precision": 0.7219145569620253,
      "recall": 0.9465767634854771,
      "f1": 0.8191202872531419
    },
    "phase2": {
      "TP": 1699,
      "FP": 1381,
      "FN": 2,
      "precision": 0.5516233766233766,
      "recall": 0.9988242210464433,
      "f1": 0.7107299728090357
    },
    "phase3": {
      "TP": 8,
      "FP": 153,
      "FN": 0,
      "precision": 0.049689440993788817,
      "recall": 1.0,
      "f1": 0.09467455621301774
    },
    "phase4": {
      "TP": 66,
      "FP": 18918,
      "FN": 2,
      "precision": 0.00347661188369153,
      "recall": 0.9705882352941176,
      "f1": 0.006928406466512702
    }
  },
  "confusion_matrix": [
    [
      78307,
      1406,
      1381,
      151,
      18918
    ],
    [
      206,
      3650,
      0,
      0,
      0
    ],
    [
      1,
      0,
      1699,
      1,
      0
    ],
    [
      0,
      0,
      0,
      8,
      0
    ],
    [
      1,
      0,
      0,
      1,
      66
    ]
  ]
}