{
  "accuracy": 0.983865174486748,
  "micro_f1": 0.983865174486748,
  "macro_f1": 0.6576201166645396,
  "false_alarms": 1657,
  "false_alarm_rate": 0.016543034853189302,
  "missed_attacks": 50,
  "detection_rate": 0.9911237351322564,
  "classes": [
    "benign",
    "phase1",
    "phase2",
    "phase3",
    "phase4"
  ],
  "per_class": {
    "benign": {
      "TP": 98506,
      "FP": 50,
      "FN": 1657,
      "precision": 0.9994926742156743,
      "recall": 0.9834569651468107,
      "f1": 0.9914099809278428
    },
    "phase1": {
      "TP": 3810,
      "FP": 864,
      "FN": 46,
      "precision": 0.8151476251604621,
      "recall": 0.9880705394190872,
      "f1": 0.8933177022274327
    },
    "phase2": {
      "TP": 1701,
      "FP": 202,
      "FN": 0,
      "precision": 0.8938518129269575,
      "recall": 1.0,
      "f1": 0.9439511653718091
    },
    "phase3": {
      "TP": 8,
      "FP": 43,
      "FN": 0,
      "precision": 0.1568627450980392,
      "recall": 1.0,
      "f1": 0.2711864406779661
    },
    "phase4": {
      "TP": 64,
      "FP": 548,
      "FN": 4,
      "precision": 0.10457516339869281,
      "recall": 0.9411764705882353,
      "f1": 0.18823529411764706
    }
  },
  "confusion_matrix": [
    [
      98506,
      864,
      202,
      43,
      548
    ],
    [
      46,
      3810,
      0,
      0,
      0
    ],
    [
      0,
      0,
      1701,
      0,
      0
    ],
    [
      0,
      0,
      0,
      8,
      0
    ],
    [
      4,
      0,
      0,
      0,
      64
    ]
  ]
}