{
  "accuracy": 0.9834303754395252,
  "micro_f1": 0.9834303754395252,
  "macro_f1": 0.6542416443555383,
  "false_alarms": 1701,
  "false_alarm_rate": 0.016982318820322875,
  "missed_attacks": 52,
  "detection_rate": 0.9907686845375466,
  "classes": [
    "benign",
    "phase1",
    "phase2",
    "phase3",
    "phase4"
  ],
  "per_class": {
    "benign": {
      "TP": 98462,
      "FP": 52,
      "FN": 1701,
      "precision": 0.9994721562417525,
      "recall": 0.9830176811796771,
      "f1": 0.9911766334301404
    },
    "phase1": {
      "TP": 3811,
      "FP": 918,
      "FN": 45,
      "precision": 0.8058786212729964,
      "recall": 0.9883298755186722,
      "f1": 0.8878276062900408
    },
    "phase2": {
      "TP": 1700,
      "FP": 161,
      "FN": 1,
      "precision": 0.9134873723804406,
      "recall": 0.9994121105232217,
      "f1": 0.9545199326221224
    },
    "phase3": {
      "TP": 8,
      "FP": 45,
      "FN": 0,
      "precision": 0.1509433962264151,
      "recall": 1.0,
      "f1": 0.26229508196721313
    },
    "phase4": {
      "TP": 62,
      "FP": 577,
      "FN": 6,
      "precision": 0.09702660406885759,
      "recall": 0.9117647058823529,
      "f1": 0.1753889674681754
    }
  },
  "confusion_matrix": [
    [
      98462,
      918,
      161,
      45,
      577
    ],
    [
      45,
      3811,
      0,
      0,
      0
    ],
    [
      1,
      0,
      1700,
      0,
      0
    ],
    [
      0,
      0,
      0,
      8,
      0
    ],
    [
      6,
      0,
      0,
      0,
      62
    ]
  ]
}