{
  "accuracy": 0.30371658663843626,
  "micro_f1": 0.30371658663843626,
  "macro_f1": 0.27310319270962125,
  "false_alarms": 73471,
  "false_alarm_rate": 0.7335143715743339,
  "missed_attacks": 120,
  "detection_rate": 0.9786969643174153,
  "classes": [
    "benign",
    "phase1",
    "phase2",
    "phase3",
    "phase4"
  ],
  "per_class": {
    "benign": {
      "TP": 26692,
      "FP": 120,
      "FN": 73471,
      "precision": 0.9955243920632553,
      "recall": 0.26648562842566614,
      "f1": 0.4204292183500689
    },
    "phase1": {
      "TP": 3793,
      "FP": 23664,
      "FN": 63,
      "precision": 0.13814327858105402,
      "recall": 0.983661825726141,
      "f1": 0.24226359658927601
    },
    "phase2": {
      "TP": 1589,
      "FP": 1258,
      "FN": 112,
      "precision": 0.5581313663505444,
      "recall": 0.934156378600823,
      "f1": 0.6987686895338611
    },
    "phase3": {
      "TP": 8,
      "FP": 16035,
      "FN": 0,
      "precision": 0.0004986598516486941,
      "recall": 1.0,
      "f1": 0.0009968226278736527
    },
    "phase4": {
      "TP": 50,
      "FP": 32587,
      "FN": 18,
      "precision": 0.001532003554248246,
      "recall": 0.7352941176470589,
      "f1": 0.003057636447026449
    }
  },
  "confusion_matrix": [
    [
      26692,
      23662,
      1258,
      16024,
      32527
    ],
    [
      63,
      3793,
      0,
      0,
      0
    ],
    [
      51,
      0,
      1589,
      1,
      60
    ],
    [
      0,
      0,
      0,
      8,
      0
    ],
    [
      6,
      2,
      0,
      10,
      50
    ]
  ]
}