{
  "accuracy": 0.37106317819199214,
  "micro_f1": 0.37106317819199214,
  "macro_f1": 0.2907295961184929,
  "false_alarms": 66254,
  "false_alarm_rate": 0.6614618172379022,
  "missed_attacks": 260,
  "detection_rate": 0.953843422687733,
  "classes": [
    "benign",
    "phase1",
    "phase2",
    "phase3",
    "phase4"
  ],
  "per_class": {
    "benign": {
      "TP": 33909,
      "FP": 260,
      "FN": 66254,
      "precision": 0.9923907635576107,
      "recall": 0.3385381827620978,
      "f1": 0.5048536461900366
    },
    "phase1": {
      "TP": 3637,
      "FP": 23577,
      "FN": 219,
      "precision": 0.1336444477107371,
      "recall": 0.9432053941908713,
      "f1": 0.2341165111039588
    },
    "phase2": {
      "TP": 1647,
      "FP": 1300,
      "FN": 54,
      "precision": 0.5588734306073974,
      "recall": 0.9682539682539683,
      "f1": 0.7086919104991394
    },
    "phase3": {
      "TP": 7,
      "FP": 4850,
      "FN": 1,
      "precision": 0.001441218859378217,
      "recall": 0.875,
      "f1": 0.0028776978417266188
    },
    "phase4": {
      "TP": 57,
      "FP": 36552,
      "FN": 11,
      "precision": 0.001556994181758584,
      "recall": 0.8382352941176471,
      "f1": 0.0031082149576028575
    }
  },
  "confusion_matrix": [
    [
      33909,
      23576,
      1300,
      4846,
      36532
    ],
    [
      219,
      3637,
      0,
      0,
      0
    ],
    [
      35,
      0,
      1647,
      0,
      19
    ],
    [
      0,
      0,
      0,
      7,
      1
    ],
    [
      6,
      1,
      0,
      4,
      57
    ]
  ]
}