{
  "accuracy": 0.8519981851865855,
  "micro_f1": 0.8519981851865855,
  "macro_f1": 0.4857694203822942,
  "false_alarms": 15540,
  "false_alarm_rate": 0.15514711021035713,
  "missed_attacks": 113,
  "detection_rate": 0.9799396413988993,
  "classes": [
    "benign",
    "phase1",
    "phase2",
    "phase3",
    "phase4"
  ],
  "per_class": {
    "benign": {
      "TP": 84623,
      "FP": 113,
      "FN": 15540,
      "precision": 0.9986664463746223,
      "recall": 0.8448528897896429,
      "f1": 0.9153429710274257
    },
    "phase1": {
      "TP": 3756,
      "FP": 2243,
      "FN": 100,
      "precision": 0.6261043507251208,
      "recall": 0.9740663900414938,
      "f1": 0.7622526636225265
    },
    "phase2": {
      "TP": 1687,
      "FP": 1348,
      "FN": 14,
      "precision": 0.5558484349258649,
      "recall": 0.9917695473251029,
      "f1": 0.7124155405405405
    },
    "phase3": {
      "TP": 8,
      "FP": 561,
      "FN": 0,
      "precision": 0.014059753954305799,
      "recall": 1.0,
      "f1": 0.027729636048526865
    },
    "phase4": {
      "TP": 64,
      "FP": 11393,
      "FN": 4,
      "precision": 0.005586104564894824,
      "recall": 0.9411764705882353,
      "f1": 0.011106290672451193
    }
  },
  "confusion_matrix": [
    [
      84623,
      2243,
      1348,
      557,
      11392
    ],
    [
      100,
      3756,
      0,
      0,
      0
    ],
    [
      10,
      0,
      1687,
      3,
      1
    ],
    [
      0,
      0,
      0,
      8,
      0
    ],
    [
      3,
      0,
      0,
      1,
      64
    ]
  ]
}