{
  "accuracy": 0.21514045899655942,
  "micro_f1": 0.21514045899655942,
  "macro_f1": 0.13996880116509516,
  "false_alarms": 82594,
  "false_alarm_rate": 0.8245959086688698,
  "missed_attacks": 73,
  "detection_rate": 0.9870406532930943,
  "classes": [
    "benign",
    "phase1",
    "phase2",
    "phase3",
    "phase4"
  ],
  "per_class": {
    "benign": {
      "TP": 17569,
      "FP": 73,
      "FN": 82594,
      "precision": 0.9958621471488494,
      "recall": 0.17540409133113025,
      "f1": 0.29827256907601546
    },
    "phase1": {
      "TP": 3534,
      "FP": 45129,
      "FN": 322,
      "precision": 0.0726219098699217,
      "recall": 0.9164937759336099,
      "f1": 0.1345798663340886
    },
    "phase2": {
      "TP": 1639,
      "FP": 9059,
      "FN": 62,
      "precision": 0.15320620676762012,
      "recall": 0.9635508524397414,
      "f1": 0.26437615936769093
    },
    "phase3": {
      "TP": 7,
      "FP": 14020,
      "FN": 1,
      "precision": 0.000499037570399943,
      "recall": 0.875,
      "f1": 0.0009975062344139652
    },
    "phase4": {
      "TP": 12,
      "FP": 14754,
      "FN": 56,
      "precision": 0.0008126777732629012,
      "recall": 0.17647058823529413,
      "f1": 0.0016179048132668194
    }
  },
  "confusion_matrix": [
    [
      17569,
      45100,
      9058,
      13684,
      14752
    ],
    [
      0,
      3534,
      1,
      321,
      0
    ],
    [
      31,
      24,
      1639,
      5,
      2
    ],
    [
      1,
      0,
      0,
      7,
      0
    ],
    [
      41,
      5,
      0,
      10,
      12
    ]
  ]
}