{
  "accuracy": 0.050871488525086016,
  "micro_f1": 0.050871488525086016,
  "macro_f1": 0.07079990200222135,
  "false_alarms": 100163,
  "false_alarm_rate": 1.0,
  "missed_attacks": 0,
  "detection_rate": 1.0,
  "classes": [
    "benign",
    "phase1",
    "phase2",
    "phase3",
    "phase4"
  ],
  "per_class": {
    "benign": {
      "TP": 0,
      "FP": 0,
      "FN": 100163,
      "precision": 0.0,
      "recall": 0.0,
      "f1": 0.0
    },
    "phase1": {
      "TP": 3629,
      "FP": 38232,
      "FN": 227,
      "precision": 0.08669167005088269,
      "recall": 0.9411307053941909,
      "f1": 0.1587593236651574
    },
    "phase2": {
      "TP": 1697,
      "FP": 14349,
      "FN": 4,
      "precision": 0.1057584444721426,
      "recall": 0.9976484420928865,
      "f1": 0.19124359046599426
    },
    "phase3": {
      "TP": 7,
      "FP": 17135,
      "FN": 1,
      "precision": 0.0004083537510208844,
      "recall": 0.875,
      "f1": 0.0008163265306122449
    },
    "phase4": {
      "TP": 49,
      "FP": 30698,
      "FN": 19,
      "precision": 0.001593651413145998,
      "recall": 0.7205882352941176,
      "f1": 0.0031802693493428523
    }
  },
  "confusion_matrix": [
    [
      0,
      38229,
      14229,
      17016,
      30689
    ],
    [
      0,
      3629,
      118,
      104,
      5
    ],
    [
      0,
      0,
      1697,
      1,
      3
    ],
    [
      0,
      0,
      0,
      7,
      1
    ],
    [
      0,
      3,
      2,
      14,
      49
    ]
  ]
}