{
  "accuracy": 0.5758062686680026,
  "micro_f1": 0.5758062686680026,
  "macro_f1": 0.3540078205779257,
  "false_alarms": 44624,
  "false_alarm_rate": 0.4455138124856484,
  "missed_attacks": 249,
  "detection_rate": 0.9557962009586366,
  "classes": [
    "benign",
    "phase1",
    "phase2",
    "phase3",
    "phase4"
  ],
  "per_class": {
    "benign": {
      "TP": 55539,
      "FP": 249,
      "FN": 44624,
      "precision": 0.9955366745536675,
      "recall": 0.5544861875143516,
      "f1": 0.7122621849170574
    },
    "phase1": {
      "TP": 3639,
      "FP": 10073,
      "FN": 217,
      "precision": 0.2653879813302217,
      "recall": 0.9437240663900415,
      "f1": 0.41427595628415304
    },
    "phase2": {
      "TP": 1675,
      "FP": 2093,
      "FN": 26,
      "precision": 0.4445329087048832,
      "recall": 0.9847148736037625,
      "f1": 0.6125434265862132
    },
    "phase3": {
      "TP": 8,
      "FP": 568,
      "FN": 0,
      "precision": 0.013888888888888888,
      "recall": 1.0,
      "f1": 0.0273972602739726
    },
    "phase4": {
      "TP": 57,
      "FP": 31895,
      "FN": 11,
      "precision": 0.0017839258888332498,
      "recall": 0.8382352941176471,
      "f1": 0.0035602748282323547
    }
  },
  "confusion_matrix": [
    [
      55539,
      10073,
      2091,
      566,
      31894
    ],
    [
      215,
      3639,
      2,
      0,
      0
    ],
    [
      25,
      0,
      1675,
      0,
      1
    ],
    [
      0,
      0,
      0,
      8,
      0
    ],
    [
      9,
      0,
      0,
      2,
      57
    ]
  ]
}