{
  "accuracy": 0.9874569927029377,
  "micro_f1": 0.9874569927029377,
  "macro_f1": 0.7249448864727644,
  "false_alarms": 1291,
  "false_alarm_rate": 0.01288899094476004,
  "missed_attacks": 36,
  "detection_rate": 0.9936090892952246,
  "classes": [
    "benign",
    "phase1",
    "phase2",
    "phase3",
    "phase4"
  ],
  "per_class": {
    "benign": {
      "TP": 98872,
      "FP": 36,
      "FN": 1291,
      "precision": 0.999636025397339,
      "recall": 0.98711100905524,
      "f1": 0.9933340366000072
    },
    "phase1": {
      "TP": 3829,
      "FP": 845,
      "FN": 27,
      "precision": 0.8192126658108686,
      "recall": 0.9929979253112033,
      "f1": 0.8977725674091441
    },
    "phase2": {
      "TP": 1701,
      "FP": 113,
      "FN": 0,
      "precision": 0.9377067254685777,
      "recall": 1.0,
      "f1": 0.9678520625889048
    },
    "phase3": {
      "TP": 8,
      "FP": 16,
      "FN": 0,
      "precision": 0.3333333333333333,
      "recall": 1.0,
      "f1": 0.5
    },
    "phase4": {
      "TP": 59,
      "FP": 317,
      "FN": 9,
      "precision": 0.15691489361702127,
      "recall": 0.8676470588235294,
      "f1": 0.26576576576576577
    }
  },
  "confusion_matrix": [
    [
      98872,
      845,
      113,
      16,
      317
    ],
    [
      27,
      3829,
      0,
      0,
      0
    ],
    [
      0,
      0,
      1701,
      0,
      0
    ],
    [
      0,
      0,
      0,
      8,
      0
    ],
    [
      9,
      0,
      0,
      0,
      59
    ]
  ]
}