{
  "accuracy": 0.5434988090286967,
  "micro_f1": 0.5434988090286967,
  "macro_f1": 0.3607975972714742,
  "false_alarms": 48219,
  "false_alarm_rate": 0.4814053093457664,
  "missed_attacks": 75,
  "detection_rate": 0.9866856026983846,
  "classes": [
    "benign",
    "phase1",
    "phase2",
    "phase3",
    "phase4"
  ],
  "per_class": {
    "benign": {
      "TP": 51944,
      "FP": 75,
      "FN": 48219,
      "precision": 0.9985582191122474,
      "recall": 0.5185946906542336,
      "f1": 0.6826562931227083
    },
    "phase1": {
      "TP": 3827,
      "FP": 13118,
      "FN": 29,
      "precision": 0.22584833284154618,
      "recall": 0.9924792531120332,
      "f1": 0.3679630786981395
    },
    "phase2": {
      "TP": 1658,
      "FP": 1294,
      "FN": 43,
      "precision": 0.5616531165311653,
      "recall": 0.9747207524985303,
      "f1": 0.7126584998925426
    },
    "phase3": {
      "TP": 8,
      "FP": 417,
      "FN": 0,
      "precision": 0.018823529411764704,
      "recall": 1.0,
      "f1": 0.03695150115473441
    },
    "phase4": {
      "TP": 63,
      "FP": 33392,
      "FN": 5,
      "precision": 0.001883126587953968,
      "recall": 0.9264705882352942,
      "f1": 0.003758613489246189
    }
  },
  "confusion_matrix": [
    [
      51944,
      13118,
      1294,
      416,
      33391
    ],
    [
      29,
      3827,
      0,
      0,
      0
    ],
    [
      42,
      0,
      1658,
      0,
      1
    ],
    [
      0,
      0,
      0,
      8,
      0
    ],
    [
      4,
      0,
      0,
      1,
      63
    ]
  ]
}