{
  "accuracy": 0.27915989262353963,
  "micro_f1": 0.27915989262353963,
  "macro_f1": 0.16585289294513694,
  "false_alarms": 75251,
  "false_alarm_rate": 0.751285404790192,
  "missed_attacks": 200,
  "detection_rate": 0.9644949405290254,
  "classes": [
    "benign",
    "phase1",
    "phase2",
    "phase3",
    "phase4"
  ],
  "per_class": {
    "benign": {
      "TP": 24912,
      "FP": 200,
      "FN": 75251,
      "precision": 0.992035680152915,
      "recall": 0.24871459520980801,
      "f1": 0.39771702255038915
    },
    "phase1": {
      "TP": 2944,
      "FP": 28796,
      "FN": 912,
      "precision": 0.0927536231884058,
      "recall": 0.7634854771784232,
      "f1": 0.1654118440274188
    },
    "phase2": {
      "TP": 1661,
      "FP": 9204,
      "FN": 40,
      "precision": 0.1528762080073631,
      "recall": 0.9764844209288653,
      "f1": 0.26436415724972145
    },
    "phase3": {
      "TP": 4,
      "FP": 18843,
      "FN": 4,
      "precision": 0.0002122353690242479,
      "recall": 0.5,
      "f1": 0.0004242906390877751
    },
    "phase4": {
      "TP": 13,
      "FP": 19219,
      "FN": 55,
      "precision": 0.0006759567387687189,
      "recall": 0.19117647058823528,
      "f1": 0.0013471502590673577
    }
  },
  "confusion_matrix": [
    [
      24912,
      28793,
      9202,
      18380,
      18876
    ],
    [
      146,
      2944,
      2,
      450,
      314
    ],
    [
      7,
      2,
      1661,
      3,
      28
    ],
    [
      3,
      0,
      0,
      4,
      1
    ],
    [
      44,
      1,
      0,
      10,
      13
    ]
  ]
}