{
  "accuracy": 0.12829407539037394,
  "micro_f1": 0.12829407539037394,
  "macro_f1": 0.1411975951861854,
  "false_alarms": 91652,
  "false_alarm_rate": 0.915028503539231,
  "missed_attacks": 16,
  "detection_rate": 0.997159595242322,
  "classes": [
    "benign",
    "phase1",
    "phase2",
    "phase3",
    "phase4"
  ],
  "per_class": {
    "benign": {
      "TP": 8511,
      "FP": 16,
      "FN": 91652,
      "precision": 0.9981236073648411,
      "recall": 0.08497149646076894,
      "f1": 0.1566105437482749
    },
    "phase1": {
      "TP": 3410,
      "FP": 17593,
      "FN": 446,
      "precision": 0.16235775841546446,
      "recall": 0.8843360995850622,
      "f1": 0.2743473188784746
    },
    "phase2": {
      "TP": 1638,
      "FP": 8890,
      "FN": 63,
      "precision": 0.15558510638297873,
      "recall": 0.9629629629629629,
      "f1": 0.26788780767029197
    },
    "phase3": {
      "TP": 8,
      "FP": 64057,
      "FN": 0,
      "precision": 0.00012487317568094905,
      "recall": 1.0,
      "f1": 0.00024971516863577485
    },
    "phase4": {
      "TP": 6,
      "FP": 1667,
      "FN": 62,
      "precision": 0.0035863717872086074,
      "recall": 0.08823529411764706,
      "f1": 0.0068925904652498565
    }
  },
  "confusion_matrix": [
    [
      8511,
      17592,
      8890,
      63511,
      1659
    ],
    [
      1,
      3410,
      0,
      445,
      0
    ],
    [
      14,
      0,
      1638,
      41,
      8
    ],
    [
      0,
      0,
      0,
      8,
      0
    ],
    [
      1,
      1,
      0,
      60,
      6
    ]
  ]
}