{
  "accuracy": 0.9412548678588982,
  "micro_f1": 0.9412548678588982,
  "macro_f1": 0.5510796277743104,
  "false_alarms": 6126,
  "false_alarm_rate": 0.06116030869682418,
  "missed_attacks": 88,
  "detection_rate": 0.9843777738327711,
  "classes": [
    "benign",
    "phase1",
    "phase2",
    "phase3",
    "phase4"
  ],
  "per_class": {
    "benign": {
      "TP": 94037,
      "FP": 88,
      "FN": 6126,
      "precision": 0.9990650730411686,
      "recall": 0.9388396913031758,
      "f1": 0.9680165527464383
    },
    "phase1": {
      "TP": 3774,
      "FP": 1359,
      "FN": 82,
      "precision": 0.7352425482174167,
      "recall": 0.9787344398340249,
      "f1": 0.8396929580598509
    },
    "phase2": {
      "TP": 1699,
      "FP": 1198,
      "FN": 2,
      "precision": 0.586468760787021,
      "recall": 0.9988242210464433,
      "f1": 0.7390169638973467
    },
    "phase3": {
      "TP": 8,
      "FP": 76,
      "FN": 0,
      "precision": 0.09523809523809523,
      "recall": 1.0,
      "f1": 0.17391304347826084
    },
    "phase4": {
      "TP": 63,
      "FP": 3494,
      "FN": 5,
      "precision": 0.01771155468091088,
      "recall": 0.9264705882352942,
      "f1": 0.03475862068965517
    }
  },
  "confusion_matrix": [
    [
      94037,
      1359,
      1198,
      75,
      3494
    ],
    [
      82,
      3774,
      0,
      0,
      0
    ],
    [
      2,
      0,
      1699,
      0,
      0
    ],
    [
      0,
      0,
      0,
      8,
      0
    ],
    [
      4,
      0,
      0,
      1,
      63
    ]
  ]
}