{
  "accuracy": 0.39113955158985214,
  "micro_f1": 0.39113955158985214,
  "macro_f1": 0.2975436217171307,
  "false_alarms": 64349,
  "false_alarm_rate": 0.6424428182063237,
  "missed_attacks": 36,
  "detection_rate": 0.9936090892952246,
  "classes": [
    "benign",
    "phase1",
    "phase2",
    "phase3",
    "phase4"
  ],
  "per_class": {
    "benign": {
      "TP": 35814,
      "FP": 36,
      "FN": 64349,
      "precision": 0.9989958158995816,
      "recall": 0.3575571817936763,
      "f1": 0.526626131325682
    },
    "phase1": {
      "TP": 3847,
      "FP": 22922,
      "FN": 9,
      "precision": 0.14371100900295117,
      "recall": 0.9976659751037344,
      "f1": 0.25123265306122444
    },
    "phase2": {
      "TP": 1660,
      "FP": 1349,
      "FN": 41,
      "precision": 0.5516782984380193,
      "recall": 0.975896531452087,
      "f1": 0.7048832271762208
    },
    "phase3": {
      "TP": 7,
      "FP": 8604,
      "FN": 1,
      "precision": 0.0008129137150156776,
      "recall": 0.875,
      "f1": 0.0016243183663998142
    },
    "phase4": {
      "TP": 53,
      "FP": 31504,
      "FN": 15,
      "precision": 0.0016795005862407708,
      "recall": 0.7794117647058824,
      "f1": 0.0033517786561264823
    }
  },
  "confusion_matrix": [
    [
      35814,
      22920,
      1349,
      8596,
      31484
    ],
    [
      9,
      3847,
      0,
      0,
      0
    ],
    [
      22,
      0,
      1660,
      0,
      19
    ],
    [
      0,
      0,
      0,
      7,
      1
    ],
    [
      5,
      2,
      0,
      8,
      53
    ]
  ]
}