{
  "accuracy": 0.8813660251805361,
  "micro_f1": 0.8813660251805361,
  "macro_f1": 0.5039513327704079,
  "false_alarms": 12446,
  "false_alarm_rate": 0.12425746033964638,
  "missed_attacks": 104,
  "detection_rate": 0.9815373690750931,
  "classes": [
    "benign",
    "phase1",
    "phase2",
    "phase3",
    "phase4"
  ],
  "per_class": {
    "benign": {
      "TP": 87717,
      "FP": 104,
      "FN": 12446,
      "precision": 0.9988157729927921,
      "recall": 0.8757425396603536,
      "f1": 0.9332389990637501
    },
    "phase1": {
      "TP": 3758,
      "FP": 1933,
      "FN": 98,
      "precision": 0.6603408891231769,
      "recall": 0.9745850622406639,
      "f1": 0.7872630145595475
    },
    "phase2": {
      "TP": 1699,
      "FP": 1564,
      "FN": 2,
      "precision": 0.5206864848299111,
      "recall": 0.9988242210464433,
      "f1": 0.6845286059629331
    },
    "phase3": {
      "TP": 8,
      "FP": 143,
      "FN": 0,
      "precision": 0.052980132450331126,
      "recall": 1.0,
      "f1": 0.10062893081761005
    },
    "phase4": {
      "TP": 63,
      "FP": 8807,
      "FN": 5,
      "precision": 0.0071025930101465615,
      "recall": 0.9264705882352942,
      "f1": 0.014097113448198702
    }
  },
  "confusion_matrix": [
    [
      87717,
      1933,
      1564,
      142,
      8807
    ],
    [
      98,
      3758,
      0,
      0,
      0
    ],
    [
      2,
      0,
      1699,
      0,
      0
    ],
    [
      0,
      0,
      0,
      8,
      0
    ],
    [
      4,
      0,
      0,
      1,
      63
    ]
  ]
}