{
  "accuracy": 0.3458731899126621,
  "micro_f1": 0.3458731899126621,
  "macro_f1": 0.27928127943138603,
  "false_alarms": 68664,
  "false_alarm_rate": 0.6855225981649911,
  "missed_attacks": 449,
  "detection_rate": 0.920291141487662,
  "classes": [
    "benign",
    "phase1",
    "phase2",
    "phase3",
    "phase4"
  ],
  "per_class": {
    "benign": {
      "TP": 31499,
      "FP": 449,
      "FN": 68664,
      "precision": 0.9859459121071742,
      "recall": 0.31447740183500894,
      "f1": 0.47685658272210485
    },
    "phase1": {
      "TP": 3448,
      "FP": 25819,
      "FN": 408,
      "precision": 0.1178118700242594,
      "recall": 0.8941908713692946,
      "f1": 0.20819370226126863
    },
    "phase2": {
      "TP": 1581,
      "FP": 1195,
      "FN": 120,
      "precision": 0.5695244956772334,
      "recall": 0.9294532627865961,
      "f1": 0.7062765244583425
    },
    "phase3": {
      "TP": 8,
      "FP": 11126,
      "FN": 0,
      "precision": 0.0007185198491108317,
      "recall": 1.0,
      "f1": 0.0014360078980434393
    },
    "phase4": {
      "TP": 56,
      "FP": 30615,
      "FN": 12,
      "precision": 0.0018258289589514526,
      "recall": 0.8235294117647058,
      "f1": 0.00364357981717037
    }
  },
  "confusion_matrix": [
    [
      31499,
      25815,
      1195,
      11118,
      30536
    ],
    [
      408,
      3448,
      0,
      0,
      0
    ],
    [
      36,
      1,
      1581,
      4,
      79
    ],
    [
      0,
      0,
      0,
      8,
      0
    ],
    [
      5,
      3,
      0,
      4,
      56
    ]
  ]
}