{
  "accuracy": 0.4671537676282657,
  "micro_f1": 0.4671537676282657,
  "macro_f1": 0.30666897072111615,
  "false_alarms": 55349,
  "false_alarm_rate": 0.5525892794744567,
  "missed_attacks": 980,
  "detection_rate": 0.8260252085922244,
  "classes": [
    "benign",
    "phase1",
    "phase2",
    "phase3",
    "phase4"
  ],
  "per_class": {
    "benign": {
      "TP": 44814,
      "FP": 980,
      "FN": 55349,
      "precision": 0.9785998165698563,
      "recall": 0.44741072052554337,
      "f1": 0.6140712675651048
    },
    "phase1": {
      "TP": 3274,
      "FP": 19212,
      "FN": 582,
      "precision": 0.14560170772925377,
      "recall": 0.8490663900414938,
      "f1": 0.24857641788778378
    },
    "phase2": {
      "TP": 1269,
      "FP": 880,
      "FN": 432,
      "precision": 0.5905072126570498,
      "recall": 0.746031746031746,
      "f1": 0.6592207792207792
    },
    "phase3": {
      "TP": 8,
      "FP": 1982,
      "FN": 0,
      "precision": 0.004020100502512563,
      "recall": 1.0,
      "f1": 0.008008008008008008
    },
    "phase4": {
      "TP": 58,
      "FP": 33319,
      "FN": 10,
      "precision": 0.0017377235821074393,
      "recall": 0.8529411764705882,
      "f1": 0.003468380923904919
    }
  },
  "confusion_matrix": [
    [
      44814,
      19209,
      880,
      1980,
      33280
    ],
    [
      582,
      3274,
      0,
      0,
      0
    ],
    [
      393,
      0,
      1269,
      0,
      39
    ],
    [
      0,
      0,
      0,
      8,
      0
    ],
    [
      5,
      3,
      0,
      2,
      58
    ]
  ]
}