{
  "accuracy": 0.9500075617225604,
  "micro_f1": 0.9500075617225604,
  "macro_f1": 0.5602868755155177,
  "false_alarms": 5247,
  "false_alarm_rate": 0.052384613080678495,
  "missed_attacks": 41,
  "detection_rate": 0.9927214628084502,
  "classes": [
    "benign",
    "phase1",
    "phase2",
    "phase3",
    "phase4"
  ],
  "per_class": {
    "benign": {
      "TP": 94916,
      "FP": 41,
      "FN": 5247,
      "precision": 0.9995682256179113,
      "recall": 0.9476153869193215,
      "f1": 0.9728987289872898
    },
    "phase1": {
      "TP": 3822,
      "FP": 3001,
      "FN": 34,
      "precision": 0.5601641506668621,
      "recall": 0.9911825726141079,
      "f1": 0.7157973593033056
    },
    "phase2": {
      "TP": 1696,
      "FP": 388,
      "FN": 5,
      "precision": 0.8138195777351248,
      "recall": 0.9970605526161082,
      "f1": 0.8961690885072655
    },
    "phase3": {
      "TP": 8,
      "FP": 92,
      "FN": 0,
      "precision": 0.08,
      "recall": 1.0,
      "f1": 0.14814814814814814
    },
    "phase4": {
      "TP": 65,
      "FP": 1767,
      "FN": 3,
      "precision": 0.035480349344978165,
      "recall": 0.9558823529411765,
      "f1": 0.06842105263157895
    }
  },
  "confusion_matrix": [
    [
      94916,
      3001,
      388,
      91,
      1767
    ],
    [
      34,
      3822,
      0,
      0,
      0
    ],
    [
      5,
      0,
      1696,
      0,
      0
    ],
    [
      0,
      0,
      0,
      8,
      0
    ],
    [
      2,
      0,
      0,
      1,
      65
    ]
  ]
}