{
  "accuracy": 0.5134787704639117,
  "micro_f1": 0.5134787704639117,
  "macro_f1": 0.3406981570744493,
  "false_alarms": 51008,
  "false_alarm_rate": 0.5092499226261195,
  "missed_attacks": 391,
  "detection_rate": 0.9305876087342446,
  "classes": [
    "benign",
    "phase1",
    "phase2",
    "phase3",
    "phase4"
  ],
  "per_class": {
    "benign": {
      "TP": 49155,
      "FP": 391,
      "FN": 51008,
      "precision": 0.992108343761353,
      "recall": 0.4907500773738806,
      "f1": 0.6566739474580687
    },
    "phase1": {
      "TP": 3472,
      "FP": 13846,
      "FN": 384,
      "precision": 0.20048504446240906,
      "recall": 0.9004149377593361,
      "f1": 0.3279493718711628
    },
    "phase2": {
      "TP": 1635,
      "FP": 1259,
      "FN": 66,
      "precision": 0.56496199032481,
      "recall": 0.9611992945326279,
      "f1": 0.7116430903155605
    },
    "phase3": {
      "TP": 8,
      "FP": 4146,
      "FN": 0,
      "precision": 0.0019258545979778526,
      "recall": 1.0,
      "f1": 0.0038443056222969723
    },
    "phase4": {
      "TP": 54,
      "FP": 31830,
      "FN": 14,
      "precision": 0.0016936394429808055,
      "recall": 0.7941176470588235,
      "f1": 0.003380070105157737
    }
  },
  "confusion_matrix": [
    [
      49155,
      13846,
      1259,
      4077,
      31826
    ],
    [
      324,
      3472,
      0,
      59,
      1
    ],
    [
      62,
      0,
      1635,
      1,
      3
    ],
    [
      0,
      0,
      0,
      8,
      0
    ],
    [
      5,
      0,
      0,
      9,
      54
    ]
  ]
}