{
  "accuracy": 0.2686585504177852,
  "micro_f1": 0.2686585504177852,
  "macro_f1": 0.1763734309602014,
  "false_alarms": 76662,
  "false_alarm_rate": 0.7653724429180436,
  "missed_attacks": 571,
  "detection_rate": 0.8986330552103675,
  "classes": [
    "benign",
    "phase1",
    "phase2",
    "phase3",
    "phase4"
  ],
  "per_class": {
    "benign": {
      "TP": 23501,
      "FP": 571,
      "FN": 76662,
      "precision": 0.976279494848787,
      "recall": 0.2346275570819564,
      "f1": 0.3783313880951422
    },
    "phase1": {
      "TP": 3230,
      "FP": 20067,
      "FN": 626,
      "precision": 0.13864446066017083,
      "recall": 0.8376556016597511,
      "f1": 0.2379110963797739
    },
    "phase2": {
      "TP": 1632,
      "FP": 9165,
      "FN": 69,
      "precision": 0.15115309808280078,
      "recall": 0.9594356261022927,
      "f1": 0.2611617858857417
    },
    "phase3": {
      "TP": 7,
      "FP": 7714,
      "FN": 1,
      "precision": 0.0009066183136899365,
      "recall": 0.875,
      "f1": 0.0018113598136887048
    },
    "phase4": {
      "TP": 53,
      "FP": 39856,
      "FN": 15,
      "precision": 0.0013280212483399733,
      "recall": 0.7794117647058824,
      "f1": 0.0026515246266603297
    }
  },
  "confusion_matrix": [
    [
      23501,
      20064,
      9163,
      7638,
      39797
    ],
    [
      557,
      3230,
      2,
      67,
      0
    ],
    [
      11,
      0,
      1632,
      0,
      58
    ],
    [
      0,
      0,
      0,
      7,
      1
    ],
    [
      3,
      3,
      0,
      9,
      53
    ]
  ]
}