{
  "accuracy": 0.8928125827063405,
  "micro_f1": 0.8928125827063405,
  "macro_f1": 0.4964054257011238,
  "false_alarms": 11282,
  "false_alarm_rate": 0.11263640266365824,
  "missed_attacks": 55,
  "detection_rate": 0.990236108645482,
  "classes": [
    "benign",
    "phase1",
    "phase2",
    "phase3",
    "phase4"
  ],
  "per_class": {
    "benign": {
      "TP": 88881,
      "FP": 55,
      "FN": 11282,
      "precision": 0.9993815777637852,
      "recall": 0.8873635973363417,
      "f1": 0.9400472768232513
    },
    "phase1": {
      "TP": 3822,
      "FP": 4588,
      "FN": 34,
      "precision": 0.4544589774078478,
      "recall": 0.9911825726141079,
      "f1": 0.623186042719713
    },
    "phase2": {
      "TP": 1690,
      "FP": 1451,
      "FN": 11,
      "precision": 0.5380452085323145,
      "recall": 0.993533215755438,
      "f1": 0.698058653448988
    },
    "phase3": {
      "TP": 8,
      "FP": 64,
      "FN": 0,
      "precision": 0.1111111111111111,
      "recall": 1.0,
      "f1": 0.19999999999999998
    },
    "phase4": {
      "TP": 55,
      "FP": 5182,
      "FN": 13,
      "precision": 0.010502195913691045,
      "recall": 0.8088235294117647,
      "f1": 0.020735155513666354
    }
  },
  "confusion_matrix": [
    [
      88881,
      4588,
      1450,
      62,
      5182
    ],
    [
      33,
      3822,
      1,
      0,
      0
    ],
    [
      10,
      0,
      1690,
      1,
      0
    ],
    [
      0,
      0,
      0,
      8,
      0
    ],
    [
      12,
      0,
      0,
      1,
      55
    ]
  ]
}