{
  "accuracy": 0.22686112896517827,
  "micro_f1": 0.22686112896517827,
  "macro_f1": 0.1466708034364237,
  "false_alarms": 80844,
  "false_alarm_rate": 0.8071243872487844,
  "missed_attacks": 44,
  "detection_rate": 0.9921888869163856,
  "classes": [
    "benign",
    "phase1",
    "phase2",
    "phase3",
    "phase4"
  ],
  "per_class": {
    "benign": {
      "TP": 19319,
      "FP": 44,
      "FN": 80844,
      "precision": 0.9977276248515209,
      "recall": 0.1928756127512155,
      "f1": 0.3232602111674447
    },
    "phase1": {
      "TP": 2975,
      "FP": 35416,
      "FN": 881,
      "precision": 0.07749212054908702,
      "recall": 0.7715248962655602,
      "f1": 0.14083840272682083
    },
    "phase2": {
      "TP": 1676,
      "FP": 9225,
      "FN": 25,
      "precision": 0.1537473626272819,
      "recall": 0.9853027630805409,
      "f1": 0.26598952547214727
    },
    "phase3": {
      "TP": 5,
      "FP": 6304,
      "FN": 3,
      "precision": 0.0007925186241876684,
      "recall": 0.625,
      "f1": 0.001583029919265474
    },
    "phase4": {
      "TP": 26,
      "FP": 30806,
      "FN": 42,
      "precision": 0.0008432797093928386,
      "recall": 0.38235294117647056,
      "f1": 0.0016828478964401293
    }
  },
  "confusion_matrix": [
    [
      19319,
      35412,
      9223,
      5876,
      30333
    ],
    [
      0,
      2975,
      2,
      424,
      455
    ],
    [
      7,
      1,
      1676,
      0,
      17
    ],
    [
      2,
      0,
      0,
      5,
      1
    ],
    [
      35,
      3,
      0,
      4,
      26
    ]
  ]
}