{
  "accuracy": 0.39515671670006425,
  "micro_f1": 0.39515671670006425,
  "macro_f1": 0.30947674722726126,
  "false_alarms": 63764,
  "false_alarm_rate": 0.6366023381887523,
  "missed_attacks": 193,
  "detection_rate": 0.9657376176105095,
  "classes": [
    "benign",
    "phase1",
    "phase2",
    "phase3",
    "phase4"
  ],
  "per_class": {
    "benign": {
      "TP": 36399,
      "FP": 193,
      "FN": 63764,
      "precision": 0.9947256230870135,
      "recall": 0.36339766181124766,
      "f1": 0.5323242294614456
    },
    "phase1": {
      "TP": 3707,
      "FP": 17168,
      "FN": 149,
      "precision": 0.1775808383233533,
      "recall": 0.9613589211618258,
      "f1": 0.29978569406817357
    },
    "phase2": {
      "TP": 1637,
      "FP": 1270,
      "FN": 64,
      "precision": 0.56312349501204,
      "recall": 0.9623750734861846,
      "f1": 0.7105034722222222
    },
    "phase3": {
      "TP": 8,
      "FP": 9177,
      "FN": 0,
      "precision": 0.0008709853021230267,
      "recall": 1.0,
      "f1": 0.0017404546937887526
    },
    "phase4": {
      "TP": 55,
      "FP": 36182,
      "FN": 13,
      "precision": 0.001517785688660761,
      "recall": 0.8088235294117647,
      "f1": 0.003029885690676215
    }
  },
  "confusion_matrix": [
    [
      36399,
      17168,
      1270,
      9169,
      36157
    ],
    [
      148,
      3707,
      0,
      1,
      0
    ],
    [
      39,
      0,
      1637,
      0,
      25
    ],
    [
      0,
      0,
      0,
      8,
      0
    ],
    [
      6,
      0,
      0,
      7,
      55
    ]
  ]
}