{
  "accuracy": 0.459393549850656,
  "micro_f1": 0.459393549850656,
  "macro_f1": 0.19947889235259914,
  "false_alarms": 56245,
  "false_alarm_rate": 0.5615346984415402,
  "missed_attacks": 698,
  "detection_rate": 0.8760873424462986,
  "classes": [
    "benign",
    "phase1",
    "phase2",
    "phase3",
    "phase4"
  ],
  "per_class": {
    "benign": {
      "TP": 43918,
      "FP": 698,
      "FN": 56245,
      "precision": 0.984355388201542,
      "recall": 0.4384653015584597,
      "f1": 0.6066901967826825
    },
    "phase1": {
      "TP": 3033,
      "FP": 40628,
      "FN": 823,
      "precision": 0.06946703007260484,
      "recall": 0.7865663900414938,
      "f1": 0.1276595744680851
    },
    "phase2": {
      "TP": 1651,
      "FP": 9201,
      "FN": 50,
      "precision": 0.15213785477331368,
      "recall": 0.9706055261610818,
      "f1": 0.2630446905122282
    },
    "phase3": {
      "TP": 0,
      "FP": 6667,
      "FN": 8,
      "precision": 0.0,
      "recall": 0.0,
      "f1": 0.0
    },
    "phase4": {
      "TP": 0,
      "FP": 0,
      "FN": 68,
      "precision": 0.0,
      "recall": 0.0,
      "f1": 0.0
    }
  },
  "confusion_matrix": [
    [
      43918,
      40617,
      9199,
      6429,
      0
    ],
    [
      586,
      3033,
      2,
      235,
      0
    ],
    [
      47,
      3,
      1651,
      0,
      0
    ],
    [
      8,
      0,
      0,
      0,
      0
    ],
    [
      57,
      8,
      0,
      3,
      0
    ]
  ]
}