{
  "accuracy": 0.5113709403002004,
  "micro_f1": 0.5113709403002004,
  "macro_f1": 0.33474968121459814,
  "false_alarms": 51625,
  "false_alarm_rate": 0.5154098818925152,
  "missed_attacks": 64,
  "detection_rate": 0.9886383809692881,
  "classes": [
    "benign",
    "phase1",
    "phase2",
    "phase3",
    "phase4"
  ],
  "per_class": {
    "benign": {
      "TP": 48538,
      "FP": 64,
      "FN": 51625,
      "precision": 0.9986831817620674,
      "recall": 0.4845901181074848,
      "f1": 0.6525459617517562
    },
    "phase1": {
      "TP": 3821,
      "FP": 16347,
      "FN": 35,
      "precision": 0.18945854819516064,
      "recall": 0.9909232365145229,
      "f1": 0.31809856809856807
    },
    "phase2": {
      "TP": 1675,
      "FP": 1530,
      "FN": 26,
      "precision": 0.5226209048361935,
      "recall": 0.9847148736037625,
      "f1": 0.6828373420301673
    },
    "phase3": {
      "TP": 8,
      "FP": 943,
      "FN": 0,
      "precision": 0.008412197686645636,
      "recall": 1.0,
      "f1": 0.016684045881126174
    },
    "phase4": {
      "TP": 59,
      "FP": 32811,
      "FN": 9,
      "precision": 0.001794949802251293,
      "recall": 0.8676470588235294,
      "f1": 0.0035824883113728828
    }
  },
  "confusion_matrix": [
    [
      48538,
      16347,
      1530,
      941,
      32807
    ],
    [
      35,
      3821,
      0,
      0,
      0
    ],
    [
      22,
      0,
      1675,
      0,
      4
    ],
    [
      0,
      0,
      0,
      8,
      0
    ],
    [
      7,
      0,
      0,
      2,
      59
    ]
  ]
}