{
  "accuracy": 0.9763601648455518,
  "micro_f1": 0.9763601648455518,
  "macro_f1": 0.6362979208726408,
  "false_alarms": 2470,
  "false_alarm_rate": 0.024659804518634625,
  "missed_attacks": 31,
  "detection_rate": 0.9944967157819989,
  "classes": [
    "benign",
    "phase1",
    "phase2",
    "phase3",
    "phase4"
  ],
  "per_class": {
    "benign": {
      "TP": 97693,
      "FP": 31,
      "FN": 2470,
      "precision": 0.9996827800744955,
      "recall": 0.9753401954813654,
      "f1": 0.9873614739725196
    },
    "phase1": {
      "TP": 3827,
      "FP": 1575,
      "FN": 29,
      "precision": 0.7084413180303591,
      "recall": 0.9924792531120332,
      "f1": 0.8267444372434651
    },
    "phase2": {
      "TP": 1701,
      "FP": 197,
      "FN": 0,
      "precision": 0.8962065331928346,
      "recall": 1.0,
      "f1": 0.945262572936927
    },
    "phase3": {
      "TP": 8,
      "FP": 47,
      "FN": 0,
      "precision": 0.14545454545454545,
      "recall": 1.0,
      "f1": 0.25396825396825395
    },
    "phase4": {
      "TP": 66,
      "FP": 651,
      "FN": 2,
      "precision": 0.09205020920502092,
      "recall": 0.9705882352941176,
      "f1": 0.1681528662420382
    }
  },
  "confusion_matrix": [
    [
      97693,
      1575,
      197,
      47,
      651
    ],
    [
      29,
      3827,
      0,
      0,
      0
    ],
    [
      0,
      0,
      1701,
      0,
      0
    ],
    [
      0,
      0,
      0,
      8,
      0
    ],
    [
      2,
      0,
      0,
      0,
      66
    ]
  ]
}