{
  "accuracy": 0.9852924496200235,
  "micro_f1": 0.9852924496200235,
  "macro_f1": 0.6754784933531282,
  "false_alarms": 1507,
  "false_alarm_rate": 0.015045475874324851,
  "missed_attacks": 49,
  "detection_rate": 0.9913012604296112,
  "classes": [
    "benign",
    "phase1",
    "phase2",
    "phase3",
    "phase4"
  ],
  "per_class": {
    "benign": {
      "TP": 98656,
      "FP": 49,
      "FN": 1507,
      "precision": 0.9995035712476572,
      "recall": 0.9849545241256752,
      "f1": 0.9921757145443209
    },
    "phase1": {
      "TP": 3812,
      "FP": 844,
      "FN": 44,
      "precision": 0.8187285223367697,
      "recall": 0.9885892116182573,
      "f1": 0.8956766917293233
    },
    "phase2": {
      "TP": 1700,
      "FP": 178,
      "FN": 1,
      "precision": 0.9052183173588925,
      "recall": 0.9994121105232217,
      "f1": 0.9499860296172115
    },
    "phase3": {
      "TP": 8,
      "FP": 34,
      "FN": 0,
      "precision": 0.19047619047619047,
      "recall": 1.0,
      "f1": 0.32
    },
    "phase4": {
      "TP": 64,
      "FP": 451,
      "FN": 4,
      "precision": 0.12427184466019417,
      "recall": 0.9411764705882353,
      "f1": 0.21955403087478556
    }
  },
  "confusion_matrix": [
    [
      98656,
      844,
      178,
      34,
      451
    ],
    [
      44,
      3812,
      0,
      0,
      0
    ],
    [
      1,
      0,
      1700,
      0,
      0
    ],
    [
      0,
      0,
      0,
      8,
      0
    ],
    [
      4,
      0,
      0,
      0,
      64
    ]
  ]
}