{
  "accuracy": 0.9905572989527014,
  "micro_f1": 0.9905572989527014,
  "macro_f1": 0.7197673934131374,
  "false_alarms": 922,
  "false_alarm_rate": 0.009204995856753492,
  "missed_attacks": 77,
  "detection_rate": 0.9863305521036748,
  "classes": [
    "benign",
    "phase1",
    "phase2",
    "phase3",
    "phase4"
  ],
  "per_class": {
    "benign": {
      "TP": 99241,
      "FP": 77,
      "FN": 922,
      "precision": 0.9992247125395195,
      "recall": 0.9907950041432465,
      "f1": 0.9949920042510314
    },
    "phase1": {
      "TP": 3784,
      "FP": 561,
      "FN": 72,
      "precision": 0.8708860759493671,
      "recall": 0.9813278008298755,
      "f1": 0.9228142909401293
    },
    "phase2": {
      "TP": 1701,
      "FP": 133,
      "FN": 0,
      "precision": 0.9274809160305344,
      "recall": 1.0,
      "f1": 0.9623762376237625
    },
    "phase3": {
      "TP": 8,
      "FP": 32,
      "FN": 0,
      "precision": 0.2,
      "recall": 1.0,
      "f1": 0.33333333333333337
    },
    "phase4": {
      "TP": 63,
      "FP": 196,
      "FN": 5,
      "precision": 0.24324324324324326,
      "recall": 0.9264705882352942,
      "f1": 0.38532110091743127
    }
  },
  "confusion_matrix": [
    [
      99241,
      561,
      133,
      32,
      196
    ],
    [
      72,
      3784,
      0,
      0,
      0
    ],
    [
      0,
      0,
      1701,
      0,
      0
    ],
    [
      0,
      0,
      0,
      8,
      0
    ],
    [
      5,
      0,
      0,
      0,
      63
    ]
  ]
}