{
  "accuracy": 0.048395024386555255,
  "micro_f1": 0.048395024386555255,
  "macro_f1": 0.07616089460087418,
  "false_alarms": 100019,
  "false_alarm_rate": 0.9985623433802902,
  "missed_attacks": 20,
  "detection_rate": 0.9964494940529025,
  "classes": [
    "benign",
    "phase1",
    "phase2",
    "phase3",
    "phase4"
  ],
  "per_class": {
    "benign": {
      "TP": 144,
      "FP": 20,
      "FN": 100019,
      "precision": 0.8780487804878049,
      "recall": 0.0014376566197098729,
      "f1": 0.002870613095178765
    },
    "phase1": {
      "TP": 3244,
      "FP": 47182,
      "FN": 612,
      "precision": 0.0643318922777932,
      "recall": 0.8412863070539419,
      "f1": 0.11952396742935044
    },
    "phase2": {
      "TP": 1680,
      "FP": 9826,
      "FN": 21,
      "precision": 0.14601077698592038,
      "recall": 0.9876543209876543,
      "f1": 0.25441053986522294
    },
    "phase3": {
      "TP": 7,
      "FP": 12800,
      "FN": 1,
      "precision": 0.0005465760912001249,
      "recall": 0.875,
      "f1": 0.001092469761997659
    },
    "phase4": {
      "TP": 45,
      "FP": 30848,
      "FN": 23,
      "precision": 0.0014566406629333505,
      "recall": 0.6617647058823529,
      "f1": 0.0029068828526210393
    }
  },
  "confusion_matrix": [
    [
      144,
      47163,
      9812,
      12515,
      30529
    ],
    [
      20,
      3244,
      13,
      280,
      299
    ],
    [
      0,
      2,
      1680,
      0,
      19
    ],
    [
      0,
      0,
      0,
      7,
      1
    ],
    [
      0,
      17,
      1,
      5,
      45
    ]
  ]
}