{
  "accuracy": 0.9851034065560135,
  "micro_f1": 0.9851034065560135,
  "macro_f1": 0.6525388918709959,
  "false_alarms": 1529,
  "false_alarm_rate": 0.015265117857891636,
  "missed_attacks": 47,
  "detection_rate": 0.991656311024321,
  "classes": [
    "benign",
    "phase1",
    "phase2",
    "phase3",
    "phase4"
  ],
  "per_class": {
    "benign": {
      "TP": 98634,
      "FP": 47,
      "FN": 1529,
      "precision": 0.999523717838287,
      "recall": 0.9847348821421084,
      "f1": 0.9920741888113295
    },
    "phase1": {
      "TP": 3817,
      "FP": 875,
      "FN": 39,
      "precision": 0.8135123614663257,
      "recall": 0.9898858921161826,
      "f1": 0.8930744033692091
    },
    "phase2": {
      "TP": 1701,
      "FP": 183,
      "FN": 0,
      "precision": 0.9028662420382165,
      "recall": 1.0,
      "f1": 0.9489539748953975
    },
    "phase3": {
      "TP": 8,
      "FP": 62,
      "FN": 0,
      "precision": 0.11428571428571428,
      "recall": 1.0,
      "f1": 0.20512820512820512
    },
    "phase4": {
      "TP": 60,
      "FP": 409,
      "FN": 8,
      "precision": 0.1279317697228145,
      "recall": 0.8823529411764706,
      "f1": 0.22346368715083795
    }
  },
  "confusion_matrix": [
    [
      98634,
      875,
      183,
      62,
      409
    ],
    [
      39,
      3817,
      0,
      0,
      0
    ],
    [
      0,
      0,
      1701,
      0,
      0
    ],
    [
      0,
      0,
      0,
      8,
      0
    ],
    [
      8,
      0,
      0,
      0,
      60
    ]
  ]
}