{
  "accuracy": 0.9392699156867934,
  "micro_f1": 0.9392699156867934,
  "macro_f1": 0.5630911984413912,
  "false_alarms": 6372,
  "false_alarm_rate": 0.06361630542216187,
  "missed_attacks": 53,
  "detection_rate": 0.9905911592401917,
  "classes": [
    "benign",
    "phase1",
    "phase2",
    "phase3",
    "phase4"
  ],
  "per_class": {
    "benign": {
      "TP": 93791,
      "FP": 53,
      "FN": 6372,
      "precision": 0.9994352329397724,
      "recall": 0.9363836945778381,
      "f1": 0.9668826382553207
    },
    "phase1": {
      "TP": 3808,
      "FP": 2004,
      "FN": 48,
      "precision": 0.6551961459050241,
      "recall": 0.9875518672199171,
      "f1": 0.7877534133223003
    },
    "phase2": {
      "TP": 1698,
      "FP": 285,
      "FN": 3,
      "precision": 0.8562783661119516,
      "recall": 0.9982363315696648,
      "f1": 0.9218241042345277
    },
    "phase3": {
      "TP": 8,
      "FP": 134,
      "FN": 0,
      "precision": 0.056338028169014086,
      "recall": 1.0,
      "f1": 0.10666666666666667
    },
    "phase4": {
      "TP": 66,
      "FP": 3949,
      "FN": 2,
      "precision": 0.01643835616438356,
      "recall": 0.9705882352941176,
      "f1": 0.032329169728141066
    }
  },
  "confusion_matrix": [
    [
      93791,
      2004,
      285,
      134,
      3949
    ],
    [
      48,
      3808,
      0,
      0,
      0
    ],
    [
      3,
      0,
      1698,
      0,
      0
    ],
    [
      0,
      0,
      0,
      8,
      0
    ],
    [
      2,
      0,
      0,
      0,
      66
    ]
  ]
}