{
  "accuracy": 0.2815134787704639,
  "micro_f1": 0.2815134787704639,
  "macro_f1": 0.2693449452190012,
  "false_alarms": 75795,
  "false_alarm_rate": 0.756716552020207,
  "missed_attacks": 93,
  "detection_rate": 0.9834901473459968,
  "classes": [
    "benign",
    "phase1",
    "phase2",
    "phase3",
    "phase4"
  ],
  "per_class": {
    "benign": {
      "TP": 24368,
      "FP": 93,
      "FN": 75795,
      "precision": 0.996198029516373,
      "recall": 0.24328344797979293,
      "f1": 0.3910643214790088
    },
    "phase1": {
      "TP": 3826,
      "FP": 23228,
      "FN": 30,
      "precision": 0.1414208619797442,
      "recall": 0.9922199170124482,
      "f1": 0.24755742478162407
    },
    "phase2": {
      "TP": 1526,
      "FP": 1108,
      "FN": 175,
      "precision": 0.5793470007593015,
      "recall": 0.897119341563786,
      "f1": 0.7040369088811995
    },
    "phase3": {
      "TP": 8,
      "FP": 15301,
      "FN": 0,
      "precision": 0.0005225684238029917,
      "recall": 1.0,
      "f1": 0.001044590977345433
    },
    "phase4": {
      "TP": 55,
      "FP": 36283,
      "FN": 13,
      "precision": 0.0015135670647806704,
      "recall": 0.8088235294117647,
      "f1": 0.00302147997582816
    }
  },
  "confusion_matrix": [
    [
      24368,
      23228,
      1108,
      15256,
      36203
    ],
    [
      0,
      3826,
      0,
      30,
      0
    ],
    [
      88,
      0,
      1526,
      7,
      80
    ],
    [
      0,
      0,
      0,
      8,
      0
    ],
    [
      5,
      0,
      0,
      8,
      55
    ]
  ]
}