{
  "accuracy": 0.9455555975651253,
  "micro_f1": 0.9455555975651253,
  "macro_f1": 0.564689321774479,
  "false_alarms": 5721,
  "false_alarm_rate": 0.05711689945389016,
  "missed_attacks": 38,
  "detection_rate": 0.9932540387005149,
  "classes": [
    "benign",
    "phase1",
    "phase2",
    "phase3",
    "phase4"
  ],
  "per_class": {
    "benign": {
      "TP": 94442,
      "FP": 38,
      "FN": 5721,
      "precision": 0.9995977984758679,
      "recall": 0.9428831005461098,
      "f1": 0.9704124987798174
    },
    "phase1": {
      "TP": 3828,
      "FP": 2690,
      "FN": 28,
      "precision": 0.5872967167842896,
      "recall": 0.9927385892116183,
      "f1": 0.7379988432620012
    },
    "phase2": {
      "TP": 1692,
      "FP": 196,
      "FN": 9,
      "precision": 0.8961864406779662,
      "recall": 0.9947089947089947,
      "f1": 0.9428810253552522
    },
    "phase3": {
      "TP": 8,
      "FP": 111,
      "FN": 0,
      "precision": 0.06722689075630252,
      "recall": 1.0,
      "f1": 0.12598425196850394
    },
    "phase4": {
      "TP": 66,
      "FP": 2725,
      "FN": 2,
      "precision": 0.023647438194195628,
      "recall": 0.9705882352941176,
      "f1": 0.04616998950682056
    }
  },
  "confusion_matrix": [
    [
      94442,
      2690,
      196,
      110,
      2725
    ],
    [
      28,
      3828,
      0,
      0,
      0
    ],
    [
      9,
      0,
      1692,
      0,
      0
    ],
    [
      0,
      0,
      0,
      8,
      0
    ],
    [
      1,
      0,
      0,
      1,
      66
    ]
  ]
}