{
  "accuracy": 0.4285700782638285,
  "micro_f1": 0.4285700782638285,
  "macro_f1": 0.30127313754412766,
  "false_alarms": 59801,
  "false_alarm_rate": 0.5970368299671536,
  "missed_attacks": 622,
  "detection_rate": 0.889579265045269,
  "classes": [
    "benign",
    "phase1",
    "phase2",
    "phase3",
    "phase4"
  ],
  "per_class": {
    "benign": {
      "TP": 40362,
      "FP": 622,
      "FN": 59801,
      "precision": 0.9848233456958814,
      "recall": 0.4029631700328465,
      "f1": 0.5719143871283131
    },
    "phase1": {
      "TP": 3281,
      "FP": 22688,
      "FN": 575,
      "precision": 0.12634294736031423,
      "recall": 0.8508817427385892,
      "f1": 0.2200167644593462
    },
    "phase2": {
      "TP": 1635,
      "FP": 1301,
      "FN": 66,
      "precision": 0.5568801089918256,
      "recall": 0.9611992945326279,
      "f1": 0.7051973258572353
    },
    "phase3": {
      "TP": 8,
      "FP": 2681,
      "FN": 0,
      "precision": 0.0029750836742283376,
      "recall": 1.0,
      "f1": 0.005932517612161661
    },
    "phase4": {
      "TP": 55,
      "FP": 33163,
      "FN": 13,
      "precision": 0.0016557288217231621,
      "recall": 0.8088235294117647,
      "f1": 0.003304692663582287
    }
  },
  "confusion_matrix": [
    [
      40362,
      22685,
      1301,
      2668,
      33147
    ],
    [
      575,
      3281,
      0,
      0,
      0
    ],
    [
      41,
      0,
      1635,
      9,
      16
    ],
    [
      0,
      0,
      0,
      8,
      0
    ],
    [
      6,
      3,
      0,
      4,
      55
    ]
  ]
}