{
  "accuracy": 0.9873719233241333,
  "micro_f1": 0.9873719233241333,
  "macro_f1": 0.7082866840259167,
  "false_alarms": 1295,
  "false_alarm_rate": 0.012928925850863093,
  "missed_attacks": 41,
  "detection_rate": 0.9927214628084502,
  "classes": [
    "benign",
    "phase1",
    "phase2",
    "phase3",
    "phase4"
  ],
  "per_class": {
    "benign": {
      "TP": 98868,
      "FP": 41,
      "FN": 1295,
      "precision": 0.9995854775601816,
      "recall": 0.9870710741491369,
      "f1": 0.9932888603118469
    },
    "phase1": {
      "TP": 3824,
      "FP": 909,
      "FN": 32,
      "precision": 0.807944221424044,
      "recall": 0.991701244813278,
      "f1": 0.890441262079404
    },
    "phase2": {
      "TP": 1699,
      "FP": 114,
      "FN": 2,
      "precision": 0.9371207942636514,
      "recall": 0.9988242210464433,
      "f1": 0.966989186112692
    },
    "phase3": {
      "TP": 8,
      "FP": 28,
      "FN": 0,
      "precision": 0.2222222222222222,
      "recall": 1.0,
      "f1": 0.3636363636363636
    },
    "phase4": {
      "TP": 61,
      "FP": 244,
      "FN": 7,
      "precision": 0.2,
      "recall": 0.8970588235294118,
      "f1": 0.32707774798927614
    }
  },
  "confusion_matrix": [
    [
      98868,
      909,
      114,
      28,
      244
    ],
    [
      32,
      3824,
      0,
      0,
      0
    ],
    [
      2,
      0,
      1699,
      0,
      0
    ],
    [
      0,
      0,
      0,
      8,
      0
    ],
    [
      7,
      0,
      0,
      0,
      61
    ]
  ]
}