{
  "accuracy": 0.20849559529660858,
  "micro_f1": 0.20849559529660858,
  "macro_f1": 0.15589631809890803,
  "false_alarms": 83592,
  "false_alarm_rate": 0.8345596677415812,
  "missed_attacks": 102,
  "detection_rate": 0.9818924196698029,
  "classes": [
    "benign",
    "phase1",
    "phase2",
    "phase3",
    "phase4"
  ],
  "per_class": {
    "benign": {
      "TP": 16571,
      "FP": 102,
      "FN": 83592,
      "precision": 0.9938823247166076,
      "recall": 0.16544033225841878,
      "f1": 0.28366256975589715
    },
    "phase1": {
      "TP": 3855,
      "FP": 25732,
      "FN": 1,
      "precision": 0.13029371007537094,
      "recall": 0.9997406639004149,
      "f1": 0.23054151840444936
    },
    "phase2": {
      "TP": 1569,
      "FP": 8715,
      "FN": 132,
      "precision": 0.15256709451575262,
      "recall": 0.9223985890652557,
      "f1": 0.2618272841051314
    },
    "phase3": {
      "TP": 2,
      "FP": 7696,
      "FN": 6,
      "precision": 0.0002598077422707197,
      "recall": 0.25,
      "f1": 0.0005190760446405398
    },
    "phase4": {
      "TP": 61,
      "FP": 41493,
      "FN": 7,
      "precision": 0.0014679693892284738,
      "recall": 0.8970588235294118,
      "f1": 0.0029311421844217
    }
  },
  "confusion_matrix": [
    [
      16571,
      25725,
      8715,
      7694,
      41458
    ],
    [
      1,
      3855,
      0,
      0,
      0
    ],
    [
      98,
      5,
      1569,
      0,
      29
    ],
    [
      0,
      0,
      0,
      2,
      6
    ],
    [
      3,
      2,
      0,
      2,
      61
    ]
  ]
}