{
  "accuracy": 0.8893247381753564,
  "micro_f1": 0.8893247381753564,
  "macro_f1": 0.4824497322031312,
  "false_alarms": 11675,
  "false_alarm_rate": 0.1165600071882831,
  "missed_attacks": 33,
  "detection_rate": 0.9941416651872892,
  "classes": [
    "benign",
    "phase1",
    "phase2",
    "phase3",
    "phase4"
  ],
  "per_class": {
    "benign": {
      "TP": 88488,
      "FP": 33,
      "FN": 11675,
      "precision": 0.9996272071033991,
      "recall": 0.8834399928117169,
      "f1": 0.9379491636810753
    },
    "phase1": {
      "TP": 3825,
      "FP": 4407,
      "FN": 31,
      "precision": 0.4646501457725947,
      "recall": 0.9919605809128631,
      "f1": 0.6328590337524818
    },
    "phase2": {
      "TP": 1700,
      "FP": 1436,
      "FN": 1,
      "precision": 0.5420918367346939,
      "recall": 0.9994121105232217,
      "f1": 0.7029150299772586
    },
    "phase3": {
      "TP": 8,
      "FP": 122,
      "FN": 0,
      "precision": 0.06153846153846154,
      "recall": 1.0,
      "f1": 0.11594202898550725
    },
    "phase4": {
      "TP": 66,
      "FP": 5711,
      "FN": 2,
      "precision": 0.011424614851999308,
      "recall": 0.9705882352941176,
      "f1": 0.022583404619332764
    }
  },
  "confusion_matrix": [
    [
      88488,
      4407,
      1436,
      121,
      5711
    ],
    [
      31,
      3825,
      0,
      0,
      0
    ],
    [
      1,
      0,
      1700,
      0,
      0
    ],
    [
      0,
      0,
      0,
      8,
      0
    ],
    [
      1,
      0,
      0,
      1,
      66
    ]
  ]
}