{
  "accuracy": 0.43932662860599647,
  "micro_f1": 0.43932662860599647,
  "macro_f1": 0.23426649970658991,
  "false_alarms": 59273,
  "false_alarm_rate": 0.5917654223615507,
  "missed_attacks": 23,
  "detection_rate": 0.9959169181608379,
  "classes": [
    "benign",
    "phase1",
    "phase2",
    "phase3",
    "phase4"
  ],
  "per_class": {
    "benign": {
      "TP": 40890,
      "FP": 23,
      "FN": 59273,
      "precision": 0.9994378314961014,
      "recall": 0.40823457763844934,
      "f1": 0.5796875443023619
    },
    "phase1": {
      "TP": 3844,
      "FP": 15997,
      "FN": 12,
      "precision": 0.1937402348671942,
      "recall": 0.9968879668049793,
      "f1": 0.32442925264801453
    },
    "phase2": {
      "TP": 1695,
      "FP": 9537,
      "FN": 6,
      "precision": 0.15090811965811965,
      "recall": 0.9964726631393298,
      "f1": 0.26212015773602415
    },
    "phase3": {
      "TP": 7,
      "FP": 11978,
      "FN": 1,
      "precision": 0.0005840634125990822,
      "recall": 0.875,
      "f1": 0.001167347619444676
    },
    "phase4": {
      "TP": 43,
      "FP": 21782,
      "FN": 25,
      "precision": 0.0019702176403207333,
      "recall": 0.6323529411764706,
      "f1": 0.003928196227104555
    }
  },
  "confusion_matrix": [
    [
      40890,
      15997,
      9531,
      11964,
      21781
    ],
    [
      6,
      3844,
      6,
      0,
      0
    ],
    [
      5,
      0,
      1695,
      0,
      1
    ],
    [
      1,
      0,
      0,
      7,
      0
    ],
    [
      11,
      0,
      0,
      14,
      43
    ]
  ]
}