{
  "accuracy": 0.9909164807743204,
  "micro_f1": 0.9909164807743204,
  "macro_f1": 0.7498878742833878,
  "false_alarms": 918,
  "false_alarm_rate": 0.00916506095065044,
  "missed_attacks": 43,
  "detection_rate": 0.9923664122137404,
  "classes": [
    "benign",
    "phase1",
    "phase2",
    "phase3",
    "phase4"
  ],
  "per_class": {
    "benign": {
      "TP": 99245,
      "FP": 43,
      "FN": 918,
      "precision": 0.999566916445089,
      "recall": 0.9908349390493496,
      "f1": 0.9951817739695463
    },
    "phase1": {
      "TP": 3819,
      "FP": 618,
      "FN": 37,
      "precision": 0.8607167004732927,
      "recall": 0.9904045643153527,
      "f1": 0.9210177257928374
    },
    "phase2": {
      "TP": 1701,
      "FP": 116,
      "FN": 0,
      "precision": 0.9361585030269676,
      "recall": 1.0,
      "f1": 0.9670267197271177
    },
    "phase3": {
      "TP": 8,
      "FP": 20,
      "FN": 0,
      "precision": 0.2857142857142857,
      "recall": 1.0,
      "f1": 0.4444444444444445
    },
    "phase4": {
      "TP": 62,
      "FP": 164,
      "FN": 6,
      "precision": 0.2743362831858407,
      "recall": 0.9117647058823529,
      "f1": 0.42176870748299317
    }
  },
  "confusion_matrix": [
    [
      99245,
      618,
      116,
      20,
      164
    ],
    [
      37,
      3819,
      0,
      0,
      0
    ],
    [
      0,
      0,
      1701,
      0,
      0
    ],
    [
      0,
      0,
      0,
      8,
      0
    ],
    [
      6,
      0,
      0,
      0,
      62
    ]
  ]
}