{
  "accuracy": 0.5209459714923059,
  "micro_f1": 0.5209459714923059,
  "macro_f1": 0.3074833075387616,
  "false_alarms": 50446,
  "false_alarm_rate": 0.5036390683186406,
  "missed_attacks": 233,
  "detection_rate": 0.9586366057163146,
  "classes": [
    "benign",
    "phase1",
    "phase2",
    "phase3",
    "phase4"
  ],
  "per_class": {
    "benign": {
      "TP": 49717,
      "FP": 233,
      "FN": 50446,
      "precision": 0.9953353353353354,
      "recall": 0.49636093168135936,
      "f1": 0.6623943296050309
    },
    "phase1": {
      "TP": 3658,
      "FP": 11558,
      "FN": 198,
      "precision": 0.24040483701366983,
      "recall": 0.9486514522821576,
      "f1": 0.38359899328859065
    },
    "phase2": {
      "TP": 1671,
      "FP": 3643,
      "FN": 30,
      "precision": 0.3144523899134362,
      "recall": 0.982363315696649,
      "f1": 0.47640769779044906
    },
    "phase3": {
      "TP": 8,
      "FP": 1377,
      "FN": 0,
      "precision": 0.005776173285198556,
      "recall": 1.0,
      "f1": 0.011486001435750178
    },
    "phase4": {
      "TP": 60,
      "FP": 33871,
      "FN": 8,
      "precision": 0.001768294479974065,
      "recall": 0.8823529411764706,
      "f1": 0.00352951557398747
    }
  },
  "confusion_matrix": [
    [
      49717,
      11558,
      3643,
      1376,
      33869
    ],
    [
      198,
      3658,
      0,
      0,
      0
    ],
    [
      28,
      0,
      1671,
      0,
      2
    ],
    [
      0,
      0,
      0,
      8,
      0
    ],
    [
      7,
      0,
      0,
      1,
      60
    ]
  ]
}