{
  "accuracy": 0.387708419978071,
  "micro_f1": 0.387708419978071,
  "macro_f1": 0.29350102900537245,
  "false_alarms": 64006,
  "false_alarm_rate": 0.6390184000079869,
  "missed_attacks": 728,
  "detection_rate": 0.8707615835256524,
  "classes": [
    "benign",
    "phase1",
    "phase2",
    "phase3",
    "phase4"
  ],
  "per_class": {
    "benign": {
      "TP": 36157,
      "FP": 728,
      "FN": 64006,
      "precision": 0.9802629795309746,
      "recall": 0.360981599992013,
      "f1": 0.5276545443932054
    },
    "phase1": {
      "TP": 3170,
      "FP": 21701,
      "FN": 686,
      "precision": 0.1274576816372482,
      "recall": 0.8220954356846473,
      "f1": 0.2206982977686497
    },
    "phase2": {
      "TP": 1625,
      "FP": 1252,
      "FN": 76,
      "precision": 0.564824469933959,
      "recall": 0.9553203997648442,
      "f1": 0.709916994320664
    },
    "phase3": {
      "TP": 7,
      "FP": 2240,
      "FN": 1,
      "precision": 0.003115264797507788,
      "recall": 0.875,
      "f1": 0.006208425720620843
    },
    "phase4": {
      "TP": 59,
      "FP": 38857,
      "FN": 9,
      "precision": 0.0015160859286668723,
      "recall": 0.8676470588235294,
      "f1": 0.0030268828237225527
    }
  },
  "confusion_matrix": [
    [
      36157,
      21697,
      1252,
      2226,
      38831
    ],
    [
      676,
      3170,
      0,
      10,
      0
    ],
    [
      50,
      1,
      1625,
      0,
      25
    ],
    [
      0,
      0,
      0,
      7,
      1
    ],
    [
      2,
      3,
      0,
      4,
      59
    ]
  ]
}