{
  "accuracy": 0.4772203107867972,
  "micro_f1": 0.4772203107867972,
  "macro_f1": 0.21041871334319934,
  "false_alarms": 53994,
  "false_alarm_rate": 0.5390613300320478,
  "missed_attacks": 455,
  "detection_rate": 0.9192259897035328,
  "classes": [
    "benign",
    "phase1",
    "phase2",
    "phase3",
    "phase4"
  ],
  "per_class": {
    "benign": {
      "TP": 46169,
      "FP": 455,
      "FN": 53994,
      "precision": 0.9902410775566232,
      "recall": 0.46093866996795224,
      "f1": 0.629061156641937
    },
    "phase1": {
      "TP": 2650,
      "FP": 27238,
      "FN": 1206,
      "precision": 0.08866434689507495,
      "recall": 0.6872406639004149,
      "f1": 0.15706495969653864
    },
    "phase2": {
      "TP": 1667,
      "FP": 9203,
      "FN": 34,
      "precision": 0.15335786568537257,
      "recall": 0.9800117577895355,
      "f1": 0.2652135868268236
    },
    "phase3": {
      "TP": 0,
      "FP": 13176,
      "FN": 8,
      "precision": 0.0,
      "recall": 0.0,
      "f1": 0.0
    },
    "phase4": {
      "TP": 2,
      "FP": 5236,
      "FN": 66,
      "precision": 0.00038182512409316535,
      "recall": 0.029411764705882353,
      "f1": 0.0007538635506973238
    }
  },
  "confusion_matrix": [
    [
      46169,
      27237,
      9203,
      12368,
      5186
    ],
    [
      353,
      2650,
      0,
      803,
      50
    ],
    [
      30,
      0,
      1667,
      4,
      0
    ],
    [
      8,
      0,
      0,
      0,
      0
    ],
    [
      64,
      1,
      0,
      1,
      2
    ]
  ]
}