{
  "accuracy": 0.1796287194222844,
  "micro_f1": 0.1796287194222844,
  "macro_f1": 0.1467499884006806,
  "false_alarms": 84983,
  "false_alarm_rate": 0.8484470313389175,
  "missed_attacks": 71,
  "detection_rate": 0.9873957038878041,
  "classes": [
    "benign",
    "phase1",
    "phase2",
    "phase3",
    "phase4"
  ],
  "per_class": {
    "benign": {
      "TP": 15180,
      "FP": 71,
      "FN": 84983,
      "precision": 0.9953445675693398,
      "recall": 0.15155296866108245,
      "f1": 0.26305300916699886
    },
    "phase1": {
      "TP": 2161,
      "FP": 15137,
      "FN": 1695,
      "precision": 0.12492773731067175,
      "recall": 0.5604253112033195,
      "f1": 0.20431124137279003
    },
    "phase2": {
      "TP": 1654,
      "FP": 9122,
      "FN": 47,
      "precision": 0.1534892353377877,
      "recall": 0.9723691945914168,
      "f1": 0.2651278352167989
    },
    "phase3": {
      "TP": 8,
      "FP": 60518,
      "FN": 0,
      "precision": 0.0001321746026501008,
      "recall": 1.0,
      "f1": 0.0002643142696666336
    },
    "phase4": {
      "TP": 1,
      "FP": 1944,
      "FN": 67,
      "precision": 0.0005141388174807198,
      "recall": 0.014705882352941176,
      "f1": 0.0009935419771485345
    }
  },
  "confusion_matrix": [
    [
      15180,
      15132,
      9121,
      59303,
      1427
    ],
    [
      0,
      2161,
      1,
      1177,
      517
    ],
    [
      40,
      5,
      1654,
      2,
      0
    ],
    [
      0,
      0,
      0,
      8,
      0
    ],
    [
      31,
      0,
      0,
      36,
      1
    ]
  ]
}