{
  "accuracy": 0.9327479299784491,
  "micro_f1": 0.9327479299784491,
  "macro_f1": 0.5357364871110313,
  "false_alarms": 7061,
  "false_alarm_rate": 0.07049509299841258,
  "missed_attacks": 53,
  "detection_rate": 0.9905911592401917,
  "classes": [
    "benign",
    "phase1",
    "phase2",
    "phase3",
    "phase4"
  ],
  "per_class": {
    "benign": {
      "TP": 93102,
      "FP": 53,
      "FN": 7061,
      "precision": 0.9994310557672696,
      "recall": 0.9295049070015874,
      "f1": 0.9632005296971828
    },
    "phase1": {
      "TP": 3810,
      "FP": 2043,
      "FN": 46,
      "precision": 0.6509482316760635,
      "recall": 0.9880705394190872,
      "f1": 0.7848388093521474
    },
    "phase2": {
      "TP": 1698,
      "FP": 1182,
      "FN": 3,
      "precision": 0.5895833333333333,
      "recall": 0.9982363315696648,
      "f1": 0.7413228552717748
    },
    "phase3": {
      "TP": 8,
      "FP": 86,
      "FN": 0,
      "precision": 0.0851063829787234,
      "recall": 1.0,
      "f1": 0.1568627450980392
    },
    "phase4": {
      "TP": 63,
      "FP": 3751,
      "FN": 5,
      "precision": 0.01651809124278972,
      "recall": 0.9264705882352942,
      "f1": 0.03245749613601236
    }
  },
  "confusion_matrix": [
    [
      93102,
      2043,
      1182,
      85,
      3751
    ],
    [
      46,
      3810,
      0,
      0,
      0
    ],
    [
      3,
      0,
      1698,
      0,
      0
    ],
    [
      0,
      0,
      0,
      8,
      0
    ],
    [
      4,
      0,
      0,
      1,
      63
    ]
  ]
}