{
  "accuracy": 0.16437294415667889,
  "micro_f1": 0.16437294415667889,
  "macro_f1": 0.12083243414402975,
  "false_alarms": 88361,
  "false_alarm_rate": 0.882172059542945,
  "missed_attacks": 9,
  "detection_rate": 0.9984022723238062,
  "classes": [
    "benign",
    "phase1",
    "phase2",
    "phase3",
    "phase4"
  ],
  "per_class": {
    "benign": {
      "TP": 11802,
      "FP": 9,
      "FN": 88361,
      "precision": 0.9992379984759969,
      "recall": 0.117827940457055,
      "f1": 0.210798935467162
    },
    "phase1": {
      "TP": 3847,
      "FP": 52558,
      "FN": 9,
      "precision": 0.06820317347752859,
      "recall": 0.9976659751037344,
      "f1": 0.1276779343190455
    },
    "phase2": {
      "TP": 1694,
      "FP": 9530,
      "FN": 7,
      "precision": 0.15092658588738417,
      "recall": 0.9958847736625515,
      "f1": 0.2621276595744681
    },
    "phase3": {
      "TP": 0,
      "FP": 2,
      "FN": 8,
      "precision": 0.0,
      "recall": 0.0,
      "f1": 0.0
    },
    "phase4": {
      "TP": 47,
      "FP": 26307,
      "FN": 21,
      "precision": 0.0017834104879714653,
      "recall": 0.6911764705882353,
      "f1": 0.0035576413594731664
    }
  },
  "confusion_matrix": [
    [
      11802,
      52540,
      9522,
      2,
      26297
    ],
    [
      1,
      3847,
      8,
      0,
      0
    ],
    [
      0,
      3,
      1694,
      0,
      4
    ],
    [
      2,
      0,
      0,
      0,
      6
    ],
    [
      6,
      15,
      0,
      0,
      47
    ]
  ]
}