{
  "accuracy": 0.5035540096033877,
  "micro_f1": 0.5035540096033877,
  "macro_f1": 0.32926813690746143,
  "false_alarms": 52433,
  "false_alarm_rate": 0.5234767329253317,
  "missed_attacks": 86,
  "detection_rate": 0.9847328244274809,
  "classes": [
    "benign",
    "phase1",
    "phase2",
    "phase3",
    "phase4"
  ],
  "per_class": {
    "benign": {
      "TP": 47730,
      "FP": 86,
      "FN": 52433,
      "precision": 0.9982014388489209,
      "recall": 0.4765232670746683,
      "f1": 0.6450915332580975
    },
    "phase1": {
      "TP": 3807,
      "FP": 16593,
      "FN": 49,
      "precision": 0.18661764705882353,
      "recall": 0.987292531120332,
      "f1": 0.31390171503957787
    },
    "phase2": {
      "TP": 1668,
      "FP": 1732,
      "FN": 33,
      "precision": 0.49058823529411766,
      "recall": 0.9805996472663139,
      "f1": 0.6539894138404234
    },
    "phase3": {
      "TP": 8,
      "FP": 522,
      "FN": 0,
      "precision": 0.01509433962264151,
      "recall": 1.0,
      "f1": 0.02973977695167286
    },
    "phase4": {
      "TP": 61,
      "FP": 33589,
      "FN": 7,
      "precision": 0.0018127786032689451,
      "recall": 0.8970588235294118,
      "f1": 0.0036182454475354414
    }
  },
  "confusion_matrix": [
    [
      47730,
      16593,
      1732,
      520,
      33588
    ],
    [
      49,
      3807,
      0,
      0,
      0
    ],
    [
      32,
      0,
      1668,
      0,
      1
    ],
    [
      0,
      0,
      0,
      8,
      0
    ],
    [
      5,
      0,
      0,
      2,
      61
    ]
  ]
}