{"accuracy": [0.997850775718689, 0.9998233318328857, 0.9998233318328857, 0.9998233318328857, 0.9998380541801453, 0.9998380541801453, 0.9998969435691833, 0.9998822212219238, 0.9999263882637024, 0.9999411106109619, 0.9999411106109619, 0.9999411106109619, 0.9999852776527405, 0.9999558329582214], "loss": [0.00858854316174984, 0.0014929835451766849, 0.0011208906071260571, 0.000858346582390368, 0.0006486732745543122, 0.0005195692065171897, 0.0003219792852178216, 0.00035905541153624654, 0.0002805321419145912, 0.0002176395064452663, 0.00024890864733606577, 0.00018732983153313398, 0.00015170533151831478, 0.00017666649364400655], "val_accuracy": [0.9997350573539734, 0.9997350573539734, 0.9997350573539734, 0.9997350573539734, 0.9997350573539734, 0.9998674988746643, 0.9998674988746643, 0.9998674988746643, 0.9998674988746643, 0.9998674988746643, 0.9998674988746643, 0.9998674988746643, 0.9998674988746643, 0.9998674988746643], "val_loss": [0.0022049543913453817, 0.0019247856689617038, 0.0016582416137680411, 0.0011349690612405539, 0.0008538785623386502, 0.000774639192968607, 0.0009707848075777292, 0.0006974645075388253, 0.000694421527441591, 0.000802371185272932, 0.0007464372902177274, 0.0008022634428925812, 0.0007446305826306343, 0.0008870186866261065]}