{"accuracy": 0.9999602670057216, "precision": 1.0, "recall": 0.75, "f1": 0.8571428571428571, "confusion_matrix": [[50328, 0], [2, 6]]}