{
  "Accuracy": 0.9948120428644327,
  "Macro Precision": 0.9567284414645778,
  "Macro Recall": 0.9957529234594462,
  "Macro F1": 0.9753322412246617,
  "False Alarms": 708,
  "False Alarm Rate": 0.005300115284993487,
  "Missed Attacks": 24,
  "Detection Rate": 0.9968059622038861,
  "Confusion Matrix (actual_pred)": [
    [
      132874,
      708
    ],
    [
      24,
      7490
    ]
  ],
  "Misclassified Info": {
    "total_misclassified": 732,
    "per_phase": {
      "0": 708,
      "1": 2,
      "2": 10,
      "3": 0,
      "4": 12,
      "5": 0
    }
  }
}