{
  "accuracy": 0.9993376606173003,
  "micro_f1": 0.9993376606173003,
  "macro_f1": 0.8225862639099883,
  "false_alarms": 5,
  "false_alarm_rate": 0.0003189792663476874,
  "missed_attacks": 18,
  "detection_rate": 0.9991844132306298,
  "classes": [
    "benign",
    "phase1",
    "phase2",
    "phase3",
    "phase4",
    "phase5"
  ],
  "per_class": {
    "benign": {
      "TP": 15670,
      "FP": 18,
      "FN": 5,
      "precision": 0.9988526262111168,
      "recall": 0.9996810207336523,
      "f1": 0.9992666517871378
    },
    "phase1": {
      "TP": 5,
      "FP": 1,
      "FN": 1,
      "precision": 0.8333333333333334,
      "recall": 0.8333333333333334,
      "f1": 0.8333333333333334
    },
    "phase2": {
      "TP": 4,
      "FP": 1,
      "FN": 2,
      "precision": 0.8,
      "recall": 0.6666666666666666,
      "f1": 0.7272727272727272
    },
    "phase3": {
      "TP": 9,
      "FP": 0,
      "FN": 1,
      "precision": 1.0,
      "recall": 0.9,
      "f1": 0.9473684210526316
    },
    "phase4": {
      "TP": 3,
      "FP": 5,
      "FN": 3,
      "precision": 0.375,
      "recall": 0.5,
      "f1": 0.42857142857142855
    },
    "phase5": {
      "TP": 22029,
      "FP": 0,
      "FN": 13,
      "precision": 1.0,
      "recall": 0.9994102168587242,
      "f1": 0.999705021442672
    }
  },
  "confusion_matrix": [
    [
      15670,
      1,
      0,
      0,
      4,
      0
    ],
    [
      1,
      5,
      0,
      0,
      0,
      0
    ],
    [
      2,
      0,
      4,
      0,
      0,
      0
    ],
    [
      0,
      0,
      1,
      9,
      0,
      0
    ],
    [
      3,
      0,
      0,
      0,
      3,
      0
    ],
    [
      12,
      0,
      0,
      0,
      1,
      22029
    ]
  ]
}