{
  "accuracy": 0.9993111670419923,
  "micro_f1": 0.9993111670419923,
  "macro_f1": 0.8020080818994327,
  "false_alarms": 4,
  "false_alarm_rate": 0.00025518341307814995,
  "missed_attacks": 20,
  "detection_rate": 0.9990937924784775,
  "classes": [
    "benign",
    "phase1",
    "phase2",
    "phase3",
    "phase4",
    "phase5"
  ],
  "per_class": {
    "benign": {
      "TP": 15671,
      "FP": 20,
      "FN": 4,
      "precision": 0.9987253839780766,
      "recall": 0.9997448165869218,
      "f1": 0.9992348402729069
    },
    "phase1": {
      "TP": 5,
      "FP": 1,
      "FN": 1,
      "precision": 0.8333333333333334,
      "recall": 0.8333333333333334,
      "f1": 0.8333333333333334
    },
    "phase2": {
      "TP": 4,
      "FP": 1,
      "FN": 2,
      "precision": 0.8,
      "recall": 0.6666666666666666,
      "f1": 0.7272727272727272
    },
    "phase3": {
      "TP": 8,
      "FP": 0,
      "FN": 2,
      "precision": 1.0,
      "recall": 0.8,
      "f1": 0.888888888888889
    },
    "phase4": {
      "TP": 2,
      "FP": 3,
      "FN": 4,
      "precision": 0.4,
      "recall": 0.3333333333333333,
      "f1": 0.3636363636363636
    },
    "phase5": {
      "TP": 22029,
      "FP": 1,
      "FN": 13,
      "precision": 0.9999546073536087,
      "recall": 0.9994102168587242,
      "f1": 0.999682337992376
    }
  },
  "confusion_matrix": [
    [
      15671,
      1,
      0,
      0,
      2,
      1
    ],
    [
      1,
      5,
      0,
      0,
      0,
      0
    ],
    [
      2,
      0,
      4,
      0,
      0,
      0
    ],
    [
      1,
      0,
      1,
      8,
      0,
      0
    ],
    [
      4,
      0,
      0,
      0,
      2,
      0
    ],
    [
      12,
      0,
      0,
      0,
      1,
      22029
    ]
  ]
}