{
  "accuracy": 0.9993641541926083,
  "micro_f1": 0.9993641541926083,
  "macro_f1": 0.8414855626224141,
  "false_alarms": 5,
  "false_alarm_rate": 0.0003189792663476874,
  "missed_attacks": 17,
  "detection_rate": 0.9992297236067059,
  "classes": [
    "benign",
    "phase1",
    "phase2",
    "phase3",
    "phase4",
    "phase5"
  ],
  "per_class": {
    "benign": {
      "TP": 15670,
      "FP": 17,
      "FN": 5,
      "precision": 0.9989163001211194,
      "recall": 0.9996810207336523,
      "f1": 0.9992985141253746
    },
    "phase1": {
      "TP": 5,
      "FP": 1,
      "FN": 1,
      "precision": 0.8333333333333334,
      "recall": 0.8333333333333334,
      "f1": 0.8333333333333334
    },
    "phase2": {
      "TP": 5,
      "FP": 2,
      "FN": 1,
      "precision": 0.7142857142857143,
      "recall": 0.8333333333333334,
      "f1": 0.7692307692307692
    },
    "phase3": {
      "TP": 9,
      "FP": 0,
      "FN": 1,
      "precision": 1.0,
      "recall": 0.9,
      "f1": 0.9473684210526316
    },
    "phase4": {
      "TP": 3,
      "FP": 3,
      "FN": 3,
      "precision": 0.5,
      "recall": 0.5,
      "f1": 0.5
    },
    "phase5": {
      "TP": 22029,
      "FP": 1,
      "FN": 13,
      "precision": 0.9999546073536087,
      "recall": 0.9994102168587242,
      "f1": 0.999682337992376
    }
  },
  "confusion_matrix": [
    [
      15670,
      1,
      1,
      0,
      2,
      1
    ],
    [
      1,
      5,
      0,
      0,
      0,
      0
    ],
    [
      1,
      0,
      5,
      0,
      0,
      0
    ],
    [
      0,
      0,
      1,
      9,
      0,
      0
    ],
    [
      3,
      0,
      0,
      0,
      3,
      0
    ],
    [
      12,
      0,
      0,
      0,
      1,
      22029
    ]
  ]
}