{
  "accuracy": 0.9993376606173003,
  "micro_f1": 0.9993376606173003,
  "macro_f1": 0.8344910180200561,
  "false_alarms": 6,
  "false_alarm_rate": 0.0003827751196172249,
  "missed_attacks": 17,
  "detection_rate": 0.9992297236067059,
  "classes": [
    "benign",
    "phase1",
    "phase2",
    "phase3",
    "phase4",
    "phase5"
  ],
  "per_class": {
    "benign": {
      "TP": 15669,
      "FP": 17,
      "FN": 6,
      "precision": 0.9989162310340431,
      "recall": 0.9996172248803827,
      "f1": 0.9992666050189727
    },
    "phase1": {
      "TP": 5,
      "FP": 1,
      "FN": 1,
      "precision": 0.8333333333333334,
      "recall": 0.8333333333333334,
      "f1": 0.8333333333333334
    },
    "phase2": {
      "TP": 4,
      "FP": 1,
      "FN": 2,
      "precision": 0.8,
      "recall": 0.6666666666666666,
      "f1": 0.7272727272727272
    },
    "phase3": {
      "TP": 9,
      "FP": 0,
      "FN": 1,
      "precision": 1.0,
      "recall": 0.9,
      "f1": 0.9473684210526316
    },
    "phase4": {
      "TP": 4,
      "FP": 6,
      "FN": 2,
      "precision": 0.4,
      "recall": 0.6666666666666666,
      "f1": 0.5
    },
    "phase5": {
      "TP": 22029,
      "FP": 0,
      "FN": 13,
      "precision": 1.0,
      "recall": 0.9994102168587242,
      "f1": 0.999705021442672
    }
  },
  "confusion_matrix": [
    [
      15669,
      1,
      0,
      0,
      5,
      0
    ],
    [
      1,
      5,
      0,
      0,
      0,
      0
    ],
    [
      2,
      0,
      4,
      0,
      0,
      0
    ],
    [
      0,
      0,
      1,
      9,
      0,
      0
    ],
    [
      2,
      0,
      0,
      0,
      4,
      0
    ],
    [
      12,
      0,
      0,
      0,
      1,
      22029
    ]
  ]
}