{
  "accuracy": 0.9993376606173003,
  "micro_f1": 0.9993376606173003,
  "macro_f1": 0.8035323314950783,
  "false_alarms": 3,
  "false_alarm_rate": 0.00019138755980861245,
  "missed_attacks": 20,
  "detection_rate": 0.9990937924784775,
  "classes": [
    "benign",
    "phase1",
    "phase2",
    "phase3",
    "phase4",
    "phase5"
  ],
  "per_class": {
    "benign": {
      "TP": 15672,
      "FP": 20,
      "FN": 3,
      "precision": 0.9987254652052001,
      "recall": 0.9998086124401914,
      "f1": 0.9992667453055759
    },
    "phase1": {
      "TP": 5,
      "FP": 1,
      "FN": 1,
      "precision": 0.8333333333333334,
      "recall": 0.8333333333333334,
      "f1": 0.8333333333333334
    },
    "phase2": {
      "TP": 3,
      "FP": 1,
      "FN": 3,
      "precision": 0.75,
      "recall": 0.5,
      "f1": 0.6
    },
    "phase3": {
      "TP": 8,
      "FP": 0,
      "FN": 2,
      "precision": 1.0,
      "recall": 0.8,
      "f1": 0.888888888888889
    },
    "phase4": {
      "TP": 3,
      "FP": 3,
      "FN": 3,
      "precision": 0.5,
      "recall": 0.5,
      "f1": 0.5
    },
    "phase5": {
      "TP": 22029,
      "FP": 0,
      "FN": 13,
      "precision": 1.0,
      "recall": 0.9994102168587242,
      "f1": 0.999705021442672
    }
  },
  "confusion_matrix": [
    [
      15672,
      1,
      0,
      0,
      2,
      0
    ],
    [
      1,
      5,
      0,
      0,
      0,
      0
    ],
    [
      3,
      0,
      3,
      0,
      0,
      0
    ],
    [
      1,
      0,
      1,
      8,
      0,
      0
    ],
    [
      3,
      0,
      0,
      0,
      3,
      0
    ],
    [
      12,
      0,
      0,
      0,
      1,
      22029
    ]
  ]
}