{
  "accuracy": 0.7311383551572714,
  "precision": 0.37185934642601576,
  "recall": 0.3839195097639436,
  "f1": 0.3732591774133574,
  "confusion_matrix": [
    [
      36783,
      0,
      0,
      2,
      0,
      0
    ],
    [
      1,
      7,
      0,
      0,
      0,
      0
    ],
    [
      7,
      0,
      0,
      2,
      0,
      0
    ],
    [
      8,
      0,
      0,
      6,
      0,
      0
    ],
    [
      7,
      0,
      0,
      2,
      0,
      0
    ],
    [
      13502,
      0,
      0,
      0,
      0,
      0
    ]
  ],
  "misclassified_info": {}
}