{
  "Accuracy": 0.999403471794158,
  "Macro Precision": 0.9993648230200806,
  "Macro Recall": 0.9994065817388188,
  "Macro F1": 0.9993856868572817,
  "False Alarms": 12,
  "False Alarm Rate": 0.0005751533742331289,
  "Missed Attacks": 18,
  "Detection Rate": 0.9993883168518707,
  "Confusion Matrix (actual_pred)": [
    [
      20852,
      12
    ],
    [
      18,
      29409
    ]
  ],
  "Misclassified Info": {
    "total_misclassified": 30,
    "per_phase": {
      "0": 12,
      "1": 0,
      "2": 1,
      "3": 1,
      "4": 4,
      "5": 12
    }
  }
}