{
  "Accuracy": 0.9998806943588316,
  "Macro Precision": 0.7857142857142857,
  "Macro Recall": 0.9999403376886821,
  "Macro F1": 0.8636065307008027,
  "False Alarms": 6,
  "False Alarm Rate": 0.00011932462263588091,
  "Missed Attacks": 0,
  "Detection Rate": 1.0,
  "Confusion Matrix (actual_pred)": [
    [
      50277,
      6
    ],
    [
      0,
      8
    ]
  ],
  "Misclassified Info": {
    "total_misclassified": 6,
    "per_phase": {
      "0": 6,
      "1": 0,
      "2": 0,
      "3": 0,
      "4": 0,
      "5": 0
    }
  }
}