{
  "Accuracy": 0.999701735897079,
  "Macro Precision": 0.6388689974958947,
  "Macro Recall": 0.8570135913724332,
  "Macro F1": 0.6999254154360214,
  "False Alarms": 13,
  "False Alarm Rate": 0.0002585315408479835,
  "Missed Attacks": 2,
  "Detection Rate": 0.7142857142857143,
  "Confusion Matrix (actual_pred)": [
    [
      50271,
      13
    ],
    [
      2,
      5
    ]
  ],
  "Misclassified Info": {
    "total_misclassified": 15,
    "per_phase": {
      "0": 13,
      "1": 0,
      "2": 0,
      "3": 0,
      "4": 2,
      "5": 0
    }
  }
}