{
  "Accuracy": 0.9991729613497271,
  "Macro Precision": 0.9984681090314769,
  "Macro Recall": 0.9992125646435028,
  "Macro F1": 0.9988397140304409,
  "False Alarms": 3,
  "False Alarm Rate": 0.0007136060894386299,
  "Missed Attacks": 12,
  "Detection Rate": 0.9991387353764444,
  "Confusion Matrix (actual_pred)": [
    [
      4201,
      3
    ],
    [
      12,
      13921
    ]
  ],
  "Misclassified Info": {
    "total_misclassified": 15,
    "per_phase": {
      "0": 3,
      "1": 1,
      "2": 0,
      "3": 0,
      "4": 0,
      "5": 11
    }
  }
}