{
  "Accuracy": 0.9993637032471019,
  "Macro Precision": 0.7990273381767371,
  "Macro Recall": 0.8080474520591374,
  "Macro F1": 0.7948733565488445,
  "False Alarms": 10,
  "False Alarm Rate": 0.00047929447852760736,
  "Missed Attacks": 21,
  "Detection Rate": 0.9992863454088221,
  "Confusion Matrix (actual_pred)": [
    [
      20854,
      4,
      0,
      0,
      4,
      2
    ],
    [
      0,
      8,
      0,
      0,
      0,
      0
    ],
    [
      1,
      0,
      7,
      1,
      0,
      0
    ],
    [
      1,
      0,
      0,
      13,
      0,
      0
    ],
    [
      6,
      0,
      0,
      0,
      1,
      0
    ],
    [
      13,
      0,
      0,
      0,
      0,
      29376
    ]
  ],
  "misclassified_indices": [
    8408,
    9423,
    10435,
    10470,
    10801,
    11706,
    12087,
    12691,
    12706,
    12831,
    12834,
    12905,
    12906,
    12918,
    12919,
    15767,
    15814,
    26325,
    45331,
    45341,
    45886,
    45887,
    45889,
    45899,
    45901,
    45902,
    46047,
    46056,
    46061,
    46146,
    46148,
    50255
  ],
  "real_flow_indices": [
    20729,
    23251,
    25976,
    26060,
    26877,
    29151,
    30101,
    31613,
    31662,
    31974,
    31981,
    32193,
    32194,
    32221,
    32222,
    39374,
    39483,
    66119,
    113300,
    113315,
    114608,
    114614,
    114616,
    114647,
    114649,
    114651,
    115037,
    115068,
    115074,
    115298,
    115304,
    125737
  ],
  "y_pred": [
    4,
    1,
    3,
    0,
    4,
    0,
    4,
    1,
    1,
    0,
    0,
    0,
    0,
    0,
    0,
    0,
    0,
    5,
    5,
    1,
    0,
    0,
    0,
    0,
    0,
    0,
    0,
    0,
    0,
    0,
    0,
    4
  ],
  "y_true": [
    0,
    0,
    2,
    2,
    0,
    3,
    0,
    0,
    0,
    4,
    4,
    4,
    4,
    4,
    4,
    5,
    5,
    0,
    0,
    0,
    5,
    5,
    5,
    5,
    5,
    5,
    5,
    5,
    5,
    5,
    5,
    0
  ]
}