{
  "Accuracy": 0.9968009219703141,
  "Macro Precision": 0.5255634824482648,
  "Macro Recall": 0.9564534512305878,
  "Macro F1": 0.6052170876098525,
  "False Alarms": 140,
  "False Alarm Rate": 0.0066985645933014355,
  "Missed Attacks": 13,
  "Detection Rate": 0.9995581087052585,
  "Confusion Matrix (actual_pred)": [
    [
      20760,
      5,
      51,
      20,
      61,
      3
    ],
    [
      0,
      8,
      0,
      0,
      0,
      0
    ],
    [
      0,
      1,
      8,
      0,
      0,
      0
    ],
    [
      0,
      0,
      2,
      12,
      0,
      0
    ],
    [
      0,
      0,
      0,
      0,
      7,
      0
    ],
    [
      13,
      0,
      0,
      2,
      3,
      29371
    ]
  ],
  "misclassified_indices": [
    540,
    692,
    1140,
    3594,
    3662,
    5491,
    5657,
    5658,
    6235,
    6835,
    7652,
    7978,
    8107,
    8108,
    8213,
    8362,
    8422,
    8446,
    8447,
    8784,
    8819,
    8961,
    9022,
    9079,
    9098,
    9262,
    9335,
    9365,
    9442,
    9453,
    9454,
    9546,
    9791,
    10078,
    10079,
    10126,
    10127,
    10274,
    10277,
    10561,
    10623,
    10706,
    10707,
    10817,
    10837,
    10997,
    11071,
    11072,
    11074,
    11076,
    11109,
    11388,
    11678,
    11698,
    11701,
    11702,
    11703,
    11736,
    11739,
    11741,
    11747,
    11748,
    11776,
    11779,
    11847,
    11859,
    12060,
    12076,
    12120,
    12123,
    12208,
    12398,
    12420,
    12438,
    12453,
    12493,
    12537,
    12711,
    12721,
    12738,
    12858,
    12936,
    12937,
    12944,
    12946,
    12958,
    13302,
    13390,
    13712,
    13746,
    13954,
    14129,
    14489,
    14802,
    14988,
    15470,
    15474,
    15484,
    15718,
    15754,
    15774,
    15775,
    15788,
    15839,
    15841,
    15973,
    15974,
    15975,
    15976,
    25927,
    45349,
    45350,
    45556,
    45774,
    45775,
    45886,
    45887,
    45888,
    45890,
    45903,
    45906,
    45907,
    45908,
    45913,
    45926,
    45993,
    46053,
    46054,
    46066,
    46099,
    46150,
    46153,
    46237,
    46238,
    46452,
    46536,
    46537,
    46914,
    47429,
    47430,
    47434,
    47435,
    47446,
    47476,
    47615,
    47857,
    47932,
    48313,
    48389,
    48682,
    48859,
    49263,
    49438,
    49798,
    50074,
    50090,
    50241,
    50242,
    50286,
    50288,
    50294
  ],
  "real_flow_indices": [
    1338,
    1689,
    2788,
    8824,
    8974,
    13399,
    13787,
    13788,
    15201,
    16709,
    18736,
    19583,
    19887,
    19888,
    20157,
    20539,
    20670,
    20729,
    20730,
    21579,
    21663,
    22012,
    22168,
    22310,
    22357,
    22748,
    22957,
    23035,
    23216,
    23250,
    23252,
    23529,
    24144,
    24927,
    24928,
    25039,
    25045,
    25449,
    25455,
    26197,
    26355,
    26590,
    26591,
    26828,
    26877,
    27287,
    27506,
    27507,
    27512,
    27514,
    27590,
    28255,
    28997,
    29055,
    29066,
    29069,
    29072,
    29136,
    29141,
    29149,
    29159,
    29162,
    29214,
    29221,
    29402,
    29431,
    29952,
    29987,
    30102,
    30114,
    30325,
    30763,
    30824,
    30883,
    30925,
    31032,
    31151,
    31593,
    31613,
    31662,
    31973,
    32192,
    32196,
    32219,
    32223,
    32261,
    33112,
    33331,
    34158,
    34247,
    34782,
    35226,
    36122,
    36873,
    37290,
    38559,
    38565,
    38585,
    39191,
    39278,
    39323,
    39324,
    39374,
    39483,
    39486,
    39855,
    39859,
    39862,
    39864,
    65110,
    113307,
    113308,
    113800,
    114379,
    114380,
    114604,
    114608,
    114612,
    114616,
    114645,
    114655,
    114657,
    114659,
    114667,
    114702,
    114887,
    115033,
    115035,
    115064,
    115146,
    115296,
    115304,
    115528,
    115529,
    116038,
    116229,
    116230,
    117188,
    118565,
    118566,
    118571,
    118574,
    118599,
    118676,
    119028,
    119696,
    119872,
    120858,
    121063,
    121779,
    122189,
    123144,
    123575,
    124479,
    125167,
    125203,
    125620,
    125621,
    125713,
    125724,
    125738
  ],
  "y_pred": [
    2,
    2,
    4,
    4,
    2,
    2,
    2,
    2,
    4,
    2,
    2,
    2,
    2,
    2,
    4,
    4,
    4,
    4,
    4,
    4,
    1,
    2,
    2,
    3,
    4,
    3,
    2,
    2,
    4,
    1,
    1,
    2,
    3,
    1,
    1,
    4,
    4,
    2,
    4,
    4,
    4,
    2,
    4,
    2,
    4,
    2,
    2,
    4,
    4,
    4,
    2,
    3,
    4,
    3,
    3,
    3,
    3,
    2,
    3,
    3,
    3,
    3,
    2,
    3,
    2,
    2,
    4,
    4,
    2,
    4,
    2,
    4,
    2,
    2,
    4,
    4,
    4,
    4,
    2,
    2,
    3,
    4,
    4,
    4,
    4,
    4,
    2,
    2,
    2,
    4,
    1,
    4,
    2,
    4,
    2,
    4,
    4,
    2,
    2,
    4,
    4,
    4,
    4,
    4,
    2,
    2,
    4,
    3,
    3,
    5,
    5,
    5,
    2,
    2,
    2,
    0,
    0,
    0,
    0,
    0,
    0,
    0,
    0,
    4,
    0,
    4,
    0,
    0,
    4,
    2,
    0,
    0,
    2,
    4,
    3,
    2,
    3,
    2,
    2,
    3,
    3,
    3,
    4,
    2,
    4,
    4,
    2,
    4,
    2,
    4,
    4,
    4,
    4,
    4,
    4,
    2,
    4,
    4,
    4,
    3,
    4
  ],
  "y_true": [
    0,
    0,
    0,
    0,
    0,
    0,
    0,
    0,
    0,
    0,
    0,
    0,
    0,
    0,
    0,
    0,
    0,
    0,
    0,
    0,
    0,
    0,
    0,
    0,
    0,
    0,
    0,
    0,
    0,
    0,
    0,
    0,
    0,
    2,
    0,
    0,
    0,
    0,
    0,
    0,
    0,
    0,
    0,
    0,
    0,
    0,
    0,
    0,
    0,
    0,
    0,
    0,
    0,
    0,
    0,
    0,
    0,
    3,
    0,
    0,
    0,
    0,
    3,
    0,
    0,
    0,
    0,
    0,
    0,
    0,
    0,
    0,
    0,
    0,
    0,
    0,
    0,
    0,
    0,
    0,
    0,
    0,
    0,
    0,
    0,
    0,
    0,
    0,
    0,
    0,
    0,
    0,
    0,
    0,
    0,
    0,
    0,
    0,
    0,
    0,
    0,
    0,
    5,
    5,
    0,
    0,
    5,
    5,
    5,
    0,
    0,
    0,
    0,
    0,
    0,
    5,
    5,
    5,
    5,
    5,
    5,
    5,
    5,
    0,
    5,
    0,
    5,
    5,
    0,
    0,
    5,
    5,
    0,
    0,
    0,
    0,
    0,
    0,
    0,
    0,
    0,
    0,
    0,
    0,
    0,
    0,
    0,
    0,
    0,
    0,
    0,
    0,
    0,
    0,
    0,
    0,
    0,
    0,
    0,
    0,
    0
  ]
}