{
  "Accuracy": 0.9994436386035329,
  "Macro Precision": 0.8467321439007711,
  "Macro Recall": 0.8652691656974811,
  "Macro F1": 0.8542849415673112,
  "False Alarms": 7,
  "False Alarm Rate": 0.00033492822966507175,
  "Missed Attacks": 20,
  "Detection Rate": 0.9993203289607829,
  "Confusion Matrix (actual_pred)": [
    [
      20893,
      2,
      0,
      2,
      3,
      0
    ],
    [
      1,
      7,
      0,
      0,
      0,
      0
    ],
    [
      1,
      0,
      8,
      0,
      0,
      0
    ],
    [
      0,
      0,
      0,
      14,
      0,
      0
    ],
    [
      4,
      0,
      0,
      0,
      3,
      0
    ],
    [
      14,
      0,
      0,
      0,
      1,
      29374
    ]
  ],
  "misclassified_indices": [
    8446,
    8813,
    9098,
    9453,
    10078,
    11701,
    12721,
    12855,
    12863,
    12934,
    12936,
    12943,
    12947,
    15788,
    15839,
    45886,
    45887,
    45888,
    45890,
    45903,
    45906,
    45907,
    45908,
    45926,
    46053,
    46054,
    46150,
    46153
  ],
  "real_flow_indices": [
    20729,
    21650,
    22357,
    23250,
    24927,
    29066,
    31613,
    31965,
    31981,
    32189,
    32192,
    32216,
    32224,
    39374,
    39483,
    114604,
    114608,
    114612,
    114616,
    114645,
    114655,
    114657,
    114659,
    114702,
    115033,
    115035,
    115296,
    115304
  ],
  "y_pred": [
    4,
    0,
    3,
    1,
    0,
    3,
    1,
    0,
    0,
    0,
    4,
    0,
    4,
    0,
    4,
    0,
    0,
    0,
    0,
    0,
    0,
    0,
    0,
    0,
    0,
    0,
    0,
    0
  ],
  "y_true": [
    0,
    1,
    0,
    0,
    2,
    0,
    0,
    4,
    4,
    4,
    0,
    4,
    0,
    5,
    5,
    5,
    5,
    5,
    5,
    5,
    5,
    5,
    5,
    5,
    5,
    5,
    5,
    5
  ]
}