{
  "Accuracy": 0.9988077970075705,
  "Macro Precision": 0.6564923128256709,
  "Macro Recall": 0.8250360203282797,
  "Macro F1": 0.7217780405288677,
  "False Alarms": 36,
  "False Alarm Rate": 0.001722488038277512,
  "Missed Attacks": 24,
  "Detection Rate": 0.999184422469161,
  "Confusion Matrix (actual_pred)": [
    [
      20864,
      5,
      7,
      18,
      4,
      2
    ],
    [
      0,
      8,
      0,
      0,
      0,
      0
    ],
    [
      3,
      0,
      6,
      0,
      0,
      0
    ],
    [
      6,
      0,
      0,
      8,
      0,
      0
    ],
    [
      2,
      0,
      0,
      0,
      5,
      0
    ],
    [
      13,
      0,
      0,
      0,
      0,
      29376
    ]
  ],
  "missclassified_indices": [
    7975,
    7995,
    8003,
    8083,
    8117,
    8235,
    8296,
    8854,
    9521,
    9564,
    9748,
    9769,
    9854,
    9973,
    10273,
    10394,
    11729,
    11734,
    11767,
    11772,
    11773,
    11775,
    11794,
    12515,
    12712,
    12728,
    12840,
    12931,
    12949,
    14215,
    15718,
    15816,
    45353,
    45527,
    45840,
    45871,
    45872,
    45873,
    45874,
    45887,
    45889,
    45891,
    46035,
    46037,
    46139,
    46141,
    46142,
    46452,
    46545,
    46936,
    46949,
    47957,
    47972,
    48371,
    48841,
    48957,
    49319,
    49677,
    49850,
    49885
  ],
  "real_flow_indices": [
    19933,
    19965,
    19987,
    20156,
    20247,
    20539,
    20670,
    21988,
    23599,
    23711,
    24136,
    24193,
    24389,
    24688,
    25443,
    25739,
    29049,
    29061,
    29136,
    29155,
    29156,
    29160,
    29215,
    31069,
    31613,
    31662,
    31974,
    32216,
    32263,
    35497,
    39245,
    39483,
    113315,
    113742,
    114533,
    114608,
    114612,
    114614,
    114616,
    114647,
    114655,
    114661,
    115033,
    115037,
    115298,
    115300,
    115304,
    116032,
    116274,
    117202,
    117244,
    119790,
    119838,
    120892,
    122142,
    122433,
    123354,
    124259,
    124654,
    124749
  ],
  "y_pred": [
    3,
    3,
    2,
    2,
    4,
    4,
    4,
    3,
    3,
    3,
    0,
    3,
    2,
    0,
    2,
    0,
    0,
    0,
    0,
    0,
    0,
    3,
    0,
    3,
    1,
    1,
    0,
    0,
    4,
    1,
    3,
    0,
    1,
    2,
    5,
    0,
    0,
    0,
    0,
    0,
    0,
    0,
    0,
    0,
    0,
    0,
    0,
    3,
    5,
    3,
    2,
    3,
    3,
    3,
    3,
    3,
    3,
    2,
    1,
    3
  ],
  "y_true": [
    0,
    0,
    0,
    0,
    0,
    0,
    0,
    0,
    0,
    0,
    2,
    0,
    0,
    2,
    0,
    2,
    3,
    3,
    3,
    3,
    3,
    0,
    3,
    0,
    0,
    0,
    4,
    4,
    0,
    0,
    0,
    5,
    0,
    0,
    0,
    5,
    5,
    5,
    5,
    5,
    5,
    5,
    5,
    5,
    5,
    5,
    5,
    0,
    0,
    0,
    0,
    0,
    0,
    0,
    0,
    0,
    0,
    0,
    0,
    0
  ]
}