{
  "Accuracy": 0.9993641584040376,
  "Macro Precision": 0.7711078377579336,
  "Macro Recall": 0.9574706422365858,
  "Macro F1": 0.8417694553944225,
  "False Alarms": 16,
  "False Alarm Rate": 0.0007655502392344498,
  "Missed Attacks": 12,
  "Detection Rate": 0.9995921557964857,
  "Confusion Matrix (actual_pred)": [
    [
      20884,
      5,
      4,
      1,
      4,
      2
    ],
    [
      0,
      8,
      0,
      0,
      0,
      0
    ],
    [
      0,
      0,
      8,
      1,
      0,
      0
    ],
    [
      0,
      0,
      2,
      12,
      0,
      0
    ],
    [
      0,
      0,
      0,
      0,
      7,
      0
    ],
    [
      12,
      0,
      0,
      0,
      1,
      29376
    ]
  ],
  "missclassified_indices": [
    8117,
    8235,
    8296,
    9359,
    9854,
    10394,
    11729,
    11767,
    11769,
    12712,
    12728,
    12947,
    13774,
    15628,
    15816,
    45353,
    45840,
    45871,
    45872,
    45873,
    45874,
    45887,
    45889,
    45891,
    46035,
    46037,
    46139,
    46141,
    46142,
    46949,
    49850,
    50045
  ],
  "real_flow_indices": [
    20247,
    20539,
    20670,
    23250,
    24389,
    25739,
    29049,
    29136,
    29143,
    31613,
    31662,
    32261,
    34407,
    39012,
    39483,
    113315,
    114533,
    114608,
    114612,
    114614,
    114616,
    114647,
    114655,
    114661,
    115033,
    115037,
    115298,
    115300,
    115304,
    117244,
    124654,
    125167
  ],
  "y_pred": [
    4,
    4,
    4,
    1,
    2,
    3,
    2,
    2,
    3,
    1,
    1,
    4,
    5,
    2,
    4,
    1,
    5,
    0,
    0,
    0,
    0,
    0,
    0,
    0,
    0,
    0,
    0,
    0,
    0,
    2,
    1,
    2
  ],
  "y_true": [
    0,
    0,
    0,
    0,
    0,
    2,
    3,
    3,
    0,
    0,
    0,
    0,
    0,
    0,
    5,
    0,
    0,
    5,
    5,
    5,
    5,
    5,
    5,
    5,
    5,
    5,
    5,
    5,
    5,
    0,
    0,
    0
  ]
}