{
  "Accuracy": 0.9993040504265177,
  "Macro Precision": 0.7612373215606777,
  "Macro Recall": 0.8543061243341344,
  "Macro F1": 0.7939445700618678,
  "False Alarms": 14,
  "False Alarm Rate": 0.0006710122699386503,
  "Missed Attacks": 17,
  "Detection Rate": 0.9994222207116882,
  "Confusion Matrix (actual_pred)": [
    [
      20850,
      5,
      1,
      0,
      6,
      2
    ],
    [
      0,
      8,
      0,
      0,
      0,
      0
    ],
    [
      2,
      0,
      5,
      2,
      0,
      0
    ],
    [
      0,
      0,
      0,
      14,
      0,
      0
    ],
    [
      3,
      0,
      0,
      0,
      4,
      0
    ],
    [
      12,
      0,
      1,
      0,
      1,
      29375
    ]
  ],
  "misclassified_indices": [
    7940,
    8408,
    9423,
    9955,
    10144,
    10435,
    10470,
    10801,
    12087,
    12691,
    12706,
    12831,
    12918,
    12919,
    15767,
    15814,
    15953,
    26325,
    45331,
    45337,
    45341,
    45886,
    45887,
    45889,
    45899,
    45901,
    45902,
    46047,
    46056,
    46061,
    46146,
    46148,
    49836,
    50036,
    50255
  ],
  "real_flow_indices": [
    19583,
    20729,
    23251,
    24688,
    25171,
    25976,
    26060,
    26877,
    30101,
    31613,
    31662,
    31974,
    32221,
    32222,
    39374,
    39483,
    39859,
    66119,
    113300,
    113310,
    113315,
    114608,
    114614,
    114616,
    114647,
    114649,
    114651,
    115037,
    115068,
    115074,
    115298,
    115304,
    124653,
    125166,
    125737
  ],
  "y_pred": [
    2,
    4,
    1,
    3,
    3,
    0,
    0,
    4,
    4,
    1,
    1,
    0,
    0,
    0,
    0,
    2,
    4,
    5,
    5,
    4,
    1,
    0,
    0,
    0,
    0,
    0,
    0,
    0,
    0,
    0,
    0,
    0,
    1,
    4,
    4
  ],
  "y_true": [
    0,
    0,
    0,
    2,
    2,
    2,
    2,
    0,
    0,
    0,
    0,
    4,
    4,
    4,
    5,
    5,
    5,
    0,
    0,
    0,
    0,
    5,
    5,
    5,
    5,
    5,
    5,
    5,
    5,
    5,
    5,
    5,
    0,
    0,
    0
  ]
}