{
  "Accuracy": 0.9994635086534067,
  "Macro Precision": 0.8718587605159205,
  "Macro Recall": 0.8533803527560367,
  "Macro F1": 0.8620748634351764,
  "False Alarms": 5,
  "False Alarm Rate": 0.00023923444976076556,
  "Missed Attacks": 20,
  "Detection Rate": 0.999320305862362,
  "Confusion Matrix (actual_pred)": [
    [
      20895,
      1,
      0,
      1,
      3,
      0
    ],
    [
      1,
      7,
      0,
      0,
      0,
      0
    ],
    [
      1,
      0,
      8,
      0,
      0,
      0
    ],
    [
      0,
      0,
      0,
      13,
      0,
      1
    ],
    [
      4,
      0,
      0,
      0,
      3,
      0
    ],
    [
      14,
      0,
      0,
      0,
      1,
      29374
    ]
  ],
  "misclassified_indices": [
    8446,
    8813,
    9453,
    10078,
    10837,
    11701,
    11746,
    12855,
    12863,
    12934,
    12943,
    15788,
    15839,
    45886,
    45887,
    45888,
    45890,
    45903,
    45906,
    45907,
    45908,
    45926,
    46053,
    46054,
    46150,
    46153,
    47434
  ],
  "real_flow_indices": [
    20729,
    21650,
    23250,
    24927,
    26877,
    29066,
    29157,
    31965,
    31981,
    32189,
    32216,
    39374,
    39483,
    114604,
    114608,
    114612,
    114616,
    114645,
    114655,
    114657,
    114659,
    114702,
    115033,
    115035,
    115296,
    115304,
    118571
  ],
  "y_pred": [
    4,
    0,
    1,
    0,
    4,
    3,
    5,
    0,
    0,
    0,
    0,
    0,
    4,
    0,
    0,
    0,
    0,
    0,
    0,
    0,
    0,
    0,
    0,
    0,
    0,
    0,
    4
  ],
  "y_true": [
    0,
    1,
    0,
    2,
    0,
    0,
    3,
    4,
    4,
    4,
    4,
    5,
    5,
    5,
    5,
    5,
    5,
    5,
    5,
    5,
    5,
    5,
    5,
    5,
    5,
    5,
    0
  ]
}