{
  "Accuracy": 0.9994233560676861,
  "Macro Precision": 0.8322234433936563,
  "Macro Recall": 0.9075844890961745,
  "Macro F1": 0.8500942676200022,
  "False Alarms": 10,
  "False Alarm Rate": 0.00047929447852760736,
  "Missed Attacks": 14,
  "Detection Rate": 0.9995241655903746,
  "Confusion Matrix (actual_pred)": [
    [
      20854,
      2,
      6,
      1,
      1,
      0
    ],
    [
      0,
      7,
      1,
      0,
      0,
      0
    ],
    [
      0,
      0,
      9,
      0,
      0,
      0
    ],
    [
      0,
      0,
      4,
      10,
      0,
      0
    ],
    [
      1,
      0,
      0,
      0,
      6,
      0
    ],
    [
      13,
      0,
      0,
      0,
      0,
      29376
    ]
  ],
  "missclassified_indices": [
    8670,
    8674,
    9326,
    9327,
    9817,
    11693,
    11694,
    11700,
    11737,
    11739,
    12702,
    12825,
    12892,
    14182,
    15788,
    15942,
    45847,
    45851,
    45852,
    45866,
    45869,
    45870,
    45871,
    45872,
    45873,
    45890,
    46115,
    46117,
    49834
  ],
  "real_flow_indices": [
    21649,
    21662,
    23250,
    23251,
    24389,
    29039,
    29040,
    29049,
    29136,
    29143,
    31661,
    32016,
    32192,
    35497,
    39483,
    39856,
    114604,
    114612,
    114614,
    114645,
    114649,
    114651,
    114653,
    114655,
    114657,
    114702,
    115296,
    115300,
    124653
  ],
  "y_pred": [
    2,
    1,
    2,
    1,
    2,
    2,
    2,
    2,
    2,
    3,
    2,
    0,
    4,
    2,
    0,
    2,
    0,
    0,
    0,
    0,
    0,
    0,
    0,
    0,
    0,
    0,
    0,
    0,
    2
  ],
  "y_true": [
    1,
    0,
    0,
    0,
    0,
    3,
    3,
    3,
    3,
    0,
    0,
    4,
    0,
    0,
    5,
    0,
    5,
    5,
    5,
    5,
    5,
    5,
    5,
    5,
    5,
    5,
    5,
    5,
    0
  ]
}