{
  "Accuracy": 0.9965799049531725,
  "Macro Precision": 0.5690112862900547,
  "Macro Recall": 0.7239766994063584,
  "Macro F1": 0.5990830086283003,
  "False Alarms": 143,
  "False Alarm Rate": 0.006853911042944786,
  "Missed Attacks": 26,
  "Detection Rate": 0.9991163675910821,
  "Confusion Matrix (actual_pred)": [
    [
      20721,
      3,
      10,
      126,
      4,
      0
    ],
    [
      0,
      7,
      1,
      0,
      0,
      0
    ],
    [
      5,
      0,
      3,
      1,
      0,
      0
    ],
    [
      4,
      0,
      0,
      10,
      0,
      0
    ],
    [
      4,
      0,
      0,
      0,
      3,
      0
    ],
    [
      13,
      0,
      0,
      1,
      0,
      29375
    ]
  ],
  "missclassified_indices": [
    1,
    54,
    2574,
    3227,
    5459,
    5460,
    5963,
    7508,
    7509,
    7928,
    8105,
    8336,
    8337,
    8429,
    8670,
    8954,
    8977,
    9104,
    9215,
    9326,
    9327,
    9420,
    9454,
    9710,
    9711,
    9712,
    9750,
    9753,
    9817,
    9835,
    9943,
    9945,
    10209,
    10210,
    10211,
    10366,
    10367,
    10431,
    10467,
    10468,
    10587,
    10682,
    10683,
    10800,
    10995,
    11140,
    11236,
    11347,
    11693,
    11700,
    11701,
    11702,
    11707,
    11708,
    11709,
    11716,
    11717,
    11718,
    11719,
    11720,
    11721,
    11737,
    11738,
    11739,
    11743,
    11746,
    11747,
    11748,
    11771,
    11772,
    12079,
    12161,
    12425,
    12468,
    12475,
    12476,
    12512,
    12513,
    12702,
    12800,
    12806,
    12808,
    12825,
    12891,
    12892,
    12893,
    12905,
    13238,
    13307,
    13308,
    13309,
    13426,
    13575,
    13853,
    14011,
    14019,
    14020,
    14502,
    14674,
    14791,
    14873,
    14874,
    14875,
    14921,
    15043,
    15044,
    15046,
    15062,
    15106,
    15288,
    15289,
    15290,
    15410,
    15703,
    15706,
    15788,
    15790,
    15942,
    15943,
    45403,
    45505,
    45699,
    45760,
    45761,
    45831,
    45847,
    45851,
    45852,
    45853,
    45854,
    45866,
    45869,
    45870,
    45871,
    45872,
    45873,
    45890,
    45893,
    46056,
    46115,
    46117,
    46228,
    46428,
    46504,
    46529,
    46668,
    47301,
    47446,
    47447,
    47487,
    47585,
    47935,
    48008,
    48195,
    48196,
    48309,
    48504,
    48700,
    48717,
    48789,
    48847,
    48962,
    49287,
    49288,
    49375,
    49398,
    49661,
    49747,
    49834,
    49989,
    50255,
    50258
  ],
  "real_flow_indices": [
    104,
    231,
    6574,
    8219,
    13788,
    13789,
    15125,
    18804,
    18805,
    19889,
    20294,
    20849,
    20850,
    21067,
    21649,
    22328,
    22385,
    22672,
    22957,
    23250,
    23251,
    23478,
    23543,
    24135,
    24136,
    24139,
    24223,
    24228,
    24389,
    24430,
    24685,
    24688,
    25363,
    25366,
    25367,
    25735,
    25736,
    25898,
    25993,
    25994,
    26308,
    26559,
    26561,
    26827,
    27343,
    27681,
    27923,
    28185,
    29039,
    29049,
    29052,
    29056,
    29069,
    29070,
    29072,
    29083,
    29086,
    29087,
    29089,
    29092,
    29093,
    29136,
    29142,
    29143,
    29149,
    29159,
    29162,
    29165,
    29233,
    29234,
    29986,
    30216,
    30936,
    31033,
    31048,
    31049,
    31146,
    31149,
    31661,
    31953,
    31974,
    31981,
    32016,
    32189,
    32192,
    32196,
    32223,
    33093,
    33279,
    33280,
    33281,
    33581,
    33937,
    34671,
    35044,
    35066,
    35068,
    36323,
    36821,
    37102,
    37291,
    37292,
    37293,
    37397,
    37672,
    37674,
    37679,
    37715,
    37827,
    38262,
    38263,
    38264,
    38573,
    39288,
    39293,
    39483,
    39487,
    39856,
    39857,
    113511,
    113743,
    114227,
    114379,
    114380,
    114570,
    114604,
    114612,
    114614,
    114617,
    114618,
    114645,
    114649,
    114651,
    114653,
    114655,
    114657,
    114702,
    114711,
    115154,
    115296,
    115300,
    115567,
    116038,
    116229,
    116285,
    116613,
    118208,
    118566,
    118567,
    118677,
    118953,
    119817,
    119986,
    120524,
    120525,
    120785,
    121292,
    121806,
    121846,
    122043,
    122195,
    122469,
    123289,
    123290,
    123512,
    123566,
    124239,
    124451,
    124653,
    125066,
    125725,
    125735
  ],
  "y_pred": [
    2,
    3,
    3,
    3,
    3,
    3,
    3,
    3,
    3,
    3,
    3,
    3,
    3,
    3,
    2,
    2,
    3,
    3,
    2,
    2,
    1,
    3,
    3,
    0,
    0,
    2,
    3,
    3,
    2,
    3,
    0,
    3,
    3,
    3,
    3,
    0,
    0,
    3,
    3,
    3,
    3,
    2,
    3,
    2,
    3,
    3,
    3,
    3,
    0,
    0,
    3,
    0,
    3,
    3,
    3,
    3,
    3,
    3,
    3,
    3,
    3,
    0,
    3,
    3,
    3,
    3,
    3,
    3,
    3,
    3,
    3,
    3,
    3,
    3,
    3,
    3,
    3,
    3,
    1,
    3,
    0,
    0,
    0,
    0,
    4,
    4,
    4,
    3,
    3,
    3,
    3,
    4,
    3,
    3,
    3,
    3,
    3,
    3,
    3,
    3,
    3,
    3,
    3,
    3,
    3,
    3,
    3,
    3,
    3,
    3,
    3,
    3,
    3,
    3,
    3,
    0,
    3,
    3,
    3,
    3,
    3,
    3,
    3,
    3,
    3,
    0,
    0,
    0,
    3,
    3,
    0,
    0,
    0,
    0,
    0,
    0,
    0,
    2,
    3,
    0,
    0,
    3,
    3,
    3,
    3,
    3,
    3,
    3,
    3,
    3,
    3,
    3,
    3,
    3,
    3,
    3,
    3,
    3,
    3,
    3,
    3,
    3,
    3,
    3,
    2,
    3,
    3,
    3,
    1,
    3,
    3,
    3
  ],
  "y_true": [
    0,
    0,
    0,
    0,
    0,
    0,
    0,
    0,
    0,
    0,
    0,
    0,
    0,
    0,
    1,
    0,
    0,
    0,
    0,
    0,
    0,
    0,
    0,
    2,
    2,
    0,
    0,
    0,
    0,
    0,
    2,
    2,
    0,
    0,
    0,
    2,
    2,
    0,
    0,
    0,
    0,
    0,
    0,
    0,
    0,
    0,
    0,
    0,
    3,
    3,
    0,
    3,
    0,
    0,
    0,
    0,
    0,
    0,
    0,
    0,
    0,
    3,
    0,
    0,
    0,
    0,
    0,
    0,
    0,
    0,
    0,
    0,
    0,
    0,
    0,
    0,
    0,
    0,
    0,
    0,
    4,
    4,
    4,
    4,
    0,
    0,
    0,
    0,
    0,
    0,
    0,
    0,
    0,
    0,
    0,
    0,
    0,
    0,
    0,
    0,
    0,
    0,
    0,
    0,
    0,
    0,
    0,
    0,
    0,
    0,
    0,
    0,
    0,
    0,
    0,
    5,
    0,
    0,
    5,
    0,
    0,
    0,
    0,
    0,
    0,
    5,
    5,
    5,
    0,
    0,
    5,
    5,
    5,
    5,
    5,
    5,
    5,
    0,
    0,
    5,
    5,
    0,
    0,
    0,
    0,
    0,
    0,
    0,
    0,
    0,
    0,
    0,
    0,
    0,
    0,
    0,
    0,
    0,
    0,
    0,
    0,
    0,
    0,
    0,
    0,
    0,
    0,
    0,
    0,
    0,
    0,
    0
  ]
}