{
  "accuracy": 0.9992046290588773,
  "precision": 0.9122049159409195,
  "recall": 0.5994393485842778,
  "f1": 0.6662818755194885,
  "confusion_matrix": [
    [
      20861,
      1,
      0,
      2,
      0,
      0
    ],
    [
      1,
      7,
      0,
      0,
      0,
      0
    ],
    [
      7,
      0,
      2,
      0,
      0,
      0
    ],
    [
      11,
      0,
      0,
      3,
      0,
      0
    ],
    [
      5,
      0,
      0,
      0,
      2,
      0
    ],
    [
      13,
      0,
      0,
      0,
      0,
      29376
    ]
  ],
  "misclassified_indices": [
    8670,
    9327,
    9710,
    9711,
    9943,
    9945,
    10366,
    10367,
    10368,
    11693,
    11694,
    11700,
    11702,
    11703,
    11704,
    11705,
    11737,
    11739,
    11740,
    11741,
    11744,
    11746,
    12803,
    12806,
    12808,
    12825,
    12891,
    15788,
    45847,
    45851,
    45852,
    45866,
    45869,
    45870,
    45871,
    45872,
    45873,
    45890,
    46115,
    46117
  ],
  "real_flow_indices": [
    21649,
    23251,
    24135,
    24136,
    24685,
    24688,
    25735,
    25736,
    25739,
    29039,
    29040,
    29049,
    29056,
    29057,
    29059,
    29063,
    29136,
    29143,
    29145,
    29146,
    29152,
    29159,
    31966,
    31974,
    31981,
    32016,
    32189,
    39483,
    114604,
    114612,
    114614,
    114645,
    114649,
    114651,
    114653,
    114655,
    114657,
    114702,
    115296,
    115300
  ],
  "y_pred": [
    0,
    1,
    0,
    0,
    0,
    0,
    0,
    0,
    0,
    0,
    0,
    0,
    0,
    0,
    0,
    0,
    0,
    3,
    0,
    0,
    0,
    3,
    0,
    0,
    0,
    0,
    0,
    0,
    0,
    0,
    0,
    0,
    0,
    0,
    0,
    0,
    0,
    0,
    0,
    0
  ],
  "y_true": [
    1,
    0,
    2,
    2,
    2,
    2,
    2,
    2,
    2,
    3,
    3,
    3,
    3,
    3,
    3,
    3,
    3,
    0,
    3,
    3,
    3,
    0,
    4,
    4,
    4,
    4,
    4,
    5,
    5,
    5,
    5,
    5,
    5,
    5,
    5,
    5,
    5,
    5,
    5,
    5
  ]
}