{
  "Accuracy": 0.9976744648287651,
  "Macro Precision": 0.6097510318691876,
  "Macro Recall": 0.7935054887420848,
  "Macro F1": 0.6368835776753129,
  "False Alarms": 89,
  "False Alarm Rate": 0.0042616357019728025,
  "Missed Attacks": 25,
  "Detection Rate": 0.9991503534529635,
  "Confusion Matrix (actual_pred)": [
    [
      20795,
      0,
      33,
      48,
      8,
      0
    ],
    [
      0,
      6,
      2,
      0,
      0,
      0
    ],
    [
      5,
      0,
      4,
      0,
      0,
      0
    ],
    [
      2,
      0,
      0,
      12,
      0,
      0
    ],
    [
      2,
      0,
      0,
      0,
      5,
      0
    ],
    [
      16,
      0,
      0,
      0,
      1,
      29372
    ]
  ],
  "missclassified_indices": [
    5262,
    5476,
    7521,
    7522,
    7523,
    8279,
    8656,
    8690,
    8708,
    8904,
    8905,
    8960,
    8993,
    9148,
    9149,
    9338,
    9339,
    9441,
    9459,
    9468,
    9469,
    9725,
    9733,
    9832,
    9850,
    9955,
    10067,
    10143,
    10251,
    10373,
    10374,
    10376,
    10472,
    10478,
    10504,
    10814,
    11105,
    11722,
    11729,
    11744,
    11747,
    11748,
    11751,
    11755,
    11756,
    11779,
    11781,
    11852,
    12440,
    12481,
    12486,
    12487,
    12531,
    12533,
    12819,
    12827,
    12905,
    12911,
    12929,
    13874,
    14041,
    14824,
    15074,
    15075,
    15076,
    15090,
    15095,
    15381,
    15452,
    15683,
    15731,
    15808,
    15811,
    15812,
    15959,
    45337,
    45338,
    45521,
    45522,
    45757,
    45758,
    45841,
    45842,
    45845,
    45846,
    45857,
    45858,
    45860,
    46005,
    46007,
    46009,
    46021,
    46110,
    46112,
    46114,
    46117,
    46119,
    46510,
    46924,
    47305,
    47446,
    47447,
    47574,
    48508,
    48509,
    49251,
    49302,
    49303,
    49661,
    49662,
    49668,
    49753,
    49846,
    49954,
    49959,
    49960,
    50020
  ],
  "real_flow_indices": [
    13249,
    13788,
    18804,
    18805,
    18806,
    20670,
    21578,
    21649,
    21684,
    22168,
    22169,
    22310,
    22385,
    22763,
    22764,
    23252,
    23253,
    23480,
    23525,
    23541,
    23543,
    24140,
    24154,
    24389,
    24429,
    24688,
    24979,
    25173,
    25445,
    25734,
    25735,
    25741,
    25976,
    25994,
    26060,
    26827,
    27558,
    29066,
    29090,
    29136,
    29141,
    29143,
    29148,
    29159,
    29161,
    29214,
    29217,
    29402,
    30936,
    31033,
    31049,
    31051,
    31146,
    31149,
    31965,
    31985,
    32189,
    32220,
    32261,
    34670,
    35067,
    37099,
    37676,
    37677,
    37678,
    37715,
    37727,
    38402,
    38585,
    39173,
    39288,
    39483,
    39487,
    39489,
    39857,
    113314,
    113315,
    113742,
    113743,
    114379,
    114380,
    114604,
    114608,
    114616,
    114617,
    114649,
    114655,
    114659,
    115033,
    115035,
    115037,
    115068,
    115296,
    115300,
    115302,
    115306,
    115308,
    116230,
    117244,
    118207,
    118566,
    118569,
    118953,
    121292,
    121293,
    123138,
    123289,
    123290,
    124239,
    124241,
    124259,
    124451,
    124653,
    124946,
    124955,
    124958,
    125146
  ],
  "y_pred": [
    4,
    3,
    3,
    3,
    3,
    4,
    3,
    2,
    2,
    3,
    3,
    4,
    3,
    3,
    3,
    2,
    2,
    2,
    2,
    2,
    2,
    2,
    2,
    2,
    3,
    0,
    3,
    2,
    2,
    0,
    0,
    2,
    0,
    2,
    0,
    2,
    3,
    3,
    3,
    0,
    3,
    3,
    3,
    3,
    3,
    0,
    2,
    3,
    2,
    3,
    3,
    3,
    3,
    3,
    0,
    2,
    0,
    4,
    4,
    3,
    3,
    2,
    3,
    3,
    3,
    3,
    2,
    3,
    2,
    3,
    2,
    4,
    2,
    2,
    0,
    2,
    2,
    2,
    2,
    2,
    2,
    0,
    0,
    0,
    2,
    0,
    0,
    0,
    0,
    0,
    0,
    0,
    0,
    0,
    0,
    0,
    0,
    3,
    2,
    3,
    3,
    4,
    3,
    3,
    3,
    4,
    3,
    3,
    3,
    3,
    3,
    2,
    2,
    3,
    3,
    3,
    4
  ],
  "y_true": [
    0,
    0,
    0,
    0,
    0,
    0,
    0,
    1,
    1,
    0,
    0,
    0,
    0,
    0,
    0,
    0,
    0,
    0,
    0,
    0,
    0,
    0,
    0,
    0,
    0,
    2,
    0,
    0,
    0,
    2,
    2,
    0,
    2,
    0,
    2,
    0,
    0,
    0,
    0,
    3,
    0,
    0,
    0,
    0,
    0,
    3,
    0,
    0,
    0,
    0,
    0,
    0,
    0,
    0,
    4,
    0,
    4,
    0,
    0,
    0,
    0,
    0,
    0,
    0,
    0,
    0,
    0,
    0,
    0,
    0,
    0,
    5,
    0,
    0,
    5,
    0,
    0,
    0,
    0,
    0,
    0,
    5,
    5,
    5,
    0,
    5,
    5,
    5,
    5,
    5,
    5,
    5,
    5,
    5,
    5,
    5,
    5,
    0,
    0,
    0,
    0,
    0,
    0,
    0,
    0,
    0,
    0,
    0,
    0,
    0,
    0,
    0,
    0,
    0,
    0,
    0,
    0
  ]
}