{
  "Accuracy": 0.9989270173068134,
  "Macro Precision": 0.41074725367158993,
  "Macro Recall": 0.4790224118236255,
  "Macro F1": 0.43452839556244277,
  "False Alarms": 6,
  "False Alarm Rate": 0.00028708133971291867,
  "Missed Attacks": 45,
  "Detection Rate": 0.9984706362153344,
  "Confusion Matrix (actual_pred)": [
    [
      20894,
      5,
      0,
      0,
      0,
      1
    ],
    [
      1,
      7,
      0,
      0,
      0,
      0
    ],
    [
      7,
      2,
      0,
      0,
      0,
      0
    ],
    [
      14,
      0,
      0,
      0,
      0,
      0
    ],
    [
      7,
      0,
      0,
      0,
      0,
      0
    ],
    [
      16,
      1,
      0,
      0,
      0,
      29372
    ]
  ],
  "misclassified_indices": [
    8451,
    8813,
    8819,
    8820,
    9789,
    9795,
    9987,
    10078,
    10383,
    10384,
    10385,
    10386,
    10407,
    10408,
    10471,
    11696,
    11697,
    11699,
    11700,
    11736,
    11737,
    11738,
    11740,
    11743,
    11744,
    11745,
    11746,
    11776,
    11777,
    12855,
    12856,
    12863,
    12934,
    12935,
    12943,
    12945,
    15788,
    15839,
    15974,
    15975,
    25927,
    45886,
    45887,
    45888,
    45890,
    45903,
    45906,
    45907,
    45908,
    45926,
    46053,
    46054,
    46150,
    46153
  ],
  "real_flow_indices": [
    20738,
    21650,
    21663,
    21666,
    24136,
    24152,
    24688,
    24927,
    25734,
    25735,
    25739,
    25740,
    25811,
    25812,
    25976,
    29040,
    29050,
    29056,
    29064,
    29136,
    29138,
    29140,
    29146,
    29151,
    29153,
    29156,
    29157,
    29214,
    29215,
    31965,
    31966,
    31981,
    32189,
    32190,
    32216,
    32221,
    39374,
    39483,
    39859,
    39862,
    65110,
    114604,
    114608,
    114612,
    114616,
    114645,
    114655,
    114657,
    114659,
    114702,
    115033,
    115035,
    115296,
    115304
  ],
  "y_pred": [
    1,
    0,
    1,
    1,
    1,
    1,
    0,
    0,
    0,
    0,
    0,
    0,
    1,
    1,
    0,
    0,
    0,
    0,
    0,
    0,
    0,
    0,
    0,
    0,
    0,
    0,
    0,
    0,
    0,
    0,
    0,
    0,
    0,
    0,
    0,
    0,
    0,
    0,
    0,
    1,
    5,
    0,
    0,
    0,
    0,
    0,
    0,
    0,
    0,
    0,
    0,
    0,
    0,
    0
  ],
  "y_true": [
    0,
    1,
    0,
    0,
    2,
    2,
    2,
    2,
    2,
    2,
    2,
    2,
    0,
    0,
    2,
    3,
    3,
    3,
    3,
    3,
    3,
    3,
    3,
    3,
    3,
    3,
    3,
    3,
    3,
    4,
    4,
    4,
    4,
    4,
    4,
    4,
    5,
    5,
    5,
    5,
    0,
    5,
    5,
    5,
    5,
    5,
    5,
    5,
    5,
    5,
    5,
    5,
    5,
    5
  ]
}