{
  "Accuracy": 0.9955093687285155,
  "Macro Precision": 0.49801137534410267,
  "Macro Recall": 0.9374153521835343,
  "Macro F1": 0.5760074914582282,
  "False Alarms": 208,
  "False Alarm Rate": 0.009952153110047848,
  "Missed Attacks": 15,
  "Detection Rate": 0.9994902120717781,
  "Confusion Matrix (actual_pred)": [
    [
      20692,
      7,
      32,
      139,
      27,
      3
    ],
    [
      0,
      8,
      0,
      0,
      0,
      0
    ],
    [
      1,
      0,
      7,
      1,
      0,
      0
    ],
    [
      2,
      0,
      0,
      12,
      0,
      0
    ],
    [
      0,
      0,
      0,
      0,
      7,
      0
    ],
    [
      12,
      0,
      2,
      0,
      0,
      29375
    ]
  ],
  "missclassified_indices": [
    652,
    2600,
    2601,
    2603,
    3258,
    3590,
    3599,
    3994,
    4974,
    5495,
    5498,
    5499,
    5500,
    5501,
    5753,
    6004,
    6010,
    6231,
    6520,
    6915,
    6918,
    7084,
    7491,
    7537,
    7540,
    7664,
    7666,
    7956,
    7957,
    8117,
    8235,
    8296,
    8372,
    8373,
    8462,
    8888,
    8920,
    8923,
    8981,
    9012,
    9013,
    9169,
    9242,
    9359,
    9360,
    9460,
    9494,
    9586,
    9622,
    9623,
    9630,
    9748,
    9755,
    9782,
    9783,
    9797,
    9854,
    9869,
    9870,
    9871,
    9872,
    9873,
    9973,
    10085,
    10086,
    10181,
    10235,
    10236,
    10392,
    10460,
    10461,
    10462,
    10497,
    10622,
    10715,
    11070,
    11124,
    11173,
    11268,
    11459,
    11585,
    11586,
    11587,
    11729,
    11738,
    11739,
    11744,
    11746,
    11747,
    11767,
    11769,
    11771,
    11774,
    11775,
    11776,
    11802,
    11804,
    11870,
    12189,
    12190,
    12191,
    12209,
    12433,
    12505,
    12506,
    12524,
    12559,
    12712,
    12728,
    12836,
    12837,
    12922,
    12933,
    12947,
    12948,
    12949,
    13451,
    13600,
    13602,
    13698,
    13767,
    13877,
    13878,
    13879,
    13924,
    13963,
    14051,
    14052,
    14215,
    14237,
    14526,
    14719,
    14785,
    14788,
    14904,
    14905,
    14906,
    15068,
    15069,
    15070,
    15071,
    15072,
    15185,
    15192,
    15193,
    15194,
    15321,
    15447,
    15628,
    15734,
    15816,
    15949,
    15965,
    26446,
    26461,
    37272,
    45352,
    45353,
    45436,
    45527,
    45682,
    45856,
    45871,
    45872,
    45873,
    45874,
    45875,
    45876,
    45887,
    45889,
    45891,
    45917,
    46035,
    46037,
    46082,
    46110,
    46139,
    46141,
    46142,
    46263,
    46455,
    46493,
    46495,
    46532,
    46548,
    46569,
    46905,
    46949,
    47345,
    47477,
    47478,
    47479,
    47517,
    47518,
    47609,
    47623,
    47701,
    47963,
    47984,
    48034,
    48223,
    48518,
    48519,
    48585,
    48709,
    48724,
    48791,
    48795,
    48859,
    48919,
    49106,
    49301,
    49409,
    49413,
    49414,
    49415,
    49553,
    49670,
    49671,
    49677,
    49850,
    49968,
    49970,
    50009,
    50010,
    50289
  ],
  "real_flow_indices": [
    1638,
    6574,
    6575,
    6578,
    8219,
    9086,
    9111,
    10069,
    12451,
    13784,
    13787,
    13788,
    13789,
    13791,
    14438,
    15112,
    15125,
    15672,
    16356,
    17281,
    17284,
    17641,
    18686,
    18799,
    18808,
    19168,
    19172,
    19887,
    19889,
    20247,
    20539,
    20670,
    20851,
    20852,
    21067,
    22073,
    22156,
    22168,
    22318,
    22385,
    22386,
    22764,
    22957,
    23250,
    23252,
    23479,
    23542,
    23760,
    23843,
    23845,
    23862,
    24136,
    24153,
    24222,
    24228,
    24266,
    24389,
    24426,
    24428,
    24429,
    24432,
    24433,
    24688,
    24977,
    24979,
    25215,
    25363,
    25364,
    25733,
    25898,
    25901,
    25902,
    25994,
    26307,
    26559,
    27433,
    27560,
    27682,
    27922,
    28406,
    28719,
    28720,
    28721,
    29049,
    29067,
    29070,
    29086,
    29089,
    29090,
    29136,
    29143,
    29150,
    29158,
    29160,
    29167,
    29233,
    29237,
    29402,
    30216,
    30217,
    30218,
    30265,
    30883,
    31047,
    31051,
    31086,
    31184,
    31613,
    31662,
    31968,
    31969,
    32192,
    32223,
    32261,
    32262,
    32263,
    33581,
    33940,
    33944,
    34198,
    34394,
    34670,
    34672,
    34675,
    34792,
    34868,
    35067,
    35068,
    35497,
    35540,
    36322,
    36873,
    37041,
    37045,
    37297,
    37298,
    37299,
    37674,
    37675,
    37677,
    37678,
    37679,
    37952,
    37967,
    37968,
    37969,
    38262,
    38575,
    39012,
    39293,
    39483,
    39819,
    39857,
    66086,
    66119,
    93042,
    113313,
    113315,
    113519,
    113742,
    114152,
    114570,
    114608,
    114612,
    114614,
    114616,
    114617,
    114618,
    114647,
    114655,
    114661,
    114711,
    115033,
    115037,
    115146,
    115231,
    115298,
    115300,
    115304,
    115567,
    116038,
    116139,
    116142,
    116229,
    116284,
    116336,
    117120,
    117244,
    118208,
    118565,
    118566,
    118569,
    118677,
    118678,
    118952,
    119003,
    119186,
    119816,
    119872,
    120003,
    120525,
    121292,
    121293,
    121464,
    121806,
    121846,
    122027,
    122046,
    122192,
    122354,
    122820,
    123290,
    123569,
    123580,
    123581,
    123584,
    123912,
    124240,
    124241,
    124259,
    124654,
    124960,
    124962,
    125067,
    125069,
    125723
  ],
  "y_pred": [
    3,
    3,
    3,
    3,
    3,
    2,
    2,
    4,
    4,
    3,
    3,
    3,
    3,
    3,
    3,
    3,
    3,
    3,
    3,
    3,
    3,
    2,
    3,
    3,
    3,
    3,
    3,
    3,
    3,
    4,
    4,
    4,
    3,
    4,
    3,
    4,
    2,
    3,
    2,
    3,
    3,
    3,
    2,
    1,
    2,
    3,
    3,
    3,
    2,
    3,
    2,
    0,
    2,
    3,
    3,
    2,
    2,
    3,
    3,
    3,
    3,
    3,
    3,
    3,
    3,
    4,
    3,
    3,
    2,
    3,
    4,
    3,
    3,
    3,
    2,
    3,
    3,
    3,
    2,
    2,
    3,
    3,
    3,
    0,
    3,
    3,
    3,
    3,
    3,
    0,
    3,
    3,
    3,
    3,
    3,
    3,
    3,
    3,
    3,
    3,
    3,
    2,
    3,
    3,
    3,
    3,
    3,
    1,
    1,
    4,
    4,
    4,
    4,
    4,
    4,
    4,
    4,
    3,
    3,
    2,
    3,
    3,
    3,
    3,
    3,
    4,
    3,
    3,
    1,
    2,
    3,
    4,
    3,
    3,
    3,
    3,
    3,
    3,
    3,
    3,
    3,
    3,
    3,
    2,
    3,
    3,
    3,
    3,
    2,
    3,
    2,
    4,
    2,
    5,
    5,
    5,
    4,
    1,
    3,
    2,
    4,
    3,
    0,
    0,
    0,
    0,
    3,
    3,
    0,
    0,
    0,
    2,
    0,
    0,
    3,
    2,
    0,
    0,
    0,
    3,
    2,
    3,
    3,
    3,
    3,
    4,
    3,
    1,
    3,
    3,
    3,
    4,
    3,
    3,
    3,
    4,
    4,
    3,
    3,
    2,
    3,
    3,
    3,
    3,
    3,
    3,
    3,
    3,
    2,
    4,
    3,
    3,
    3,
    2,
    2,
    2,
    3,
    3,
    3,
    2,
    1,
    3,
    3,
    3,
    3,
    2
  ],