{
  "Accuracy": 0.9991257178055517,
  "Macro Precision": 0.6959857966306805,
  "Macro Recall": 0.5980950185210955,
  "Macro F1": 0.6266730729432666,
  "False Alarms": 5,
  "False Alarm Rate": 0.00023923444976076556,
  "Missed Attacks": 39,
  "Detection Rate": 0.9986746865123866,
  "Confusion Matrix (actual_pred)": [
    [
      20895,
      2,
      0,
      3,
      0,
      0
    ],
    [
      1,
      7,
      0,
      0,
      0,
      0
    ],
    [
      9,
      0,
      0,
      0,
      0,
      0
    ],
    [
      12,
      0,
      0,
      2,
      0,
      0
    ],
    [
      3,
      0,
      0,
      0,
      4,
      0
    ],
    [
      14,
      0,
      0,
      0,
      0,
      29375
    ]
  ],
  "missclassified_indices": [
    8714,
    9748,
    9749,
    9973,
    9974,
    10394,
    10395,
    10489,
    10490,
    10519,
    11729,
    11731,
    11732,
    11733,
    11734,
    11735,
    11736,
    11767,
    11768,
    11769,
    11772,
    11773,
    11774,
    11775,
    11794,
    12728,
    12923,
    12931,
    12932,
    15816,
    15965,
    45871,
    45872,
    45873,
    45874,
    45887,
    45889,
    45891,
    46035,
    46037,
    46139,
    46141,
    46142,
    49850
  ],
  "real_flow_indices": [
    21649,
    24136,
    24138,
    24688,
    24689,
    25739,
    25740,
    25976,
    25977,
    26061,
    29049,
    29057,
    29058,
    29059,
    29061,
    29063,
    29064,
    29136,
    29137,
    29143,
    29155,
    29156,
    29158,
    29160,
    29215,
    31662,
    32194,
    32216,
    32222,
    39483,
    39857,
    114608,
    114612,
    114614,
    114616,
    114647,
    114655,
    114661,
    115033,
    115037,
    115298,
    115300,
    115304,
    124654
  ],
  "y_pred": [
    0,
    0,
    0,
    0,
    0,
    0,
    0,
    0,
    0,
    0,
    0,
    0,
    0,
    0,
    0,
    0,
    0,
    0,
    0,
    3,
    0,
    0,
    3,
    3,
    0,
    1,
    0,
    0,
    0,
    0,
    0,
    0,
    0,
    0,
    0,
    0,
    0,
    0,
    0,
    0,
    0,
    0,
    0,
    1
  ],
  "y_true": [
    1,
    2,
    2,
    2,
    2,
    2,
    2,
    2,
    2,
    2,
    3,
    3,
    3,
    3,
    3,
    3,
    3,
    3,
    3,
    0,
    3,
    3,
    0,
    0,
    3,
    0,
    4,
    4,
    4,
    5,
    5,
    5,
    5,
    5,
    5,
    5,
    5,
    5,
    5,
    5,
    5,
    5,
    5,
    0
  ]
}