{
  "Accuracy": 0.9985296163093369,
  "Macro Precision": 0.599472072929851,
  "Macro Recall": 0.9029257690142177,
  "Macro F1": 0.6903301506323695,
  "False Alarms": 53,
  "False Alarm Rate": 0.002535885167464115,
  "Missed Attacks": 16,
  "Detection Rate": 0.9994561892461423,
  "Confusion Matrix (actual_pred)": [
    [
      20847,
      5,
      23,
      12,
      11,
      2
    ],
    [
      0,
      8,
      0,
      0,
      0,
      0
    ],
    [
      1,
      1,
      7,
      0,
      0,
      0
    ],
    [
      0,
      0,
      1,
      13,
      0,
      0
    ],
    [
      1,
      0,
      1,
      0,
      5,
      0
    ],
    [
      14,
      0,
      1,
      0,
      1,
      29373
    ]
  ],
  "misclassified_indices": [
    1140,
    3594,
    7978,
    8108,
    8446,
    8447,
    8819,
    8961,
    9079,
    9365,
    9453,
    9454,
    9546,
    10078,
    10274,
    10383,
    10623,
    10745,
    10837,
    11109,
    11388,
    11678,
    11701,
    11702,
    11739,
    11741,
    11742,
    11746,
    11747,
    12120,
    12711,
    12721,
    12738,
    12934,
    12936,
    12943,
    12944,
    12958,
    13390,
    13954,
    14802,
    15474,
    15718,
    15788,
    15839,
    15973,
    15974,
    25927,
    45349,
    45774,
    45775,
    45886,
    45887,
    45888,
    45890,
    45903,
    45906,
    45907,
    45908,
    45926,
    45993,
    46053,
    46054,
    46099,
    46150,
    46153,
    46536,
    47430,
    47615,
    48313,
    50074,
    50090,
    50241,
    50242
  ],
  "real_flow_indices": [
    2788,
    8824,
    19583,
    19888,
    20729,
    20730,
    21663,
    22012,
    22310,
    23035,
    23250,
    23252,
    23529,
    24927,
    25449,
    25734,
    26355,
    26667,
    26877,
    27590,
    28255,
    28997,
    29066,
    29069,
    29141,
    29149,
    29150,
    29157,
    29159,
    30102,
    31593,
    31613,
    31662,
    32189,
    32192,
    32216,
    32219,
    32261,
    33331,
    34782,
    36873,
    38565,
    39191,
    39374,
    39483,
    39855,
    39859,
    65110,
    113307,
    114379,
    114380,
    114604,
    114608,
    114612,
    114616,
    114645,
    114655,
    114657,
    114659,
    114702,
    114887,
    115033,
    115035,
    115146,
    115296,
    115304,
    116229,
    118566,
    119028,
    120858,
    125167,
    125203,
    125620,
    125621
  ],
  "y_pred": [
    4,
    4,
    1,
    3,
    2,
    2,
    1,
    2,
    3,
    2,
    1,
    1,
    2,
    1,
    2,
    0,
    2,
    2,
    4,
    2,
    3,
    2,
    3,
    3,
    3,
    3,
    3,
    2,
    3,
    2,
    4,
    2,
    2,
    2,
    4,
    0,
    4,
    4,
    2,
    2,
    4,
    4,
    2,
    0,
    4,
    2,
    2,
    5,
    5,
    2,
    2,
    0,
    0,
    0,
    0,
    0,
    0,
    0,
    0,
    0,
    2,
    0,
    0,
    2,
    0,
    0,
    2,
    3,
    2,
    4,
    1,
    3,
    3,
    4
  ],
  "y_true": [
    0,
    0,
    0,
    0,
    0,
    0,
    0,
    0,
    0,
    0,
    0,
    0,
    0,
    2,
    0,
    2,
    0,
    0,
    0,
    0,
    0,
    0,
    0,
    0,
    0,
    0,
    0,
    3,
    0,
    0,
    0,
    0,
    0,
    4,
    0,
    4,
    0,
    0,
    0,
    0,
    0,
    0,
    0,
    5,
    5,
    0,
    5,
    0,
    0,
    0,
    0,
    5,
    5,
    5,
    5,
    5,
    5,
    5,
    5,
    5,
    0,
    5,
    5,
    0,
    5,
    5,
    0,
    0,
    0,
    0,
    0,
    0,
    0,
    0
  ]
}