{
  "Accuracy": 0.9988272942298901,
  "Macro Precision": 0.7344907739947963,
  "Macro Recall": 0.7900080896547603,
  "Macro F1": 0.7374132925798281,
  "False Alarms": 30,
  "False Alarm Rate": 0.0014365064163953266,
  "Missed Attacks": 29,
  "Detection Rate": 0.9990145104835695,
  "Confusion Matrix (actual_pred)": [
    [
      20854,
      0,
      17,
      11,
      2,
      0
    ],
    [
      2,
      6,
      0,
      0,
      0,
      0
    ],
    [
      2,
      0,
      7,
      0,
      0,
      0
    ],
    [
      5,
      0,
      0,
      9,
      0,
      0
    ],
    [
      3,
      0,
      0,
      0,
      4,
      0
    ],
    [
      17,
      0,
      0,
      0,
      0,
      29372
    ]
  ],
  "missclassified_indices": [
    1011,
    4544,
    4989,
    7522,
    8279,
    8690,
    8708,
    8852,
    9954,
    9955,
    10048,
    10251,
    10252,
    10375,
    10376,
    10814,
    11712,
    11719,
    11722,
    11744,
    11751,
    11752,
    11753,
    11755,
    11756,
    11779,
    12819,
    12905,
    12912,
    14733,
    14800,
    15074,
    15440,
    15808,
    15810,
    15959,
    45521,
    45841,
    45842,
    45845,
    45857,
    45858,
    45859,
    45860,
    46005,
    46007,
    46009,
    46021,
    46110,
    46112,
    46114,
    46117,
    46119,
    48361,
    49388,
    49417,
    49753,
    49754,
    50020
  ],
  "real_flow_indices": [
    2586,
    11402,
    12546,
    18805,
    20670,
    21649,
    21684,
    22030,
    24686,
    24688,
    24927,
    25445,
    25448,
    25738,
    25741,
    26827,
    29041,
    29061,
    29066,
    29136,
    29148,
    29151,
    29152,
    29159,
    29161,
    29214,
    31965,
    32189,
    32221,
    36885,
    37055,
    37676,
    38556,
    39483,
    39485,
    39857,
    113742,
    114604,
    114608,
    114616,
    114649,
    114655,
    114658,
    114659,
    115033,
    115035,
    115037,
    115068,
    115296,
    115300,
    115302,
    115306,
    115308,
    120890,
    123512,
    123586,
    124451,
    124452,
    125146
  ],
  "y_pred": [
    2,
    2,
    2,
    3,
    4,
    0,
    0,
    3,
    2,
    0,
    0,
    2,
    2,
    2,
    2,
    2,
    3,
    0,
    3,
    0,
    3,
    0,
    0,
    3,
    3,
    0,
    0,
    0,
    0,
    2,
    2,
    3,
    2,
    0,
    2,
    0,
    2,
    0,
    0,
    0,
    0,
    0,
    3,
    0,
    0,
    0,
    0,
    0,
    0,
    0,
    0,
    0,
    0,
    2,
    2,
    2,
    3,
    3,
    4
  ],
  "y_true": [
    0,
    0,
    0,
    0,
    0,
    1,
    1,
    0,
    0,
    2,
    2,
    0,
    0,
    0,
    0,
    0,
    0,
    3,
    0,
    3,
    0,
    3,
    3,
    0,
    0,
    3,
    4,
    4,
    4,
    0,
    0,
    0,
    0,
    5,
    0,
    5,
    0,
    5,
    5,
    5,
    5,
    5,
    0,
    5,
    5,
    5,
    5,
    5,
    5,
    5,
    5,
    5,
    5,
    0,
    0,
    0,
    0,
    0,
    0
  ]
}