{
  "Accuracy": 0.9994631246147422,
  "Macro Precision": 0.8545909083558546,
  "Macro Recall": 0.8080873932656815,
  "Macro F1": 0.8282306578562199,
  "False Alarms": 5,
  "False Alarm Rate": 0.00023964723926380368,
  "Missed Attacks": 20,
  "Detection Rate": 0.999320305862362,
  "Confusion Matrix (actual_pred)": [
    [
      20859,
      0,
      0,
      0,
      4,
      1
    ],
    [
      0,
      8,
      0,
      0,
      0,
      0
    ],
    [
      1,
      0,
      7,
      1,
      0,
      0
    ],
    [
      1,
      0,
      0,
      13,
      0,
      0
    ],
    [
      5,
      0,
      0,
      0,
      1,
      1
    ],
    [
      13,
      0,
      0,
      0,
      0,
      29376
    ]
  ],
  "misclassified_indices": [
    8408,
    10435,
    10470,
    10801,
    11671,
    12831,
    12834,
    12905,
    12906,
    12918,
    12919,
    15767,
    15814,
    26325,
    45886,
    45887,
    45889,
    45899,
    45901,
    45902,
    46047,
    46056,
    46061,
    46146,
    46148,
    50036,
    50255
  ],
  "real_flow_indices": [
    20729,
    25976,
    26060,
    26877,
    29051,
    31974,
    31981,
    32193,
    32194,
    32221,
    32222,
    39374,
    39483,
    66119,
    114608,
    114614,
    114616,
    114647,
    114649,
    114651,
    115037,
    115068,
    115074,
    115298,
    115304,
    125166,
    125737
  ],
  "y_pred": [
    4,
    0,
    3,
    4,
    0,
    0,
    0,
    0,
    5,
    0,
    0,
    0,
    0,
    5,
    0,
    0,
    0,
    0,
    0,
    0,
    0,
    0,
    0,
    0,
    0,
    4,
    4
  ],
  "y_true": [
    0,
    2,
    2,
    0,
    3,
    4,
    4,
    4,
    4,
    4,
    4,
    5,
    5,
    0,
    5,
    5,
    5,
    5,
    5,
    5,
    5,
    5,
    5,
    5,
    5,
    0,
    0
  ]
}