{
  "Accuracy": 0.9995229671443621,
  "Macro Precision": 0.8829920419889792,
  "Macro Recall": 0.9158826317434571,
  "Macro F1": 0.8915303071738975,
  "False Alarms": 4,
  "False Alarm Rate": 0.0001915341888527102,
  "Missed Attacks": 16,
  "Detection Rate": 0.9994562077286476,
  "Confusion Matrix (actual_pred)": [
    [
      20880,
      0,
      3,
      0,
      1,
      0
    ],
    [
      0,
      6,
      2,
      0,
      0,
      0
    ],
    [
      0,
      0,
      8,
      1,
      0,
      0
    ],
    [
      0,
      0,
      0,
      14,
      0,
      0
    ],
    [
      1,
      0,
      0,
      0,
      6,
      0
    ],
    [
      15,
      0,
      0,
      0,
      1,
      29373
    ]
  ],
  "missclassified_indices": [
    8279,
    8690,
    8708,
    10504,
    11780,
    11781,
    12819,
    15808,
    45841,
    45842,
    45845,
    45857,
    45858,
    45860,
    46005,
    46007,
    46009,
    46021,
    46110,
    46112,
    46114,
    46117,
    46119,
    46924
  ],
  "real_flow_indices": [
    20670,
    21649,
    21684,
    26060,
    29216,
    29217,
    31965,
    39483,
    114604,
    114608,
    114616,
    114649,
    114655,
    114659,
    115033,
    115035,
    115037,
    115068,
    115296,
    115300,
    115302,
    115306,
    115308,
    117244
  ],
  "y_pred": [
    4,
    2,
    2,
    3,
    2,
    2,
    0,
    4,
    0,
    0,
    0,
    0,
    0,
    0,
    0,
    0,
    0,
    0,
    0,
    0,
    0,
    0,
    0,
    2
  ],
  "y_true": [
    0,
    1,
    1,
    2,
    0,
    0,
    4,
    5,
    5,
    5,
    5,
    5,
    5,
    5,
    5,
    5,
    5,
    5,
    5,
    5,
    5,
    5,
    5,
    0
  ]
}