{
  "Accuracy": 0.999085687026694,
  "Macro Precision": 0.9440860900080166,
  "Macro Recall": 0.5101549147982337,
  "Macro F1": 0.5807553180082118,
  "False Alarms": 0,
  "False Alarm Rate": 0.0,
  "Missed Attacks": 45,
  "Detection Rate": 0.9984707401617617,
  "Confusion Matrix (actual_pred)": [
    [
      20884,
      0,
      0,
      0,
      0,
      0
    ],
    [
      2,
      5,
      1,
      0,
      0,
      0
    ],
    [
      7,
      0,
      2,
      0,
      0,
      0
    ],
    [
      13,
      0,
      0,
      1,
      0,
      0
    ],
    [
      6,
      0,
      0,
      0,
      1,
      0
    ],
    [
      17,
      0,
      0,
      0,
      0,
      29372
    ]
  ],
  "missclassified_indices": [
    8690,
    8691,
    8708,
    9724,
    9955,
    10048,
    10373,
    10374,
    10472,
    10504,
    11717,
    11718,
    11719,
    11720,
    11744,
    11745,
    11746,
    11749,
    11750,
    11752,
    11753,
    11754,
    11779,
    12819,
    12820,
    12821,
    12905,
    12906,
    12912,
    15808,
    15959,
    45841,
    45842,
    45845,
    45857,
    45858,
    45860,
    46005,
    46007,
    46009,
    46021,
    46110,
    46112,
    46114,
    46117,
    46119
  ],
  "real_flow_indices": [
    21649,
    21650,
    21684,
    24137,
    24688,
    24927,
    25734,
    25735,
    25976,
    26060,
    29050,
    29059,
    29061,
    29064,
    29136,
    29137,
    29140,
    29144,
    29146,
    29151,
    29152,
    29156,
    29214,
    31965,
    31966,
    31967,
    32189,
    32194,
    32221,
    39483,
    39857,
    114604,
    114608,
    114616,
    114649,
    114655,
    114659,
    115033,
    115035,
    115037,
    115068,
    115296,
    115300,
    115302,
    115306,
    115308
  ],
  "y_pred": [
    0,
    0,
    2,
    0,
    0,
    0,
    0,
    0,
    0,
    0,
    0,
    0,
    0,
    0,
    0,
    0,
    0,
    0,
    0,
    0,
    0,
    0,
    0,
    0,
    0,
    0,
    0,
    0,
    0,
    0,
    0,
    0,
    0,
    0,
    0,
    0,
    0,
    0,
    0,
    0,
    0,
    0,
    0,
    0,
    0,
    0
  ],
  "y_true": [
    1,
    1,
    1,
    2,
    2,
    2,
    2,
    2,
    2,
    2,
    3,
    3,
    3,
    3,
    3,
    3,
    3,
    3,
    3,
    3,
    3,
    3,
    3,
    4,
    4,
    4,
    4,
    4,
    4,
    5,
    5,
    5,
    5,
    5,
    5,
    5,
    5,
    5,
    5,
    5,
    5,
    5,
    5,
    5,
    5,
    5
  ]
}