{
  "Accuracy": 0.9981719554116081,
  "Macro Precision": 0.5753987055316861,
  "Macro Recall": 0.9014674515032687,
  "Macro F1": 0.6569043485173139,
  "False Alarms": 70,
  "False Alarm Rate": 0.0033492822966507177,
  "Missed Attacks": 14,
  "Detection Rate": 0.9995241170672015,
  "Confusion Matrix (actual_pred)": [
    [
      20830,
      4,
      15,
      13,
      36,
      2
    ],
    [
      0,
      8,
      0,
      0,
      0,
      0
    ],
    [
      1,
      1,
      5,
      1,
      1,
      0
    ],
    [
      0,
      0,
      2,
      12,
      0,
      0
    ],
    [
      0,
      0,
      0,
      0,
      7,
      0
    ],
    [
      13,
      0,
      0,
      0,
      3,
      29373
    ]
  ],
  "misclassified_indices": [
    1140,
    3502,
    3594,
    6235,
    8108,
    8362,
    8422,
    8446,
    8447,
    8819,
    9022,
    9098,
    9335,
    9453,
    9454,
    9987,
    10078,
    10181,
    10274,
    10277,
    10383,
    10384,
    10508,
    10623,
    10707,
    10837,
    11072,
    11109,
    11388,
    11678,
    11701,
    11702,
    11736,
    11739,
    11741,
    11742,
    11747,
    11748,
    11776,
    12120,
    12711,
    12721,
    12738,
    12936,
    12937,
    12944,
    12946,
    12947,
    12958,
    13954,
    14802,
    15474,
    15484,
    15718,
    15774,
    15788,
    15839,
    15841,
    15973,
    15974,
    25927,
    45349,
    45886,
    45887,
    45888,
    45890,
    45903,
    45906,
    45907,
    45908,
    45926,
    45993,
    46053,
    46054,
    46066,
    46099,
    46150,
    46153,
    46238,
    46536,
    47434,
    47615,
    47857,
    48313,
    48389,
    49263,
    49438,
    49796,
    50074,
    50090,
    50241,
    50242
  ],
  "real_flow_indices": [
    2788,
    8589,
    8824,
    15201,
    19888,
    20539,
    20670,
    20729,
    20730,
    21663,
    22168,
    22357,
    22957,
    23250,
    23252,
    24688,
    24927,
    25173,
    25449,
    25455,
    25734,
    25735,
    26062,
    26355,
    26591,
    26877,
    27507,
    27590,
    28255,
    28997,
    29066,
    29069,
    29136,
    29141,
    29149,
    29150,
    29159,
    29162,
    29214,
    30102,
    31593,
    31613,
    31662,
    32192,
    32196,
    32219,
    32223,
    32224,
    32261,
    34782,
    36873,
    38565,
    38585,
    39191,
    39323,
    39374,
    39483,
    39486,
    39855,
    39859,
    65110,
    113307,
    114604,
    114608,
    114612,
    114616,
    114645,
    114655,
    114657,
    114659,
    114702,
    114887,
    115033,
    115035,
    115064,
    115146,
    115296,
    115304,
    115529,
    116229,
    118571,
    119028,
    119696,
    120858,
    121063,
    123144,
    123575,
    124472,
    125167,
    125203,
    125620,
    125621
  ],
  "y_pred": [
    4,
    4,
    4,
    4,
    3,
    4,
    4,
    4,
    4,
    1,
    2,
    4,
    2,
    1,
    1,
    3,
    1,
    2,
    4,
    4,
    0,
    4,
    2,
    4,
    4,
    4,
    4,
    2,
    3,
    4,
    3,
    3,
    2,
    3,
    3,
    3,
    3,
    3,
    2,
    2,
    4,
    2,
    2,
    4,
    4,
    4,
    4,
    4,
    4,
    1,
    4,
    4,
    2,
    2,
    4,
    4,
    4,
    2,
    2,
    4,
    5,
    5,
    0,
    0,
    0,
    0,
    0,
    0,
    0,
    0,
    0,
    4,
    0,
    0,
    4,
    2,
    0,
    0,
    4,
    2,
    3,
    4,
    4,
    4,
    2,
    4,
    4,
    3,
    3,
    3,
    4,
    4
  ],
  "y_true": [
    0,
    0,
    0,
    0,
    0,
    0,
    0,
    0,
    0,
    0,
    0,
    0,
    0,
    0,
    0,
    2,
    2,
    0,
    0,
    0,
    2,
    2,
    0,
    0,
    0,
    0,
    0,
    0,
    0,
    0,
    0,
    0,
    3,
    0,
    0,
    0,
    0,
    0,
    3,
    0,
    0,
    0,
    0,
    0,
    0,
    0,
    0,
    0,
    0,
    0,
    0,
    0,
    0,
    0,
    0,
    5,
    5,
    0,
    0,
    5,
    0,
    0,
    5,
    5,
    5,
    5,
    5,
    5,
    5,
    5,
    5,
    0,
    5,
    5,
    0,
    0,
    5,
    5,
    0,
    0,
    0,
    0,
    0,
    0,
    0,
    0,
    0,
    0,
    0,
    0,
    0,
    0
  ]
}