{
  "Accuracy": 0.9966817016710712,
  "Macro Precision": 0.5299021173582267,
  "Macro Recall": 0.907479754362154,
  "Macro F1": 0.605184663281626,
  "False Alarms": 144,
  "False Alarm Rate": 0.006889952153110048,
  "Missed Attacks": 14,
  "Detection Rate": 0.9995241008906112,
  "Confusion Matrix (actual_pred)": [
    [
      20756,
      4,
      51,
      19,
      56,
      14
    ],
    [
      0,
      8,
      0,
      0,
      0,
      0
    ],
    [
      1,
      1,
      6,
      1,
      0,
      0
    ],
    [
      0,
      0,
      1,
      13,
      0,
      0
    ],
    [
      0,
      0,
      1,
      0,
      6,
      0
    ],
    [
      13,
      0,
      1,
      2,
      2,
      29371
    ]
  ],
  "misclassified_indices": [
    540,
    692,
    1140,
    3594,
    3662,
    5491,
    6235,
    6835,
    7652,
    7978,
    8108,
    8213,
    8446,
    8447,
    8740,
    8741,
    8742,
    8743,
    8744,
    8745,
    8746,
    8784,
    8819,
    8961,
    9022,
    9079,
    9098,
    9335,
    9365,
    9442,
    9444,
    9453,
    9454,
    9546,
    9790,
    9791,
    9827,
    10078,
    10126,
    10127,
    10181,
    10274,
    10277,
    10383,
    10384,
    10508,
    10623,
    10706,
    10707,
    10745,
    10808,
    10837,
    10839,
    10840,
    10997,
    11072,
    11074,
    11076,
    11109,
    11388,
    11678,
    11698,
    11701,
    11702,
    11703,
    11739,
    11741,
    11742,
    11746,
    11747,
    11748,
    11778,
    11779,
    11847,
    12076,
    12120,
    12123,
    12398,
    12420,
    12438,
    12453,
    12493,
    12537,
    12711,
    12721,
    12738,
    12858,
    12934,
    12936,
    12937,
    12944,
    12946,
    12947,
    12958,
    13211,
    13302,
    13390,
    13712,
    13954,
    14129,
    14802,
    14988,
    15464,
    15465,
    15466,
    15468,
    15470,
    15473,
    15474,
    15484,
    15718,
    15754,
    15774,
    15775,
    15788,
    15839,
    15841,
    15973,
    15974,
    15975,
    15976,
    25927,
    45349,
    45774,
    45775,
    45886,
    45887,
    45888,
    45890,
    45903,
    45906,
    45907,
    45908,
    45913,
    45926,
    45993,
    46053,
    46054,
    46066,
    46099,
    46150,
    46153,
    46237,
    46238,
    46452,
    46536,
    46537,
    47430,
    47434,
    47476,
    47588,
    47615,
    48313,
    48389,
    48682,
    48859,
    49256,
    49263,
    49438,
    49798,
    50074,
    50090,
    50241,
    50242,
    50286,
    50288,
    50294
  ],
  "real_flow_indices": [
    1338,
    1689,
    2788,
    8824,
    8974,
    13399,
    15201,
    16709,
    18736,
    19583,
    19888,
    20157,
    20729,
    20730,
    21471,
    21472,
    21474,
    21475,
    21477,
    21481,
    21482,
    21579,
    21663,
    22012,
    22168,
    22310,
    22357,
    22957,
    23035,
    23216,
    23220,
    23250,
    23252,
    23529,
    24140,
    24144,
    24224,
    24927,
    25039,
    25045,
    25173,
    25449,
    25455,
    25734,
    25735,
    26062,
    26355,
    26590,
    26591,
    26667,
    26810,
    26877,
    26880,
    26882,
    27287,
    27507,
    27512,
    27514,
    27590,
    28255,
    28997,
    29055,
    29066,
    29069,
    29072,
    29141,
    29149,
    29150,
    29157,
    29159,
    29162,
    29220,
    29221,
    29402,
    29987,
    30102,
    30114,
    30763,
    30824,
    30883,
    30925,
    31032,
    31151,
    31593,
    31613,
    31662,
    31973,
    32189,
    32192,
    32196,
    32219,
    32223,
    32224,
    32261,
    32875,
    33112,
    33331,
    34158,
    34782,
    35226,
    36873,
    37290,
    38544,
    38545,
    38547,
    38554,
    38559,
    38563,
    38565,
    38585,
    39191,
    39278,
    39323,
    39324,
    39374,
    39483,
    39486,
    39855,
    39859,
    39862,
    39864,
    65110,
    113307,
    114379,
    114380,
    114604,
    114608,
    114612,
    114616,
    114645,
    114655,
    114657,
    114659,
    114667,
    114702,
    114887,
    115033,
    115035,
    115064,
    115146,
    115296,
    115304,
    115528,
    115529,
    116038,
    116229,
    116230,
    118566,
    118571,
    118676,
    118960,
    119028,
    120858,
    121063,
    121779,
    122189,
    123130,
    123144,
    123575,
    124479,
    125167,
    125203,
    125620,
    125621,
    125713,
    125724,
    125738
  ],
  "y_pred": [
    2,
    2,
    4,
    4,
    2,
    2,
    4,
    2,
    2,
    1,
    3,
    4,
    2,
    4,
    5,
    5,
    5,
    5,
    5,
    5,
    5,
    4,
    1,
    2,
    2,
    3,
    4,
    2,
    4,
    4,
    4,
    1,
    1,
    2,
    2,
    3,
    2,
    1,
    4,
    4,
    2,
    2,
    4,
    0,
    3,
    2,
    2,
    2,
    4,
    2,
    2,
    4,
    4,
    4,
    2,
    4,
    4,
    4,
    2,
    3,
    2,
    3,
    3,
    3,
    3,
    3,
    3,
    3,
    2,
    3,
    3,
    3,
    3,
    2,
    4,
    2,
    4,
    4,
    2,
    2,
    2,
    4,
    4,
    4,
    2,
    2,
    4,
    2,
    4,
    4,
    4,
    4,
    4,
    4,
    2,
    2,
    2,
    2,
    2,
    4,
    4,
    2,
    5,
    5,
    5,
    5,
    4,
    4,
    4,
    2,
    2,
    4,
    4,
    4,
    4,
    4,
    2,
    2,
    2,
    3,
    3,
    5,
    5,
    2,
    2,
    0,
    0,
    0,
    0,
    0,
    0,
    0,
    0,
    4,
    0,
    2,
    0,
    0,
    4,
    2,
    0,
    0,
    2,
    4,
    2,
    2,
    2,
    3,
    3,
    2,
    4,
    2,
    4,
    2,
    4,
    4,
    5,
    4,
    4,
    4,
    4,
    3,
    4,
    4,
    4,
    3,
    4
  ],
  "y_true": [
    0,
    0,
    0,
    0,
    0,
    0,
    0,
    0,
    0,
    0,
    0,
    0,
    0,
    0,
    0,
    0,
    0,
    0,
    0,
    0,
    0,
    0,
    0,
    0,
    0,
    0,
    0,
    0,
    0,
    0,
    0,
    0,
    0,
    0,
    0,
    0,
    0,
    2,
    0,
    0,
    0,
    0,
    0,
    2,
    2,
    0,
    0,
    0,
    0,
    0,
    0,
    0,
    0,
    0,
    0,
    0,
    0,
    0,
    0,
    0,
    0,
    0,
    0,
    0,
    0,
    0,
    0,
    0,
    3,
    0,
    0,
    0,
    0,
    0,
    0,
    0,
    0,
    0,
    0,
    0,
    0,
    0,
    0,
    0,
    0,
    0,
    0,
    4,
    0,
    0,
    0,
    0,
    0,
    0,
    0,
    0,
    0,
    0,
    0,
    0,
    0,
    0,
    0,
    0,
    0,
    0,
    0,
    0,
    0,
    0,
    0,
    0,
    0,
    0,
    5,
    5,
    0,
    0,
    5,
    5,
    5,
    0,
    0,
    0,
    0,
    5,
    5,
    5,
    5,
    5,
    5,
    5,
    5,
    0,
    5,
    0,
    5,
    5,
    0,
    0,
    5,
    5,
    0,
    0,
    0,
    0,
    0,
    0,
    0,
    0,
    0,
    0,
    0,
    0,
    0,
    0,
    0,
    0,
    0,
    0,
    0,
    0,
    0,
    0,
    0,
    0,
    0
  ]
}