{
  "Accuracy": 0.9930653525940351,
  "Macro Precision": 0.5232467727856581,
  "Macro Recall": 0.727875377257777,
  "Macro F1": 0.5511740512571677,
  "False Alarms": 315,
  "False Alarm Rate": 0.01507177033492823,
  "Missed Attacks": 25,
  "Detection Rate": 0.9991501801618057,
  "Confusion Matrix (actual_pred)": [
    [
      20585,
      2,
      116,
      15,
      180,
      2
    ],
    [
      0,
      7,
      1,
      0,
      0,
      0
    ],
    [
      5,
      0,
      2,
      2,
      0,
      0
    ],
    [
      4,
      0,
      2,
      8,
      0,
      0
    ],
    [
      2,
      0,
      0,
      0,
      5,
      0
    ],
    [
      14,
      0,
      0,
      0,
      4,
      29371
    ]
  ],
  "misclassified_indices": [
    3705,
    3706,
    3707,
    3708,
    3709,
    3710,
    3711,
    3712,
    3713,
    3714,
    3715,
    3716,
    3717,
    3718,
    3719,
    4280,
    4281,
    4282,
    4283,
    4284,
    4290,
    4291,
    4292,
    7170,
    7171,
    7172,
    7173,
    7948,
    8448,
    8449,
    8450,
    8451,
    8452,
    8813,
    8819,
    8820,
    8821,
    8826,
    9098,
    9442,
    9454,
    9455,
    9542,
    9543,
    9544,
    9545,
    9546,
    9547,
    9548,
    9549,
    9550,
    9551,
    9553,
    9554,
    9555,
    9556,
    9557,
    9558,
    9559,
    9560,
    9561,
    9562,
    9563,
    9620,
    9621,
    9622,
    9677,
    9685,
    9686,
    9687,
    9688,
    9690,
    9775,
    9776,
    9777,
    9778,
    9779,
    9780,
    9787,
    9788,
    9790,
    9791,
    9792,
    9793,
    9794,
    9796,
    9797,
    9798,
    9799,
    9819,
    9820,
    9821,
    9822,
    9823,
    9824,
    9825,
    9826,
    9827,
    9836,
    9837,
    9885,
    9972,
    9987,
    9988,
    9990,
    10078,
    10129,
    10130,
    10131,
    10132,
    10269,
    10270,
    10271,
    10272,
    10273,
    10274,
    10312,
    10313,
    10314,
    10383,
    10384,
    10385,
    10386,
    10405,
    10406,
    10407,
    10408,
    10409,
    10410,
    10411,
    10471,
    10473,
    10477,
    10478,
    10479,
    10576,
    10577,
    10578,
    10579,
    10580,
    10805,
    10806,
    10807,
    10808,
    10809,
    10810,
    10840,
    10841,
    10842,
    11696,
    11697,
    11698,
    11701,
    11702,
    11736,
    11737,
    11739,
    11741,
    11742,
    11747,
    11748,
    11749,
    11776,
    11777,
    11778,
    11779,
    12406,
    12407,
    12408,
    12476,
    12477,
    12478,
    12479,
    12480,
    12481,
    12482,
    12483,
    12484,
    12485,
    12486,
    12487,
    12488,
    12489,
    12490,
    12537,
    12711,
    12858,
    12934,
    12935,
    12936,
    12937,
    12944,
    12946,
    12947,
    12958,
    12959,
    13537,
    13746,
    13807,
    14516,
    14517,
    14518,
    14519,
    14520,
    14521,
    14522,
    14523,
    14524,
    14775,
    14776,
    14777,
    14778,
    14779,
    15028,
    15029,
    15030,
    15084,
    15085,
    15086,
    15087,
    15088,
    15089,
    15131,
    15132,
    15133,
    15234,
    15235,
    15236,
    15237,
    15238,
    15239,
    15240,
    15254,
    15255,
    15257,
    15258,
    15381,
    15382,
    15392,
    15393,
    15410,
    15411,
    15412,
    15413,
    15467,
    15468,
    15469,
    15470,
    15471,
    15472,
    15473,
    15474,
    15651,
    15652,
    15653,
    15654,
    15655,
    15656,
    15657,
    15716,
    15757,
    15758,
    15759,
    15760,
    15761,
    15762,
    15774,
    15775,
    15776,
    15788,
    15839,
    15974,
    15975,
    15976,
    25927,
    45349,
    45350,
    45351,
    45352,
    45353,
    45354,
    45770,
    45771,
    45886,
    45887,
    45888,
    45890,
    45903,
    45906,
    45907,
    45908,
    45913,
    45926,
    46053,
    46054,
    46066,
    46068,
    46069,
    46070,
    46071,
    46150,
    46153,
    46731,
    46734,
    46735,
    46866,
    46867,
    46868,
    46869,
    46870,
    47220,
    47221,
    47222,
    47223,
    47224,
    47434,
    47435,
    47588,
    48390,
    48391,
    48392,
    49265,
    49266,
    49438,
    49774,
    49775,
    49776,
    49777,
    49875,
    49876,
    49978,
    49989,
    49990,
    49991,
    49992,
    49993,
    50062,
    50074,
    50075,
    50092,
    50241,
    50242,
    50244,
    50286,
    50287,
    50296,
    50324,
    50325,
    50326
  ],