{
  "Accuracy": 0.9956652283708814,
  "Macro Precision": 0.47556741421160287,
  "Macro Recall": 0.9004473473110552,
  "Macro F1": 0.5495801955950224,
  "False Alarms": 199,
  "False Alarm Rate": 0.009537960122699387,
  "Missed Attacks": 12,
  "Detection Rate": 0.9995921142080217,
  "Confusion Matrix (actual_pred)": [
    [
      20665,
      12,
      19,
      49,
      111,
      8
    ],
    [
      0,
      8,
      0,
      0,
      0,
      0
    ],
    [
      0,
      1,
      5,
      2,
      1,
      0
    ],
    [
      0,
      0,
      0,
      14,
      0,
      0
    ],
    [
      1,
      0,
      0,
      0,
      6,
      0
    ],
    [
      11,
      0,
      0,
      0,
      3,
      29375
    ]
  ],
  "misclassified_indices": [
    651,
    3548,
    3549,
    3615,
    4616,
    4957,
    5386,
    5691,
    6022,
    6189,
    6199,
    6643,
    6852,
    7030,
    7120,
    7643,
    7644,
    7908,
    7909,
    7940,
    8069,
    8176,
    8179,
    8210,
    8382,
    8408,
    8531,
    8588,
    8633,
    8652,
    8751,
    8796,
    8877,
    9067,
    9226,
    9227,
    9333,
    9400,
    9408,
    9423,
    9490,
    9501,
    9524,
    9731,
    9740,
    9805,
    9955,
    10089,
    10090,
    10144,
    10150,
    10164,
    10283,
    10284,
    10435,
    10436,
    10526,
    10544,
    10767,
    10771,
    10801,
    10802,
    10804,
    11039,
    11066,
    11358,
    11359,
    11416,
    11449,
    11450,
    11667,
    11672,
    11702,
    11703,
    11705,
    11708,
    11734,
    11808,
    11821,
    11828,
    12087,
    12094,
    12142,
    12166,
    12180,
    12412,
    12429,
    12474,
    12514,
    12663,
    12674,
    12683,
    12691,
    12706,
    12707,
    12831,
    12836,
    12848,
    12916,
    12917,
    12932,
    12995,
    13004,
    13281,
    13513,
    13514,
    13698,
    13755,
    13828,
    13907,
    14077,
    14112,
    14113,
    14204,
    14206,
    14207,
    14746,
    14782,
    14962,
    15062,
    15152,
    15200,
    15209,
    15378,
    15386,
    15387,
    15408,
    15462,
    15636,
    15663,
    15698,
    15724,
    15725,
    15726,
    15734,
    15767,
    15814,
    15953,
    26325,
    37252,
    45331,
    45332,
    45333,
    45334,
    45337,
    45338,
    45341,
    45369,
    45407,
    45524,
    45540,
    45848,
    45868,
    45886,
    45887,
    45889,
    45892,
    45899,
    45901,
    45902,
    46047,
    46055,
    46056,
    46057,
    46061,
    46146,
    46148,
    46235,
    46236,
    46248,
    46454,
    46535,
    46536,
    46552,
    46723,
    46850,
    47179,
    47414,
    47415,
    47416,
    47430,
    47583,
    47584,
    47585,
    47700,
    47842,
    48062,
    48115,
    48326,
    48328,
    48368,
    48369,
    48370,
    48392,
    48413,
    48665,
    48768,
    48795,
    48835,
    48836,
    49139,
    49406,
    49418,
    49430,
    49590,
    49740,
    49763,
    49833,
    49836,
    50023,
    50036,
    50037,
    50052,
    50203,
    50204,
    50249,
    50255,
    50256
  ],
  "real_flow_indices": [
    1689,
    8823,
    8825,
    8974,
    11392,
    12186,
    13249,
    13967,
    14797,
    15201,
    15219,
    16311,
    16865,
    17329,
    17564,
    18805,
    18807,
    19497,
    19499,
    19583,
    19888,
    20153,
    20159,
    20247,
    20670,
    20729,
    21026,
    21204,
    21320,
    21368,
    21579,
    21692,
    21909,
    22357,
    22747,
    22748,
    23035,
    23203,
    23216,
    23251,
    23439,
    23467,
    23562,
    24096,
    24109,
    24265,
    24688,
    25039,
    25045,
    25171,
    25190,
    25215,
    25557,
    25562,
    25976,
    25977,
    26197,
    26239,
    26800,
    26810,
    26877,
    26878,
    26882,
    27507,
    27590,
    28255,
    28256,
    28405,
    28497,
    28498,
    29041,
    29052,
    29142,
    29143,
    29148,
    29154,
    29217,
    29403,
    29432,
    29449,
    30101,
    30115,
    30247,
    30300,
    30325,
    30883,
    30925,
    31048,
    31151,
    31550,
    31570,
    31589,
    31613,
    31662,
    31663,
    31974,
    31985,
    32017,
    32215,
    32219,
    32261,
    32410,
    32437,
    33113,
    33693,
    33694,
    34159,
    34304,
    34507,
    34715,
    35137,
    35226,
    35227,
    35495,
    35497,
    35498,
    36789,
    36873,
    37290,
    37557,
    37810,
    37929,
    37945,
    38365,
    38381,
    38382,
    38433,
    38586,
    39036,
    39100,
    39191,
    39269,
    39270,
    39271,
    39288,
    39374,
    39483,
    39859,
    66119,
    93042,
    113300,
    113302,
    113304,
    113306,
    113310,
    113311,
    113315,
    113377,
    113483,
    113758,
    113800,
    114531,
    114570,
    114608,
    114614,
    114616,
    114623,
    114647,
    114649,
    114651,
    115037,
    115064,
    115068,
    115069,
    115074,
    115298,
    115304,
    115528,
    115529,
    115555,
    116038,
    116229,
    116231,
    116272,
    116704,
    117074,
    117970,
    118565,
    118566,
    118567,
    118599,
    118958,
    118959,
    118960,
    119285,
    119696,
    120250,
    120394,
    120928,
    120935,
    121063,
    121064,
    121066,
    121114,
    121166,
    121774,
    122028,
    122103,
    122188,
    122189,
    122915,
    123575,
    123598,
    123624,
    124033,
    124416,
    124474,
    124642,
    124653,
    125146,
    125166,
    125167,
    125204,
    125620,
    125621,
    125724,
    125737,
    125738
  ],
  "y_pred": [
    2,
    4,
    4,
    3,
    4,
    4,
    4,
    4,
    4,
    4,
    4,
    4,
    4,
    4,
    4,
    4,
    4,
    2,
    2,
    1,
    3,
    4,
    4,
    4,
    4,
    4,
    4,
    3,
    3,
    4,
    4,
    1,
    4,
    4,
    3,
    3,
    4,
    3,
    3,
    1,
    4,
    4,
    2,
    3,
    2,
    2,
    3,
    3,
    4,
    4,
    4,
    4,
    4,
    2,
    3,
    1,
    4,
    4,
    4,
    2,
    4,
    4,
    4,
    4,
    4,
    1,
    1,
    4,
    4,
    4,
    3,
    3,
    3,
    3,
    3,
    3,
    3,
    4,
    4,
    4,
    4,
    2,
    4,
    3,
    4,
    2,
    3,
    3,
    4,
    4,
    4,
    4,
    1,
    1,
    1,
    0,
    4,
    4,
    4,
    4,
    4,
    3,
    3,
    4,
    4,
    4,
    3,
    3,
    2,
    3,
    4,
    4,
    4,
    3,
    1,
    1,
    4,
    4,
    2,
    2,
    4,
    4,
    4,
    3,
    4,
    4,
    4,
    4,
    4,
    4,
    2,
    3,
    3,
    3,
    2,
    4,
    4,
    4,
    5,
    5,
    5,
    5,
    5,
    5,
    5,
    5,
    1,
    2,
    4,
    2,
    4,
    4,
    3,
    0,
    0,
    0,
    4,
    0,
    0,
    0,
    0,
    4,
    0,
    3,
    0,
    0,
    0,
    4,
    4,
    4,
    3,
    3,
    3,
    4,
    3,
    4,
    4,
    3,
    3,
    3,
    4,
    4,
    4,
    4,
    4,
    4,
    3,
    3,
    2,
    3,
    4,
    4,
    4,
    4,
    3,
    4,
    3,
    4,
    4,
    4,
    2,
    4,
    4,
    3,
    3,
    4,
    3,
    4,
    1,
    4,
    4,
    4,
    3,
    4,
    4,
    3,
    4,
    4
  ],