{
  "Accuracy": 0.9994432403412141,
  "Macro Precision": 0.8280744452384625,
  "Macro Recall": 0.8573382324994866,
  "Macro F1": 0.8340970382692244,
  "False Alarms": 7,
  "False Alarm Rate": 0.00033550613496932517,
  "Missed Attacks": 15,
  "Detection Rate": 0.9994901600897318,
  "Confusion Matrix (actual_pred)": [
    [
      20857,
      2,
      4,
      1,
      0,
      0
    ],
    [
      0,
      7,
      1,
      0,
      0,
      0
    ],
    [
      0,
      0,
      5,
      4,
      0,
      0
    ],
    [
      0,
      0,
      0,
      14,
      0,
      0
    ],
    [
      2,
      0,
      0,
      0,
      5,
      0
    ],
    [
      13,
      0,
      1,
      0,
      0,
      29375
    ]
  ],
  "missclassified_indices": [
    8670,
    9326,
    9327,
    9710,
    9711,
    9817,
    9943,
    10368,
    11739,
    12702,
    12825,
    12891,
    15788,
    15942,
    15943,
    45847,
    45851,
    45852,
    45866,
    45869,
    45870,
    45871,
    45872,
    45873,
    45890,
    46115,
    46117,
    49834
  ],
  "real_flow_indices": [
    21649,
    23250,
    23251,
    24135,
    24136,
    24389,
    24685,
    25739,
    29143,
    31661,
    32016,
    32189,
    39483,
    39856,
    39857,
    114604,
    114612,
    114614,
    114645,
    114649,
    114651,
    114653,
    114655,
    114657,
    114702,
    115296,
    115300,
    124653
  ],
  "y_pred": [
    2,
    2,
    1,
    3,
    3,
    2,
    3,
    3,
    3,
    2,
    0,
    0,
    0,
    2,
    2,
    0,
    0,
    0,
    0,
    0,
    0,
    0,
    0,
    0,
    0,
    0,
    0,
    1
  ],
  "y_true": [
    1,
    0,
    0,
    2,
    2,
    0,
    2,
    2,
    0,
    0,
    4,
    4,
    5,
    0,
    5,
    5,
    5,
    5,
    5,
    5,
    5,
    5,
    5,
    5,
    5,
    5,
    5,
    0
  ]
}