{
  "Accuracy": 0.9995032487531543,
  "Macro Precision": 0.8293445556443092,
  "Macro Recall": 0.9552116487933819,
  "Macro F1": 0.8739434227025292,
  "False Alarms": 9,
  "False Alarm Rate": 0.000430622009569378,
  "Missed Attacks": 12,
  "Detection Rate": 0.9995921557964857,
  "Confusion Matrix (actual_pred)": [
    [
      20891,
      2,
      4,
      0,
      3,
      0
    ],
    [
      0,
      7,
      1,
      0,
      0,
      0
    ],
    [
      0,
      0,
      9,
      0,
      0,
      0
    ],
    [
      0,
      0,
      2,
      12,
      0,
      0
    ],
    [
      0,
      0,
      0,
      0,
      7,
      0
    ],
    [
      12,
      0,
      0,
      0,
      1,
      29376
    ]
  ],
  "missclassified_indices": [
    8117,
    8714,
    9359,
    9854,
    11729,
    11767,
    12712,
    12728,
    12922,
    12947,
    15816,
    45871,
    45872,
    45873,
    45874,
    45887,
    45889,
    45891,
    46035,
    46037,
    46139,
    46141,
    46142,
    46949,
    49850
  ],
  "real_flow_indices": [
    20247,
    21649,
    23250,
    24389,
    29049,
    29136,
    31613,
    31662,
    32192,
    32261,
    39483,
    114608,
    114612,
    114614,
    114616,
    114647,
    114655,
    114661,
    115033,
    115037,
    115298,
    115300,
    115304,
    117244,
    124654
  ],
  "y_pred": [
    4,
    2,
    2,
    2,
    2,
    2,
    2,
    1,
    4,
    4,
    4,
    0,
    0,
    0,
    0,
    0,
    0,
    0,
    0,
    0,
    0,
    0,
    0,
    2,
    1
  ],
  "y_true": [
    0,
    1,
    0,
    0,
    3,
    3,
    0,
    0,
    0,
    0,
    5,
    5,
    5,
    5,
    5,
    5,
    5,
    5,
    5,
    5,
    5,
    5,
    5,
    0,
    0
  ]
}