{
  "Accuracy": 0.9995227774353264,
  "Macro Precision": 0.8915309641266345,
  "Macro Recall": 0.825307125185375,
  "Macro F1": 0.8369468437461607,
  "False Alarms": 2,
  "False Alarm Rate": 9.585889570552147e-05,
  "Missed Attacks": 17,
  "Detection Rate": 0.9994222010740262,
  "Confusion Matrix (actual_pred)": [
    [
      20862,
      2,
      0,
      0,
      0,
      0
    ],
    [
      0,
      8,
      0,
      0,
      0,
      0
    ],
    [
      0,
      0,
      6,
      3,
      0,
      0
    ],
    [
      0,
      0,
      2,
      12,
      0,
      0
    ],
    [
      4,
      0,
      0,
      0,
      3,
      0
    ],
    [
      13,
      0,
      0,
      0,
      0,
      29376
    ]
  ],
  "missclassified_indices": [
    9326,
    9327,
    9711,
    10366,
    10367,
    11693,
    11737,
    12806,
    12808,
    12825,
    12891,
    15788,
    45847,
    45851,
    45852,
    45866,
    45869,
    45870,
    45871,
    45872,
    45873,
    45890,
    46115,
    46117
  ],
  "real_flow_indices": [
    23250,
    23251,
    24136,
    25735,
    25736,
    29039,
    29136,
    31974,
    31981,
    32016,
    32189,
    39483,
    114604,
    114612,
    114614,
    114645,
    114649,
    114651,
    114653,
    114655,
    114657,
    114702,
    115296,
    115300
  ],
  "y_pred": [
    1,
    1,
    3,
    3,
    3,
    2,
    2,
    0,
    0,
    0,
    0,
    0,
    0,
    0,
    0,
    0,
    0,
    0,
    0,
    0,
    0,
    0,
    0,
    0
  ],
  "y_true": [
    0,
    0,
    2,
    2,
    2,
    3,
    3,
    4,
    4,
    4,
    4,
    5,
    5,
    5,
    5,
    5,
    5,
    5,
    5,
    5,
    5,
    5,
    5,
    5
  ]
}