{
  "Accuracy": 0.9993840284539114,
  "Macro Precision": 0.8087654569566037,
  "Macro Recall": 0.8414596418879574,
  "Macro F1": 0.8196455667344442,
  "False Alarms": 7,
  "False Alarm Rate": 0.00033492822966507175,
  "Missed Attacks": 19,
  "Detection Rate": 0.9993542247297941,
  "Confusion Matrix (actual_pred)": [
    [
      20893,
      2,
      1,
      1,
      3,
      0
    ],
    [
      1,
      7,
      0,
      0,
      0,
      0
    ],
    [
      1,
      0,
      8,
      0,
      0,
      0
    ],
    [
      0,
      0,
      3,
      10,
      0,
      1
    ],
    [
      3,
      0,
      0,
      0,
      4,
      0
    ],
    [
      14,
      0,
      0,
      0,
      1,
      29374
    ]
  ],
  "misclassified_indices": [
    8446,
    8813,
    9453,
    10078,
    10837,
    11701,
    11736,
    11737,
    11746,
    11776,
    12721,
    12738,
    12855,
    12934,
    12943,
    12947,
    15788,
    15839,
    45886,
    45887,
    45888,
    45890,
    45903,
    45906,
    45907,
    45908,
    45926,
    46053,
    46054,
    46150,
    46153
  ],
  "real_flow_indices": [
    20729,
    21650,
    23250,
    24927,
    26877,
    29066,
    29136,
    29138,
    29157,
    29214,
    31613,
    31662,
    31965,
    32189,
    32216,
    32224,
    39374,
    39483,
    114604,
    114608,
    114612,
    114616,
    114645,
    114655,
    114657,
    114659,
    114702,
    115033,
    115035,
    115296,
    115304
  ],
  "y_pred": [
    4,
    0,
    1,
    0,
    4,
    3,
    2,
    2,
    5,
    2,
    1,
    2,
    0,
    0,
    0,
    4,
    0,
    4,
    0,
    0,
    0,
    0,
    0,
    0,
    0,
    0,
    0,
    0,
    0,
    0,
    0
  ],
  "y_true": [
    0,
    1,
    0,
    2,
    0,
    0,
    3,
    3,
    3,
    3,
    0,
    0,
    4,
    4,
    4,
    0,
    5,
    5,
    5,
    5,
    5,
    5,
    5,
    5,
    5,
    5,
    5,
    5,
    5,
    5,
    5
  ]
}