{
  "Accuracy": 0.9970770117913742,
  "Macro Precision": 0.6296020804318027,
  "Macro Recall": 0.9327445677073939,
  "Macro F1": 0.7041446922605528,
  "False Alarms": 130,
  "False Alarm Rate": 0.006230828220858895,
  "Missed Attacks": 13,
  "Detection Rate": 0.9995581687795262,
  "Confusion Matrix (actual_pred)": [
    [
      20734,
      2,
      10,
      14,
      89,
      15
    ],
    [
      0,
      8,
      0,
      0,
      0,
      0
    ],
    [
      0,
      0,
      8,
      1,
      0,
      0
    ],
    [
      0,
      0,
      0,
      14,
      0,
      0
    ],
    [
      2,
      0,
      0,
      0,
      5,
      0
    ],
    [
      11,
      0,
      0,
      0,
      3,
      29375
    ]
  ],
  "misclassified_indices": [
    4616,
    4957,
    5691,
    6022,
    6189,
    6199,
    6643,
    7644,
    7940,
    8069,
    8176,
    8210,
    8382,
    8408,
    8531,
    8533,
    8588,
    8633,
    8751,
    8796,
    8877,
    9067,
    9227,
    9305,
    9333,
    9400,
    9408,
    9423,
    10089,
    10090,
    10150,
    10164,
    10435,
    10544,
    10801,
    10802,
    11039,
    11066,
    11358,
    11449,
    11672,
    11702,
    11703,
    11705,
    11708,
    11734,
    11821,
    11828,
    12087,
    12103,
    12142,
    12180,
    12412,
    12474,
    12514,
    12691,
    12706,
    12916,
    12917,
    12918,
    12919,
    12932,
    12995,
    13004,
    13281,
    13513,
    13615,
    13698,
    13869,
    13907,
    13991,
    14077,
    14782,
    15001,
    15124,
    15237,
    15238,
    15386,
    15449,
    15452,
    15455,
    15698,
    15724,
    15725,
    15767,
    15814,
    15953,
    26325,
    37252,
    45331,
    45332,
    45333,
    45334,
    45335,
    45336,
    45337,
    45338,
    45339,
    45341,
    45369,
    45540,
    45769,
    45848,
    45868,
    45886,
    45887,
    45889,
    45899,
    45901,
    45902,
    46028,
    46047,
    46055,
    46056,
    46061,
    46122,
    46146,
    46148,
    46235,
    46552,
    46574,
    46723,
    47179,
    47414,
    47415,
    47430,
    47583,
    47584,
    47842,
    48326,
    48370,
    48392,
    48665,
    48768,
    48835,
    48836,
    49234,
    49406,
    49590,
    49836,
    50036,
    50037,
    50055,
    50203,
    50204,
    50255,
    50259
  ],
  "real_flow_indices": [
    11392,
    12186,
    13967,
    14797,
    15201,
    15219,
    16311,
    18807,
    19583,
    19888,
    20153,
    20247,
    20670,
    20729,
    21026,
    21029,
    21204,
    21320,
    21579,
    21692,
    21909,
    22357,
    22748,
    22957,
    23035,
    23203,
    23216,
    23251,
    25039,
    25045,
    25190,
    25215,
    25976,
    26239,
    26877,
    26878,
    27507,
    27590,
    28255,
    28497,
    29052,
    29142,
    29143,
    29148,
    29154,
    29217,
    29432,
    29449,
    30101,
    30140,
    30247,
    30325,
    30883,
    31048,
    31151,
    31613,
    31662,
    32215,
    32219,
    32221,
    32222,
    32261,
    32410,
    32437,
    33113,
    33693,
    33956,
    34159,
    34623,
    34715,
    34914,
    35137,
    36873,
    37386,
    37723,
    38007,
    38008,
    38381,
    38551,
    38559,
    38566,
    39191,
    39269,
    39270,
    39374,
    39483,
    39859,
    66119,
    93042,
    113300,
    113302,
    113304,
    113306,
    113308,
    113309,
    113310,
    113311,
    113312,
    113315,
    113377,
    113800,
    114361,
    114531,
    114570,
    114608,
    114614,
    114616,
    114647,
    114649,
    114651,
    114977,
    115037,
    115064,
    115068,
    115074,
    115228,
    115298,
    115304,
    115528,
    116272,
    116336,
    116704,
    117970,
    118565,
    118566,
    118599,
    118958,
    118959,
    119696,
    120928,
    121066,
    121114,
    121774,
    122028,
    122188,
    122189,
    123144,
    123575,
    124033,
    124653,
    125166,
    125167,
    125210,
    125620,
    125621,
    125737,
    125750
  ],
  "y_pred": [
    4,
    4,
    4,
    4,
    4,
    4,
    4,
    4,
    5,
    3,
    4,
    4,
    4,
    4,
    4,
    4,
    4,
    4,
    4,
    1,
    4,
    4,
    3,
    2,
    4,
    4,
    4,
    1,
    4,
    4,
    4,
    4,
    3,
    4,
    4,
    4,
    4,
    4,
    4,
    4,
    3,
    3,
    3,
    3,
    3,
    3,
    4,
    4,
    4,
    4,
    4,
    4,
    2,
    3,
    4,
    5,
    2,
    4,
    4,
    0,
    0,
    4,
    4,
    4,
    4,
    4,
    4,
    2,
    2,
    4,
    4,
    4,
    4,
    4,
    4,
    4,
    4,
    4,
    4,
    4,
    4,
    2,
    3,
    4,
    4,
    4,
    4,
    5,
    5,
    5,
    5,
    5,
    5,
    5,
    5,
    5,
    5,
    5,
    5,
    2,
    4,
    2,
    4,
    2,
    0,
    0,
    0,
    0,
    0,
    0,
    4,
    0,
    4,
    0,
    0,
    4,
    0,
    0,
    4,
    4,
    4,
    4,
    4,
    3,
    3,
    4,
    4,
    4,
    4,
    2,
    4,
    4,
    4,
    3,
    4,
    4,
    4,
    4,
    3,
    5,
    4,
    4,
    4,
    4,
    4,
    4,
    4
  ],
  "y_true": [
    0,
    0,
    0,
    0,
    0,
    0,
    0,
    0,
    0,
    0,
    0,
    0,
    0,
    0,
    0,
    0,
    0,
    0,
    0,
    0,
    0,
    0,
    0,
    0,
    0,
    0,
    0,
    0,
    0,
    0,
    0,
    0,
    2,
    0,
    0,
    0,
    0,
    0,
    0,
    0,
    0,
    0,
    0,
    0,
    0,
    0,
    0,
    0,
    0,
    0,
    0,
    0,
    0,
    0,
    0,
    0,
    0,
    0,
    0,
    4,
    4,
    0,
    0,
    0,
    0,
    0,
    0,
    0,
    0,
    0,
    0,
    0,
    0,
    0,
    0,
    0,
    0,
    0,
    0,
    0,
    0,
    0,
    0,
    0,
    5,
    5,
    5,
    0,
    0,
    0,
    0,
    0,
    0,
    0,
    0,
    0,
    0,
    0,
    0,
    0,
    0,
    0,
    0,
    0,
    5,
    5,
    5,
    5,
    5,
    5,
    0,
    5,
    0,
    5,
    5,
    0,
    5,
    5,
    0,
    0,
    0,
    0,
    0,
    0,
    0,
    0,
    0,
    0,
    0,
    0,
    0,
    0,
    0,
    0,
    0,
    0,
    0,
    0,
    0,
    0,
    0,
    0,
    0,
    0,
    0,
    0,
    0
  ]
}