{
  "Accuracy": 0.9950309077537716,
  "Macro Precision": 0.6142719670435387,
  "Macro Recall": 0.8122853399534625,
  "Macro F1": 0.6256184908733707,
  "False Alarms": 222,
  "False Alarm Rate": 0.010630147481325417,
  "Missed Attacks": 21,
  "Detection Rate": 0.9992861998640381,
  "Confusion Matrix (actual_pred)": [
    [
      20662,
      0,
      166,
      52,
      4,
      0
    ],
    [
      0,
      6,
      2,
      0,
      0,
      0
    ],
    [
      2,
      0,
      7,
      0,
      0,
      0
    ],
    [
      2,
      0,
      3,
      9,
      0,
      0
    ],
    [
      2,
      0,
      0,
      0,
      5,
      0
    ],
    [
      15,
      0,
      1,
      0,
      1,
      29372
    ]
  ],
  "missclassified_indices": [
    24,
    188,
    614,
    638,
    1045,
    2058,
    2070,
    3242,
    3380,
    4077,
    5148,
    5327,
    5472,
    5476,
    5477,
    5730,
    5731,
    5732,
    5975,
    5978,
    5979,
    5985,
    6013,
    7070,
    7328,
    7471,
    7493,
    7521,
    7522,
    7645,
    7935,
    7936,
    8116,
    8279,
    8350,
    8351,
    8578,
    8654,
    8655,
    8656,
    8690,
    8708,
    8787,
    8838,
    8904,
    8905,
    8963,
    8992,
    8993,
    9140,
    9148,
    9149,
    9338,
    9339,
    9438,
    9468,
    9469,
    9600,
    9608,
    9628,
    9725,
    9764,
    9832,
    9849,
    9850,
    10067,
    10217,
    10218,
    10280,
    10373,
    10374,
    10376,
    10697,
    10806,
    10814,
    10979,
    11015,
    11105,
    11249,
    11380,
    11381,
    11459,
    11460,
    11717,
    11722,
    11727,
    11729,
    11744,
    11745,
    11747,
    11748,
    11751,
    11752,
    11755,
    11756,
    11779,
    11780,
    11781,
    11852,
    11864,
    12194,
    12195,
    12372,
    12399,
    12439,
    12440,
    12481,
    12486,
    12531,
    12693,
    12814,
    12819,
    12827,
    12905,
    12911,
    12929,
    12930,
    13006,
    13346,
    13367,
    13386,
    13597,
    13692,
    13733,
    13874,
    13923,
    14041,
    14042,
    14061,
    14226,
    14337,
    14794,
    14795,
    14800,
    14824,
    14905,
    14906,
    14945,
    14947,
    14951,
    15073,
    15074,
    15075,
    15076,
    15089,
    15090,
    15193,
    15194,
    15345,
    15346,
    15381,
    15440,
    15445,
    15452,
    15626,
    15681,
    15683,
    15721,
    15722,
    15731,
    15808,
    15811,
    15957,
    15958,
    15959,
    45337,
    45338,
    45423,
    45521,
    45522,
    45694,
    45695,
    45757,
    45758,
    45841,
    45842,
    45845,
    45846,
    45847,
    45857,
    45858,
    45860,
    45982,
    46005,
    46007,
    46009,
    46021,
    46049,
    46052,
    46081,
    46110,
    46112,
    46114,
    46117,
    46119,
    46233,
    46426,
    46436,
    46467,
    46509,
    46510,
    46526,
    46527,
    46663,
    46664,
    46702,
    46924,
    47054,
    47094,
    47132,
    47305,
    47445,
    47446,
    47469,
    47574,
    47883,
    47931,
    48198,
    48426,
    48436,
    48508,
    48536,
    48705,
    48790,
    48857,
    48921,
    48969,
    49302,
    49303,
    49388,
    49409,
    49661,
    49662,
    49668,
    49753,
    49766,
    49842,
    49846,
    49954,
    49956,
    49958,
    49959,
    50020,
    50030,
    50031,
    50248,
    50273,
    50277,
    50278,
    50281
  ],
  "real_flow_indices": [
    104,
    538,
    1581,
    1638,
    2667,
    5262,
    5299,
    8218,
    8596,
    10341,
    12974,
    13399,
    13776,
    13788,
    13789,
    14437,
    14438,
    14439,
    15108,
    15112,
    15113,
    15125,
    15198,
    17655,
    18306,
    18686,
    18736,
    18804,
    18805,
    19164,
    19887,
    19889,
    20294,
    20670,
    20849,
    20851,
    21369,
    21575,
    21576,
    21578,
    21649,
    21684,
    21864,
    21996,
    22168,
    22169,
    22319,
    22384,
    22385,
    22745,
    22763,
    22764,
    23252,
    23253,
    23473,
    23541,
    23543,
    23845,
    23862,
    23903,
    24140,
    24228,
    24389,
    24428,
    24429,
    24979,
    25361,
    25363,
    25514,
    25734,
    25735,
    25741,
    26561,
    26809,
    26827,
    27276,
    27349,
    27558,
    27923,
    28254,
    28255,
    28453,
    28454,
    29050,
    29066,
    29087,
    29090,
    29136,
    29137,
    29141,
    29143,
    29148,
    29151,
    29159,
    29161,
    29214,
    29216,
    29217,
    29402,
    29429,
    30265,
    30266,
    30757,
    30824,
    30935,
    30936,
    31033,
    31049,
    31146,
    31603,
    31953,
    31965,
    31985,
    32189,
    32220,
    32261,
    32262,
    32451,
    33331,
    33401,
    33455,
    33937,
    34198,
    34304,
    34670,
    34784,
    35067,
    35068,
    35117,
    35540,
    35809,
    37041,
    37042,
    37055,
    37099,
    37290,
    37292,
    37388,
    37390,
    37397,
    37675,
    37676,
    37677,
    37678,
    37714,
    37715,
    37967,
    37968,
    38326,
    38327,
    38402,
    38556,
    38573,
    38585,
    39014,
    39164,
    39173,
    39267,
    39272,
    39288,
    39483,
    39487,
    39855,
    39856,
    39857,
    113314,
    113315,
    113510,
    113742,
    113743,
    114228,
    114229,
    114379,
    114380,
    114604,
    114608,
    114616,
    114617,
    114619,
    114649,
    114655,
    114659,
    114951,
    115033,
    115035,
    115037,
    115068,
    115146,
    115154,
    115232,
    115296,
    115300,
    115302,
    115306,
    115308,
    115566,
    116038,
    116060,
    116136,
    116229,
    116230,
    116284,
    116285,
    116612,
    116613,
    116707,
    117244,
    117606,
    117708,
    117803,
    118207,
    118565,
    118566,
    118629,
    118953,
    119695,
    119816,
    120525,
    121062,
    121079,
    121292,
    121366,
    121806,
    122042,
    122195,
    122363,
    122469,
    123289,
    123290,
    123512,
    123566,
    124239,
    124241,
    124259,
    124451,
    124483,
    124644,
    124653,
    124946,
    124949,
    124953,
    124955,
    125146,
    125166,
    125167,
    125658,
    125723,
    125734,
    125735,
    125747
  ],