{
  "Accuracy": 0.9991449762382931,
  "Macro Precision": 0.7945804058953545,
  "Macro Recall": 0.7686419997033688,
  "Macro F1": 0.7580641000260399,
  "False Alarms": 16,
  "False Alarm Rate": 0.0007668711656441718,
  "Missed Attacks": 26,
  "Detection Rate": 0.9991164276490179,
  "Confusion Matrix (actual_pred)": [
    [
      20848,
      2,
      6,
      8,
      0,
      0
    ],
    [
      0,
      7,
      1,
      0,
      0,
      0
    ],
    [
      3,
      0,
      6,
      0,
      0,
      0
    ],
    [
      5,
      0,
      0,
      9,
      0,
      0
    ],
    [
      4,
      0,
      0,
      0,
      3,
      0
    ],
    [
      14,
      0,
      0,
      0,
      0,
      29375
    ]
  ],
  "missclassified_indices": [
    8670,
    9326,
    9327,
    9710,
    9711,
    9943,
    10363,
    10364,
    10365,
    10800,
    11693,
    11694,
    11700,
    11701,
    11702,
    11737,
    11739,
    11746,
    11748,
    12806,
    12808,
    12825,
    12891,
    15404,
    15788,
    15943,
    45847,
    45851,
    45852,
    45866,
    45869,
    45870,
    45871,
    45872,
    45873,
    45890,
    46115,
    46117,
    47694,
    49375,
    49747,
    49748,
    50245
  ],
  "real_flow_indices": [
    21649,
    23250,
    23251,
    24135,
    24136,
    24685,
    25731,
    25732,
    25733,
    26827,
    29039,
    29040,
    29049,
    29052,
    29056,
    29136,
    29143,
    29159,
    29165,
    31974,
    31981,
    32016,
    32189,
    38556,
    39483,
    39857,
    114604,
    114612,
    114614,
    114645,
    114649,
    114651,
    114653,
    114655,
    114657,
    114702,
    115296,
    115300,
    119240,
    123512,
    124451,
    124452,
    125698
  ],
  "y_pred": [
    2,
    1,
    1,
    0,
    0,
    0,
    2,
    2,
    2,
    2,
    0,
    0,
    0,
    3,
    0,
    0,
    3,
    3,
    3,
    0,
    0,
    0,
    0,
    2,
    0,
    0,
    0,
    0,
    0,
    0,
    0,
    0,
    0,
    0,
    0,
    0,
    0,
    0,
    3,
    2,
    3,
    3,
    3
  ],
  "y_true": [
    1,
    0,
    0,
    2,
    2,
    2,
    0,
    0,
    0,
    0,
    3,
    3,
    3,
    0,
    3,
    3,
    0,
    0,
    0,
    4,
    4,
    4,
    4,
    0,
    5,
    5,
    5,
    5,
    5,
    5,
    5,
    5,
    5,
    5,
    5,
    5,
    5,
    5,
    0,
    0,
    0,
    0,
    0
  ]
}