{
  "Accuracy": 0.996719094867869,
  "Macro Precision": 0.6152506499547401,
  "Macro Recall": 0.9378917846548408,
  "Macro F1": 0.6926535644005963,
  "False Alarms": 148,
  "False Alarm Rate": 0.007093558282208589,
  "Missed Attacks": 12,
  "Detection Rate": 0.9995921419346068,
  "Confusion Matrix (actual_pred)": [
    [
      20716,
      4,
      6,
      19,
      68,
      51
    ],
    [
      0,
      8,
      0,
      0,
      0,
      0
    ],
    [
      0,
      0,
      7,
      1,
      1,
      0
    ],
    [
      0,
      0,
      0,
      14,
      0,
      0
    ],
    [
      1,
      0,
      0,
      0,
      6,
      0
    ],
    [
      11,
      0,
      0,
      0,
      3,
      29375
    ]
  ],
  "misclassified_indices": [
    4616,
    5386,
    5691,
    6022,
    6189,
    6199,
    7644,
    7940,
    8069,
    8176,
    8210,
    8382,
    8408,
    8449,
    8531,
    8588,
    8633,
    8751,
    8796,
    8797,
    8877,
    9067,
    9226,
    9227,
    9305,
    9333,
    9400,
    9408,
    9423,
    10088,
    10089,
    10144,
    10150,
    10164,
    10435,
    10544,
    10801,
    10802,
    11039,
    11066,
    11358,
    11702,
    11703,
    11705,
    11708,
    11734,
    11821,
    11828,
    12001,
    12087,
    12103,
    12142,
    12180,
    12429,
    12474,
    12691,
    12706,
    12831,
    12916,
    12917,
    12932,
    12995,
    13004,
    13281,
    13698,
    13905,
    13991,
    14077,
    14206,
    14782,
    15124,
    15455,
    15698,
    15724,
    15725,
    15767,
    15814,
    15953,
    26325,
    37252,
    45331,
    45332,
    45333,
    45334,
    45335,
    45336,
    45337,
    45338,
    45339,
    45340,
    45341,
    45342,
    45343,
    45344,
    45345,
    45346,
    45347,
    45348,
    45349,
    45350,
    45351,
    45353,
    45354,
    45355,
    45356,
    45357,
    45358,
    45359,
    45361,
    45362,
    45363,
    45364,
    45365,
    45366,
    45367,
    45368,
    45369,
    45370,
    45371,
    45372,
    45373,
    45374,
    45375,
    45376,
    45848,
    45868,
    45886,
    45887,
    45889,
    45899,
    45901,
    45902,
    46028,
    46047,
    46055,
    46056,
    46061,
    46122,
    46146,
    46148,
    46454,
    46535,
    46574,
    46723,
    47179,
    47414,
    47415,
    47430,
    47842,
    48370,
    48392,
    48665,
    48835,
    48836,
    49234,
    49406,
    49430,
    49590,
    49836,
    50036,
    50037,
    50055,
    50203,
    50204,
    50255
  ],
  "real_flow_indices": [
    11392,
    13249,
    13967,
    14797,
    15201,
    15219,
    18807,
    19583,
    19888,
    20153,
    20247,
    20670,
    20729,
    20828,
    21026,
    21204,
    21320,
    21579,
    21692,
    21694,
    21909,
    22357,
    22747,
    22748,
    22957,
    23035,
    23203,
    23216,
    23251,
    25038,
    25039,
    25171,
    25190,
    25215,
    25976,
    26239,
    26877,
    26878,
    27507,
    27590,
    28255,
    29142,
    29143,
    29148,
    29154,
    29217,
    29432,
    29449,
    29873,
    30101,
    30140,
    30247,
    30325,
    30925,
    31048,
    31613,
    31662,
    31974,
    32215,
    32219,
    32261,
    32410,
    32437,
    33113,
    34159,
    34711,
    34914,
    35137,
    35497,
    36873,
    37723,
    38566,
    39191,
    39269,
    39270,
    39374,
    39483,
    39859,
    66119,
    93042,
    113300,
    113302,
    113304,
    113306,
    113308,
    113309,
    113310,
    113311,
    113312,
    113313,
    113315,
    113317,
    113319,
    113320,
    113327,
    113332,
    113333,
    113334,
    113338,
    113345,
    113346,
    113348,
    113349,
    113350,
    113353,
    113354,
    113358,
    113361,
    113365,
    113368,
    113369,
    113370,
    113371,
    113373,
    113374,
    113376,
    113377,
    113381,
    113383,
    113384,
    113386,
    113393,
    113396,
    113398,
    114531,
    114570,
    114608,
    114614,
    114616,
    114647,
    114649,
    114651,
    114977,
    115037,
    115064,
    115068,
    115074,
    115228,
    115298,
    115304,
    116038,
    116229,
    116336,
    116704,
    117970,
    118565,
    118566,
    118599,
    119696,
    121066,
    121114,
    121774,
    122188,
    122189,
    123144,
    123575,
    123624,
    124033,
    124653,
    125166,
    125167,
    125210,
    125620,
    125621,
    125737
  ],
  "y_pred": [
    4,
    4,
    4,
    4,
    4,
    4,
    4,
    5,
    3,
    4,
    4,
    4,
    4,
    5,
    4,
    4,
    4,
    4,
    1,
    1,
    4,
    4,
    3,
    3,
    2,
    4,
    4,
    4,
    1,
    3,
    4,
    4,
    4,
    4,
    3,
    4,
    4,
    4,
    4,
    4,
    5,
    3,
    3,
    3,
    3,
    3,
    4,
    4,
    2,
    4,
    4,
    4,
    2,
    4,
    3,
    5,
    2,
    0,
    4,
    4,
    4,
    4,
    4,
    4,
    3,
    3,
    4,
    4,
    1,
    4,
    4,
    4,
    2,
    3,
    4,
    4,
    4,
    4,
    5,
    5,
    5,
    5,
    5,
    5,
    5,
    5,
    5,
    5,
    5,
    5,
    5,
    5,
    5,
    5,
    5,
    5,
    5,
    5,
    5,
    5,
    5,
    5,
    5,
    5,
    5,
    5,
    5,
    5,
    5,
    5,
    5,
    5,
    5,
    5,
    5,
    5,
    5,
    5,
    5,
    5,
    5,
    5,
    5,
    5,
    4,
    3,
    0,
    0,
    0,
    0,
    0,
    0,
    4,
    0,
    4,
    0,
    0,
    4,
    0,
    0,
    3,
    3,
    4,
    4,
    4,
    2,
    3,
    4,
    4,
    4,
    4,
    4,
    4,
    4,
    4,
    4,
    3,
    3,
    5,
    4,
    4,
    4,
    4,
    4,
    4
  ],
  "y_true": [
    0,
    0,
    0,
    0,
    0,
    0,
    0,
    0,
    0,
    0,
    0,
    0,
    0,
    0,
    0,
    0,
    0,
    0,
    0,
    0,
    0,
    0,
    0,
    0,
    0,
    0,
    0,
    0,
    0,
    0,
    0,
    2,
    0,
    0,
    2,
    0,
    0,
    0,
    0,
    0,
    0,
    0,
    0,
    0,
    0,
    0,
    0,
    0,
    0,
    0,
    0,
    0,
    0,
    0,
    0,
    0,
    0,
    4,
    0,
    0,
    0,
    0,
    0,
    0,
    0,
    0,
    0,
    0,
    0,
    0,
    0,
    0,
    0,
    0,
    0,
    5,
    5,
    5,
    0,
    0,
    0,
    0,
    0,
    0,
    0,
    0,
    0,
    0,
    0,
    0,
    0,
    0,
    0,
    0,
    0,
    0,
    0,
    0,
    0,
    0,
    0,
    0,
    0,
    0,
    0,
    0,
    0,
    0,
    0,
    0,
    0,
    0,
    0,
    0,
    0,
    0,
    0,
    0,
    0,
    0,
    0,
    0,
    0,
    0,
    0,
    0,
    5,
    5,
    5,
    5,
    5,
    5,
    0,
    5,
    0,
    5,
    5,
    0,
    5,
    5,
    0,
    0,
    0,
    0,
    0,
    0,
    0,
    0,
    0,
    0,
    0,
    0,
    0,
    0,
    0,
    0,
    0,
    0,
    0,
    0,
    0,
    0,
    0,
    0,
    0
  ]
}