{
  "Accuracy": 0.9923843232387505,
  "Macro Precision": 0.4985651018844183,
  "Macro Recall": 0.741215817266911,
  "Macro F1": 0.5227327798526858,
  "False Alarms": 319,
  "False Alarm Rate": 0.015289493865030675,
  "Missed Attacks": 20,
  "Detection Rate": 0.9993193343089541,
  "Confusion Matrix (actual_pred)": [
    [
      20545,
      2,
      66,
      39,
      200,
      12
    ],
    [
      0,
      6,
      2,
      0,
      0,
      0
    ],
    [
      5,
      0,
      0,
      4,
      0,
      0
    ],
    [
      2,
      0,
      0,
      12,
      0,
      0
    ],
    [
      1,
      0,
      0,
      0,
      6,
      0
    ],
    [
      12,
      0,
      0,
      0,
      38,
      29339
    ]
  ],
  "misclassified_indices": [
    3659,
    3660,
    3661,
    3662,
    3663,
    3664,
    3665,
    3666,
    3667,
    3668,
    3669,
    3670,
    3671,
    3672,
    3673,
    3674,
    3675,
    3676,
    3677,
    3678,
    4244,
    4245,
    4246,
    4247,
    4248,
    4249,
    4250,
    4251,
    4254,
    4255,
    4256,
    7122,
    7909,
    8176,
    8409,
    8410,
    8411,
    8412,
    8413,
    8414,
    8507,
    8588,
    8633,
    8785,
    8786,
    8792,
    8793,
    8796,
    8797,
    8798,
    9067,
    9423,
    9517,
    9518,
    9519,
    9521,
    9522,
    9523,
    9524,
    9525,
    9526,
    9527,
    9528,
    9582,
    9583,
    9584,
    9585,
    9587,
    9653,
    9654,
    9655,
    9656,
    9657,
    9660,
    9737,
    9738,
    9739,
    9740,
    9742,
    9746,
    9750,
    9751,
    9752,
    9753,
    9754,
    9755,
    9756,
    9757,
    9758,
    9759,
    9786,
    9787,
    9788,
    9790,
    9803,
    9804,
    9805,
    9942,
    9955,
    10092,
    10093,
    10094,
    10095,
    10096,
    10144,
    10145,
    10248,
    10249,
    10250,
    10251,
    10284,
    10285,
    10347,
    10374,
    10375,
    10376,
    10377,
    10378,
    10379,
    10435,
    10436,
    10442,
    10443,
    10444,
    10470,
    10544,
    10545,
    10546,
    10768,
    10769,
    10770,
    10771,
    10772,
    10773,
    10804,
    11359,
    11670,
    11672,
    11701,
    11702,
    11703,
    11705,
    11708,
    11734,
    12094,
    12103,
    12142,
    12166,
    12376,
    12446,
    12447,
    12448,
    12449,
    12450,
    12451,
    12452,
    12453,
    12454,
    12455,
    12456,
    12457,
    12458,
    12459,
    12460,
    12461,
    12462,
    12463,
    12464,
    12514,
    12663,
    12707,
    12829,
    12904,
    12907,
    12916,
    12917,
    12995,
    13004,
    13515,
    13698,
    13791,
    13991,
    14484,
    14485,
    14486,
    14487,
    14488,
    14489,
    14490,
    14560,
    14748,
    14749,
    14750,
    14751,
    14752,
    15000,
    15001,
    15061,
    15062,
    15064,
    15124,
    15125,
    15153,
    15209,
    15210,
    15211,
    15212,
    15214,
    15232,
    15237,
    15238,
    15353,
    15354,
    15355,
    15356,
    15357,
    15358,
    15364,
    15366,
    15386,
    15387,
    15389,
    15390,
    15391,
    15392,
    15449,
    15450,
    15451,
    15452,
    15453,
    15454,
    15455,
    15456,
    15465,
    15629,
    15630,
    15631,
    15632,
    15693,
    15694,
    15695,
    15696,
    15697,
    15730,
    15731,
    15732,
    15733,
    15734,
    15735,
    15749,
    15750,
    15767,
    15814,
    15953,
    15954,
    15955,
    15956,
    15957,
    15958,
    15959,
    15960,
    15961,
    15962,
    15963,
    15964,
    15965,
    15966,
    15967,
    15968,
    15969,
    15970,
    15971,
    15972,
    15973,
    15974,
    15975,
    15976,
    15977,
    15978,
    15979,
    15980,
    15981,
    15982,
    15983,
    15984,
    15985,
    15986,
    15987,
    15988,
    15989,
    26325,
    37252,
    45331,
    45332,
    45333,
    45334,
    45335,
    45336,
    45337,
    45338,
    45339,
    45340,
    45341,
    45342,
    45772,
    45773,
    45774,
    45775,
    45776,
    45777,
    45848,
    45886,
    45887,
    45889,
    45893,
    45899,
    45901,
    45902,
    45907,
    46047,
    46055,
    46056,
    46057,
    46058,
    46059,
    46061,
    46090,
    46137,
    46146,
    46148,
    46442,
    46723,
    46851,
    46852,
    46853,
    46854,
    46855,
    46856,
    46857,
    46858,
    47050,
    47158,
    47206,
    47207,
    47208,
    47209,
    47210,
    47584,
    47585,
    47586,
    48368,
    48369,
    48370,
    48371,
    48372,
    48373,
    48392,
    49234,
    49237,
    49406,
    49740,
    49741,
    49742,
    49944,
    49952,
    49953,
    49954,
    49955,
    49956,
    50036,
    50037,
    50038,
    50055,
    50203,
    50204,
    50249,
    50255,
    50259,
    50286,
    50287,
    50288,
    50289,
    50290
  ],