{
  "Accuracy": 0.9993637032471019,
  "Macro Precision": 0.8099299907523397,
  "Macro Recall": 0.7829311534094799,
  "Macro F1": 0.7817905712306358,
  "False Alarms": 8,
  "False Alarm Rate": 0.0003834355828220859,
  "Missed Attacks": 20,
  "Detection Rate": 0.9993202596608096,
  "Confusion Matrix (actual_pred)": [
    [
      20856,
      3,
      0,
      1,
      4,
      0
    ],
    [
      0,
      8,
      0,
      0,
      0,
      0
    ],
    [
      2,
      0,
      5,
      2,
      0,
      0
    ],
    [
      2,
      0,
      0,
      12,
      0,
      0
    ],
    [
      3,
      0,
      0,
      0,
      2,
      2
    ],
    [
      13,
      0,
      0,
      0,
      0,
      29376
    ]
  ],
  "misclassified_indices": [
    8408,
    9423,
    10144,
    10347,
    10435,
    10470,
    10801,
    11671,
    11706,
    11734,
    12691,
    12831,
    12905,
    12906,
    12918,
    12919,
    15767,
    15814,
    45341,
    45886,
    45887,
    45889,
    45899,
    45901,
    45902,
    46047,
    46056,
    46061,
    46146,
    46148,
    50036,
    50255
  ],
  "real_flow_indices": [
    20729,
    23251,
    25171,
    25740,
    25976,
    26060,
    26877,
    29051,
    29151,
    29217,
    31613,
    31974,
    32193,
    32194,
    32221,
    32222,
    39374,
    39483,
    113315,
    114608,
    114614,
    114616,
    114647,
    114649,
    114651,
    115037,
    115068,
    115074,
    115298,
    115304,
    125166,
    125737
  ],
  "y_pred": [
    4,
    1,
    3,
    0,
    0,
    3,
    4,
    0,
    0,
    3,
    1,
    0,
    5,
    5,
    0,
    0,
    0,
    0,
    1,
    0,
    0,
    0,
    0,
    0,
    0,
    0,
    0,
    0,
    0,
    0,
    4,
    4
  ],
  "y_true": [
    0,
    0,
    2,
    2,
    2,
    2,
    0,
    3,
    3,
    0,
    0,
    4,
    4,
    4,
    4,
    4,
    5,
    5,
    0,
    5,
    5,
    5,
    5,
    5,
    5,
    5,
    5,
    5,
    5,
    5,
    0,
    0
  ]
}