{
  "accuracy": 0.9986081008530353,
  "precision": 0.7101376873105577,
  "recall": 0.765455797767905,
  "f1": 0.7137406733471486,
  "confusion_matrix": [
    [
      20821,
      2,
      5,
      35,
      1,
      0
    ],
    [
      0,
      8,
      0,
      0,
      0,
      0
    ],
    [
      3,
      0,
      6,
      0,
      0,
      0
    ],
    [
      7,
      0,
      0,
      7,
      0,
      0
    ],
    [
      4,
      0,
      0,
      0,
      3,
      0
    ],
    [
      13,
      0,
      0,
      0,
      0,
      29376
    ]
  ],
  "misclassified_indices": [
    5963,
    7509,
    8280,
    8339,
    8675,
    8810,
    8895,
    9327,
    9453,
    9464,
    9710,
    9711,
    9943,
    10363,
    10364,
    10365,
    10800,
    11693,
    11694,
    11700,
    11701,
    11702,
    11705,
    11717,
    11720,
    11721,
    11722,
    11737,
    11738,
    11739,
    11744,
    11746,
    11747,
    11748,
    12477,
    12806,
    12808,
    12825,
    12891,
    13426,
    13710,
    15788,
    45409,
    45834,
    45847,
    45851,
    45852,
    45866,
    45869,
    45870,
    45871,
    45872,
    45873,
    45890,
    46115,
    46117,
    46429,
    46430,
    46544,
    47734,
    48477,
    48789,
    48950,
    49096,
    49375,
    49540,
    49747,
    49748,
    50240,
    50245
  ],
  "real_flow_indices": [
    15125,
    18805,
    20714,
    20853,
    21663,
    21945,
    22176,
    23251,
    23539,
    23569,
    24135,
    24136,
    24685,
    25731,
    25732,
    25733,
    26827,
    29039,
    29040,
    29049,
    29052,
    29056,
    29063,
    29086,
    29092,
    29093,
    29095,
    29136,
    29142,
    29143,
    29152,
    29159,
    29162,
    29165,
    31050,
    31974,
    31981,
    32016,
    32189,
    33581,
    34305,
    39483,
    113521,
    114575,
    114604,
    114612,
    114614,
    114645,
    114649,
    114651,
    114653,
    114655,
    114657,
    114702,
    115296,
    115300,
    116043,
    116045,
    116328,
    119343,
    121212,
    122043,
    122443,
    122831,
    123512,
    123914,
    124451,
    124452,
    125686,
    125698
  ],
  "y_pred": [
    3,
    3,
    3,
    3,
    1,
    3,
    3,
    1,
    3,
    3,
    0,
    0,
    0,
    2,
    2,
    2,
    2,
    0,
    0,
    0,
    3,
    0,
    0,
    3,
    3,
    3,
    3,
    0,
    3,
    3,
    0,
    3,
    3,
    3,
    3,
    0,
    0,
    0,
    0,
    4,
    3,
    0,
    3,
    3,
    0,
    0,
    0,
    0,
    0,
    0,
    0,
    0,
    0,
    0,
    0,
    0,
    3,
    3,
    3,
    3,
    3,
    3,
    3,
    3,
    2,
    3,
    3,
    3,
    3,
    3
  ],
  "y_true": [
    0,
    0,
    0,
    0,
    0,
    0,
    0,
    0,
    0,
    0,
    2,
    2,
    2,
    0,
    0,
    0,
    0,
    3,
    3,
    3,
    0,
    3,
    3,
    0,
    0,
    0,
    0,
    3,
    0,
    0,
    3,
    0,
    0,
    0,
    0,
    4,
    4,
    4,
    4,
    0,
    0,
    5,
    0,
    0,
    5,
    5,
    5,
    5,
    5,
    5,
    5,
    5,
    5,
    5,
    5,
    5,
    0,
    0,
    0,
    0,
    0,
    0,
    0,
    0,
    0,
    0,
    0,
    0,
    0,
    0
  ]
}