{
  "Accuracy": 0.9995827289526497,
  "Macro Precision": 0.8733017604286261,
  "Macro Recall": 0.9998624804178977,
  "Macro F1": 0.9252802181915891,
  "False Alarms": 8,
  "False Alarm Rate": 0.0003827751196172249,
  "Missed Attacks": 12,
  "Detection Rate": 0.9995921973764698,
  "Confusion Matrix (actual_pred)": [
    [
      20892,
      5,
      2,
      0,
      1,
      0
    ],
    [
      0,
      8,
      0,
      0,
      0,
      0
    ],
    [
      0,
      0,
      9,
      0,
      0,
      0
    ],
    [
      0,
      0,
      0,
      14,
      0,
      0
    ],
    [
      0,
      0,
      0,
      0,
      7,
      0
    ],
    [
      12,
      0,
      1,
      0,
      0,
      29376
    ]
  ],
  "missclassified_indices": [
    8117,
    9359,
    9854,
    12712,
    12728,
    15816,
    45871,
    45872,
    45873,
    45874,
    45887,
    45889,
    45891,
    46035,
    46037,
    46139,
    46141,
    46142,
    46949,
    49850,
    50045
  ],
  "real_flow_indices": [
    20247,
    23250,
    24389,
    31613,
    31662,
    39483,
    114608,
    114612,
    114614,
    114616,
    114647,
    114655,
    114661,
    115033,
    115037,
    115298,
    115300,
    115304,
    117244,
    124654,
    125167
  ],
  "y_pred": [
    4,
    1,
    2,
    2,
    1,
    2,
    0,
    0,
    0,
    0,
    0,
    0,
    0,
    0,
    0,
    0,
    0,
    0,
    1,
    1,
    1
  ],
  "y_true": [
    0,
    0,
    0,
    0,
    0,
    5,
    5,
    5,
    5,
    5,
    5,
    5,
    5,
    5,
    5,
    5,
    5,
    5,
    0,
    0,
    0
  ]
}