{
  "Accuracy": 0.9984490266648108,
  "Macro Precision": 0.603211275848727,
  "Macro Recall": 0.7521666957951662,
  "Macro F1": 0.6494055936789743,
  "False Alarms": 50,
  "False Alarm Rate": 0.002396472392638037,
  "Missed Attacks": 28,
  "Detection Rate": 0.9990484928806878,
  "Confusion Matrix (actual_pred)": [
    [
      20814,
      5,
      10,
      32,
      3,
      0
    ],
    [
      0,
      8,
      0,
      0,
      0,
      0
    ],
    [
      5,
      0,
      4,
      0,
      0,
      0
    ],
    [
      5,
      0,
      0,
      9,
      0,
      0
    ],
    [
      4,
      0,
      0,
      0,
      3,
      0
    ],
    [
      14,
      0,
      0,
      0,
      0,
      29375
    ]
  ],
  "missclassified_indices": [
    7509,
    8336,
    8337,
    8946,
    8977,
    9215,
    9326,
    9327,
    9417,
    9552,
    9710,
    9711,
    9750,
    9753,
    9817,
    9943,
    10209,
    10366,
    10367,
    10370,
    10682,
    10800,
    11371,
    11693,
    11694,
    11700,
    11702,
    11717,
    11737,
    11738,
    11739,
    11743,
    11746,
    11747,
    11748,
    11771,
    12467,
    12512,
    12702,
    12806,
    12808,
    12825,
    12891,
    12892,
    12893,
    13308,
    13853,
    15046,
    15289,
    15788,
    15943,
    45403,
    45505,
    45847,
    45851,
    45852,
    45866,
    45869,
    45870,
    45871,
    45872,
    45873,
    45890,
    45893,
    46115,
    46117,
    47446,
    47447,
    47585,
    47935,
    48430,
    48504,
    48717,
    48789,
    49288,
    49375,
    49834,
    49989
  ],
  "real_flow_indices": [
    18805,
    20849,
    20850,
    22310,
    22385,
    22957,
    23250,
    23251,
    23473,
    23760,
    24135,
    24136,
    24223,
    24228,
    24389,
    24685,
    25363,
    25735,
    25736,
    25742,
    26559,
    26827,
    28255,
    29039,
    29040,
    29049,
    29056,
    29086,
    29136,
    29142,
    29143,
    29149,
    29159,
    29162,
    29165,
    29233,
    31032,
    31146,
    31661,
    31974,
    31981,
    32016,
    32189,
    32192,
    32196,
    33280,
    34671,
    37679,
    38263,
    39483,
    39857,
    113511,
    113743,
    114604,
    114612,
    114614,
    114645,
    114649,
    114651,
    114653,
    114655,
    114657,
    114702,
    114711,
    115296,
    115300,
    118566,
    118567,
    118953,
    119817,
    121079,
    121292,
    121846,
    122043,
    123290,
    123512,
    124653,
    125066
  ],
  "y_pred": [
    3,
    3,
    3,
    4,
    3,
    2,
    1,
    1,
    2,
    3,
    0,
    0,
    3,
    3,
    1,
    0,
    3,
    0,
    0,
    2,
    2,
    2,
    2,
    0,
    0,
    0,
    0,
    3,
    0,
    3,
    3,
    3,
    3,
    3,
    3,
    3,
    2,
    3,
    1,
    0,
    0,
    0,
    0,
    4,
    4,
    3,
    3,
    3,
    3,
    0,
    0,
    3,
    3,
    0,
    0,
    0,
    0,
    0,
    0,
    0,
    0,
    0,
    0,
    2,
    0,
    0,
    3,
    3,
    3,
    3,
    2,
    3,
    3,
    3,
    3,
    2,
    1,
    3
  ],
  "y_true": [
    0,
    0,
    0,
    0,
    0,
    0,
    0,
    0,
    0,
    0,
    2,
    2,
    0,
    0,
    0,
    2,
    0,
    2,
    2,
    0,
    0,
    0,
    0,
    3,
    3,
    3,
    3,
    0,
    3,
    0,
    0,
    0,
    0,
    0,
    0,
    0,
    0,
    0,
    0,
    4,
    4,
    4,
    4,
    0,
    0,
    0,
    0,
    0,
    0,
    5,
    5,
    0,
    0,
    5,
    5,
    5,
    5,
    5,
    5,
    5,
    5,
    5,
    5,
    0,
    5,
    5,
    0,
    0,
    0,
    0,
    0,
    0,
    0,
    0,
    0,
    0,
    0,
    0
  ]
}