{
  "Accuracy": 0.9966196735002286,
  "Macro Precision": 0.45818902017795593,
  "Macro Recall": 0.6416846395126115,
  "Macro F1": 0.4914362186112462,
  "False Alarms": 134,
  "False Alarm Rate": 0.006422546012269939,
  "Missed Attacks": 23,
  "Detection Rate": 0.9992180594274835,
  "Confusion Matrix (actual_pred)": [
    [
      20730,
      2,
      0,
      120,
      2,
      10
    ],
    [
      0,
      8,
      0,
      0,
      0,
      0
    ],
    [
      3,
      0,
      0,
      6,
      0,
      0
    ],
    [
      2,
      0,
      0,
      12,
      0,
      0
    ],
    [
      5,
      0,
      0,
      2,
      0,
      0
    ],
    [
      13,
      2,
      0,
      3,
      0,
      29371
    ]
  ],
  "misclassified_indices": [
    8179,
    8530,
    8531,
    8532,
    8751,
    8785,
    8796,
    8913,
    8982,
    9049,
    9078,
    9189,
    9226,
    9227,
    9360,
    9407,
    9408,
    9410,
    9423,
    9753,
    9754,
    9790,
    9791,
    9955,
    10088,
    10089,
    10144,
    10145,
    10347,
    10435,
    10436,
    10443,
    10470,
    10573,
    10674,
    10770,
    10771,
    10803,
    10804,
    10962,
    11039,
    11058,
    11110,
    11217,
    11358,
    11435,
    11451,
    11541,
    11667,
    11670,
    11672,
    11701,
    11702,
    11705,
    11708,
    11734,
    11742,
    11821,
    12151,
    12376,
    12432,
    12468,
    12474,
    12662,
    12685,
    12687,
    12706,
    12831,
    12834,
    12904,
    12905,
    12906,
    12917,
    12918,
    12919,
    12932,
    13273,
    13340,
    13698,
    13905,
    14046,
    14208,
    14229,
    14963,
    15004,
    15064,
    15109,
    15156,
    15219,
    15330,
    15364,
    15631,
    15724,
    15725,
    15726,
    15767,
    15814,
    15817,
    15818,
    15953,
    15954,
    15955,
    15956,
    15957,
    26325,
    37252,
    45331,
    45332,
    45333,
    45334,
    45335,
    45336,
    45337,
    45338,
    45339,
    45340,
    45341,
    45517,
    45683,
    45794,
    45886,
    45887,
    45889,
    45890,
    45899,
    45901,
    45902,
    46018,
    46047,
    46056,
    46059,
    46060,
    46061,
    46146,
    46148,
    46255,
    46442,
    46454,
    46495,
    46536,
    46679,
    46732,
    47087,
    47209,
    47210,
    47415,
    47416,
    47417,
    47462,
    47586,
    47587,
    47600,
    48161,
    48267,
    48328,
    48370,
    48371,
    48372,
    48528,
    48665,
    48773,
    48911,
    49541,
    49881,
    49945,
    50038,
    50082,
    50204,
    50249,
    50255
  ],
  "real_flow_indices": [
    20159,
    21025,
    21026,
    21027,
    21579,
    21667,
    21692,
    21996,
    22157,
    22318,
    22385,
    22672,
    22747,
    22748,
    23106,
    23215,
    23216,
    23221,
    23251,
    24135,
    24138,
    24227,
    24229,
    24688,
    25038,
    25039,
    25171,
    25172,
    25740,
    25976,
    25977,
    25993,
    26060,
    26308,
    26561,
    26809,
    26810,
    26881,
    26882,
    27277,
    27507,
    27558,
    27683,
    27923,
    28255,
    28454,
    28499,
    28720,
    29041,
    29049,
    29052,
    29136,
    29142,
    29148,
    29154,
    29217,
    29233,
    29432,
    30266,
    30793,
    30936,
    31033,
    31048,
    31547,
    31592,
    31603,
    31662,
    31974,
    31981,
    32190,
    32193,
    32194,
    32219,
    32221,
    32222,
    32261,
    33093,
    33280,
    34159,
    34711,
    35067,
    35499,
    35541,
    37292,
    37397,
    37564,
    37676,
    37827,
    37968,
    38263,
    38327,
    39015,
    39269,
    39270,
    39271,
    39374,
    39483,
    39487,
    39488,
    39859,
    39862,
    39864,
    39867,
    39870,
    66119,
    93042,
    113300,
    113302,
    113304,
    113306,
    113308,
    113309,
    113310,
    113311,
    113312,
    113313,
    113315,
    113743,
    114142,
    114416,
    114608,
    114614,
    114616,
    114618,
    114647,
    114649,
    114651,
    114952,
    115037,
    115068,
    115072,
    115073,
    115074,
    115298,
    115304,
    115567,
    116012,
    116038,
    116139,
    116231,
    116613,
    116724,
    117704,
    118045,
    118046,
    118566,
    118567,
    118568,
    118679,
    118963,
    118965,
    119002,
    120525,
    120785,
    120935,
    121066,
    121067,
    121069,
    121465,
    121774,
    122043,
    122363,
    123911,
    124757,
    124954,
    125169,
    125272,
    125621,
    125724,
    125737
  ],
  "y_pred": [
    3,
    3,
    3,
    3,
    3,
    1,
    1,
    3,
    3,
    3,
    3,
    3,
    3,
    3,
    3,
    3,
    3,
    3,
    3,
    0,
    3,
    3,
    3,
    3,
    3,
    3,
    0,
    3,
    3,
    3,
    3,
    3,
    0,
    3,
    3,
    3,
    3,
    3,
    3,
    3,
    3,
    3,
    3,
    3,
    3,
    3,
    3,
    3,
    3,
    0,
    3,
    0,
    3,
    3,
    3,
    3,
    3,
    3,
    3,
    3,
    3,
    3,
    3,
    3,
    3,
    3,
    3,
    0,
    0,
    0,
    0,
    0,
    3,
    3,
    3,
    3,
    3,
    3,
    3,
    3,
    3,
    3,
    3,
    3,
    3,
    3,
    3,
    3,
    3,
    3,
    3,
    3,
    3,
    3,
    3,
    0,
    0,
    3,
    3,
    3,
    3,
    3,
    1,
    1,
    5,
    5,
    5,
    5,
    5,
    5,
    5,
    5,
    5,
    5,
    3,
    3,
    3,
    3,
    3,
    3,
    0,
    0,
    0,
    3,
    0,
    0,
    0,
    3,
    0,
    0,
    3,
    3,
    0,
    0,
    0,
    3,
    3,
    3,
    3,
    3,
    3,
    3,
    3,
    3,
    3,
    3,
    3,
    3,
    3,
    3,
    3,
    3,
    3,
    3,
    3,
    4,
    3,
    3,
    3,
    3,
    3,
    3,
    3,
    3,
    3,
    3,
    3,
    4,
    3,
    3
  ],
  "y_true": [
    0,
    0,
    0,
    0,
    0,
    0,
    0,
    0,
    0,
    0,
    0,
    0,
    0,
    0,
    0,
    0,
    0,
    0,
    0,
    2,
    2,
    0,
    0,
    2,
    0,
    0,
    2,
    2,
    2,
    2,
    2,
    0,
    2,
    0,
    0,
    0,
    0,
    0,
    0,
    0,
    0,
    0,
    0,
    0,
    0,
    0,
    0,
    0,
    0,
    3,
    0,
    3,
    0,
    0,
    0,
    0,
    0,
    0,
    0,
    0,
    0,
    0,
    0,
    0,
    0,
    0,
    0,
    4,
    4,
    4,
    4,
    4,
    0,
    4,
    4,
    0,
    0,
    0,
    0,
    0,
    0,
    0,
    0,
    0,
    0,
    0,
    0,
    0,
    0,
    0,
    0,
    0,
    0,
    0,
    0,
    5,
    5,
    0,
    0,
    5,
    5,
    5,
    5,
    5,
    0,
    0,
    0,
    0,
    0,
    0,
    0,
    0,
    0,
    0,
    0,
    0,
    0,
    0,
    0,
    0,
    5,
    5,
    5,
    0,
    5,
    5,
    5,
    0,
    5,
    5,
    0,
    0,
    5,
    5,
    5,
    0,
    0,
    0,
    0,
    0,
    0,
    0,
    0,
    0,
    0,
    0,
    0,
    0,
    0,
    0,
    0,
    0,
    0,
    0,
    0,
    0,
    0,
    0,
    0,
    0,
    0,
    0,
    0,
    0,
    0,
    0,
    0,
    0,
    0,
    0
  ]
}