{
  "Accuracy": 0.9971565488854864,
  "Macro Precision": 0.5550400919782364,
  "Macro Recall": 0.9274855153816238,
  "Macro F1": 0.6408994484006867,
  "False Alarms": 126,
  "False Alarm Rate": 0.006039110429447853,
  "Missed Attacks": 13,
  "Detection Rate": 0.9995581687795262,
  "Confusion Matrix (actual_pred)": [
    [
      20738,
      6,
      28,
      16,
      64,
      12
    ],
    [
      0,
      8,
      0,
      0,
      0,
      0
    ],
    [
      0,
      0,
      9,
      0,
      0,
      0
    ],
    [
      0,
      0,
      0,
      14,
      0,
      0
    ],
    [
      2,
      0,
      1,
      0,
      4,
      0
    ],
    [
      11,
      0,
      0,
      0,
      3,
      29375
    ]
  ],
  "misclassified_indices": [
    2,
    61,
    651,
    3615,
    4616,
    5691,
    5870,
    6022,
    6189,
    6199,
    6643,
    7613,
    7644,
    7940,
    8069,
    8176,
    8210,
    8382,
    8408,
    8531,
    8533,
    8588,
    8751,
    8796,
    8877,
    8987,
    9067,
    9305,
    9333,
    9400,
    9408,
    9423,
    9519,
    10089,
    10150,
    10544,
    10780,
    10801,
    10802,
    11039,
    11066,
    11357,
    11358,
    11667,
    11672,
    11703,
    11705,
    11708,
    11734,
    11808,
    11821,
    11828,
    12087,
    12180,
    12412,
    12429,
    12474,
    12691,
    12706,
    12707,
    12831,
    12916,
    12917,
    12918,
    12919,
    12932,
    12995,
    13281,
    13698,
    13905,
    13907,
    13991,
    14077,
    14460,
    14782,
    14962,
    15386,
    15455,
    15698,
    15725,
    15767,
    15814,
    15953,
    26325,
    37252,
    45331,
    45332,
    45333,
    45334,
    45336,
    45337,
    45338,
    45339,
    45340,
    45341,
    45369,
    45778,
    45848,
    45868,
    45886,
    45887,
    45889,
    45899,
    45901,
    45902,
    46028,
    46047,
    46055,
    46056,
    46057,
    46061,
    46122,
    46146,
    46148,
    46535,
    46536,
    46552,
    46574,
    46575,
    46723,
    47083,
    47179,
    47414,
    47415,
    47430,
    47842,
    48392,
    48413,
    48665,
    48835,
    48836,
    49234,
    49384,
    49406,
    49430,
    49590,
    49836,
    50036,
    50037,
    50203,
    50204,
    50249,
    50255
  ],
  "real_flow_indices": [
    103,
    230,
    1689,
    8974,
    11392,
    13967,
    14424,
    14797,
    15201,
    15219,
    16311,
    18736,
    18807,
    19583,
    19888,
    20153,
    20247,
    20670,
    20729,
    21026,
    21029,
    21204,
    21579,
    21692,
    21909,
    22168,
    22357,
    22957,
    23035,
    23203,
    23216,
    23251,
    23529,
    25039,
    25190,
    26239,
    26827,
    26877,
    26878,
    27507,
    27590,
    28254,
    28255,
    29041,
    29052,
    29143,
    29148,
    29154,
    29217,
    29403,
    29432,
    29449,
    30101,
    30325,
    30883,
    30925,
    31048,
    31613,
    31662,
    31663,
    31974,
    32215,
    32219,
    32221,
    32222,
    32261,
    32410,
    33113,
    34159,
    34711,
    34715,
    34914,
    35137,
    36122,
    36873,
    37290,
    38381,
    38566,
    39191,
    39270,
    39374,
    39483,
    39859,
    66119,
    93042,
    113300,
    113302,
    113304,
    113306,
    113309,
    113310,
    113311,
    113312,
    113313,
    113315,
    113377,
    114379,
    114531,
    114570,
    114608,
    114614,
    114616,
    114647,
    114649,
    114651,
    114977,
    115037,
    115064,
    115068,
    115069,
    115074,
    115228,
    115298,
    115304,
    116229,
    116231,
    116272,
    116336,
    116338,
    116704,
    117693,
    117970,
    118565,
    118566,
    118599,
    119696,
    121114,
    121166,
    121774,
    122188,
    122189,
    123144,
    123512,
    123575,
    123624,
    124033,
    124653,
    125166,
    125167,
    125620,
    125621,
    125724,
    125737
  ],
  "y_pred": [
    2,
    2,
    2,
    3,
    4,
    4,
    2,
    4,
    4,
    4,
    4,
    2,
    4,
    2,
    2,
    4,
    4,
    4,
    4,
    4,
    4,
    4,
    4,
    1,
    4,
    2,
    4,
    2,
    4,
    4,
    4,
    1,
    2,
    4,
    4,
    4,
    2,
    4,
    4,
    4,
    4,
    2,
    1,
    3,
    3,
    3,
    3,
    3,
    3,
    4,
    4,
    4,
    4,
    4,
    3,
    4,
    2,
    1,
    1,
    1,
    2,
    4,
    4,
    0,
    0,
    4,
    3,
    4,
    2,
    3,
    4,
    4,
    4,
    2,
    4,
    2,
    3,
    4,
    2,
    4,
    4,
    4,
    4,
    5,
    5,
    5,
    5,
    5,
    5,
    5,
    5,
    5,
    5,
    5,
    5,
    2,
    2,
    4,
    2,
    0,
    0,
    0,
    0,
    0,
    0,
    4,
    0,
    4,
    0,
    3,
    0,
    4,
    0,
    0,
    3,
    3,
    4,
    4,
    2,
    4,
    3,
    4,
    2,
    2,
    4,
    4,
    4,
    3,
    4,
    4,
    4,
    4,
    2,
    4,
    2,
    2,
    2,
    4,
    4,
    4,
    4,
    2,
    4
  ],
  "y_true": [
    0,
    0,
    0,
    0,
    0,
    0,
    0,
    0,
    0,
    0,
    0,
    0,
    0,
    0,
    0,
    0,
    0,
    0,
    0,
    0,
    0,
    0,
    0,
    0,
    0,
    0,
    0,
    0,
    0,
    0,
    0,
    0,
    0,
    0,
    0,
    0,
    0,
    0,
    0,
    0,
    0,
    0,
    0,
    0,
    0,
    0,
    0,
    0,
    0,
    0,
    0,
    0,
    0,
    0,
    0,
    0,
    0,
    0,
    0,
    0,
    4,
    0,
    0,
    4,
    4,
    0,
    0,
    0,
    0,
    0,
    0,
    0,
    0,
    0,
    0,
    0,
    0,
    0,
    0,
    0,
    5,
    5,
    5,
    0,
    0,
    0,
    0,
    0,
    0,
    0,
    0,
    0,
    0,
    0,
    0,
    0,
    0,
    0,
    0,
    5,
    5,
    5,
    5,
    5,
    5,
    0,
    5,
    0,
    5,
    0,
    5,
    0,
    5,
    5,
    0,
    0,
    0,
    0,
    0,
    0,
    0,
    0,
    0,
    0,
    0,
    0,
    0,
    0,
    0,
    0,
    0,
    0,
    0,
    0,
    0,
    0,
    0,
    0,
    0,
    0,
    0,
    0,
    0
  ]
}