{
  "Accuracy": 0.9993242034545129,
  "Macro Precision": 0.7722114744696288,
  "Macro Recall": 0.8447368645983605,
  "Macro F1": 0.7785229649168267,
  "False Alarms": 10,
  "False Alarm Rate": 0.0004788354721317755,
  "Missed Attacks": 15,
  "Detection Rate": 0.9994901080970834,
  "Confusion Matrix (actual_pred)": [
    [
      20874,
      0,
      2,
      0,
      8,
      0
    ],
    [
      0,
      5,
      3,
      0,
      0,
      0
    ],
    [
      0,
      0,
      4,
      4,
      1,
      0
    ],
    [
      0,
      0,
      0,
      14,
      0,
      0
    ],
    [
      0,
      0,
      0,
      0,
      7,
      0
    ],
    [
      15,
      0,
      0,
      0,
      1,
      29373
    ]
  ],
  "missclassified_indices": [
    8279,
    8690,
    8691,
    8708,
    8960,
    9955,
    10373,
    10374,
    10472,
    10504,
    11780,
    12677,
    12929,
    14337,
    15187,
    15808,
    45841,
    45842,
    45845,
    45857,
    45858,
    45860,
    46005,
    46007,
    46009,
    46021,
    46110,
    46112,
    46114,
    46117,
    46119,
    46924,
    47891,
    50030
  ],
  "real_flow_indices": [
    20670,
    21649,
    21650,
    21684,
    22310,
    24688,
    25734,
    25735,
    25976,
    26060,
    29216,
    31548,
    32261,
    35809,
    37957,
    39483,
    114604,
    114608,
    114616,
    114649,
    114655,
    114659,
    115033,
    115035,
    115037,
    115068,
    115296,
    115300,
    115302,
    115306,
    115308,
    117244,
    119717,
    125166
  ],
  "y_pred": [
    4,
    2,
    2,
    2,
    4,
    3,
    4,
    3,
    3,
    3,
    2,
    4,
    4,
    4,
    4,
    4,
    0,
    0,
    0,
    0,
    0,
    0,
    0,
    0,
    0,
    0,
    0,
    0,
    0,
    0,
    0,
    2,
    4,
    4
  ],
  "y_true": [
    0,
    1,
    1,
    1,
    0,
    2,
    2,
    2,
    2,
    2,
    0,
    0,
    0,
    0,
    0,
    5,
    5,
    5,
    5,
    5,
    5,
    5,
    5,
    5,
    5,
    5,
    5,
    5,
    5,
    5,
    5,
    0,
    0,
    0
  ]
}