{
  "Accuracy": 0.9926229345210873,
  "Macro Precision": 0.5840498561517212,
  "Macro Recall": 0.5687884874392743,
  "Macro F1": 0.48663789807701746,
  "False Alarms": 295,
  "False Alarm Rate": 0.014139187116564417,
  "Missed Attacks": 34,
  "Detection Rate": 0.9988429470818445,
  "Confusion Matrix (actual_pred)": [
    [
      20569,
      4,
      0,
      0,
      285,
      6
    ],
    [
      0,
      8,
      0,
      0,
      0,
      0
    ],
    [
      7,
      0,
      0,
      0,
      2,
      0
    ],
    [
      8,
      0,
      0,
      2,
      4,
      0
    ],
    [
      5,
      0,
      0,
      0,
      2,
      0
    ],
    [
      14,
      4,
      0,
      0,
      32,
      29339
    ]
  ],
  "misclassified_indices": [
    3660,
    3661,
    3662,
    3663,
    3664,
    3665,
    3666,
    3667,
    3668,
    3669,
    3670,
    3671,
    3672,
    3673,
    3674,
    3675,
    3676,
    3677,
    3678,
    3679,
    3680,
    4244,
    4245,
    4246,
    4247,
    4248,
    4249,
    4250,
    4251,
    4253,
    4254,
    4255,
    4256,
    4257,
    4258,
    4259,
    8409,
    8410,
    8411,
    8412,
    8413,
    8414,
    8634,
    8694,
    8695,
    8696,
    8697,
    8698,
    8699,
    8700,
    8701,
    8702,
    8703,
    8704,
    8705,
    8706,
    8707,
    8708,
    8785,
    8786,
    8796,
    8797,
    9067,
    9517,
    9518,
    9520,
    9521,
    9522,
    9523,
    9524,
    9525,
    9526,
    9527,
    9528,
    9531,
    9583,
    9584,
    9585,
    9586,
    9587,
    9653,
    9654,
    9655,
    9656,
    9657,
    9659,
    9660,
    9731,
    9735,
    9736,
    9737,
    9738,
    9739,
    9740,
    9741,
    9742,
    9744,
    9745,
    9746,
    9747,
    9749,
    9750,
    9751,
    9752,
    9753,
    9754,
    9755,
    9756,
    9757,
    9758,
    9759,
    9760,
    9786,
    9787,
    9788,
    9789,
    9803,
    9804,
    9805,
    9955,
    10092,
    10093,
    10094,
    10095,
    10096,
    10144,
    10145,
    10248,
    10249,
    10250,
    10251,
    10284,
    10285,
    10287,
    10347,
    10374,
    10375,
    10376,
    10377,
    10378,
    10379,
    10380,
    10435,
    10436,
    10442,
    10443,
    10470,
    10544,
    10545,
    10546,
    10768,
    10769,
    10770,
    10771,
    11666,
    11670,
    11671,
    11673,
    11675,
    11676,
    11701,
    11703,
    11706,
    11707,
    11709,
    11710,
    11711,
    12166,
    12446,
    12447,
    12448,
    12449,
    12450,
    12451,
    12452,
    12453,
    12454,
    12455,
    12456,
    12457,
    12458,
    12459,
    12460,
    12461,
    12462,
    12463,
    12464,
    12465,
    12468,
    12514,
    12831,
    12834,
    12904,
    12905,
    12906,
    12917,
    13791,
    14484,
    14485,
    14486,
    14487,
    14488,
    14489,
    14490,
    14749,
    14750,
    14751,
    14752,
    14763,
    15000,
    15001,
    15062,
    15064,
    15124,
    15125,
    15210,
    15211,
    15212,
    15214,
    15232,
    15237,
    15238,
    15355,
    15356,
    15357,
    15358,
    15364,
    15366,
    15386,
    15387,
    15389,
    15390,
    15391,
    15392,
    15394,
    15448,
    15449,
    15450,
    15451,
    15452,
    15453,
    15454,
    15455,
    15456,
    15630,
    15631,
    15632,
    15693,
    15694,
    15695,
    15696,
    15697,
    15731,
    15732,
    15733,
    15734,
    15735,
    15767,
    15814,
    15953,
    15954,
    15955,
    15956,
    15957,
    15958,
    15959,
    15960,
    15961,
    15962,
    15963,
    15964,
    15965,
    15966,
    15967,
    15968,
    15969,
    15970,
    15971,
    15972,
    15973,
    15974,
    15975,
    15976,
    15977,
    15978,
    15979,
    15980,
    15981,
    15982,
    15983,
    15984,
    15985,
    15986,
    15987,
    15988,
    15989,
    26325,
    37252,
    45331,
    45332,
    45333,
    45334,
    45335,
    45336,
    45337,
    45338,
    45339,
    45340,
    45341,
    45342,
    45772,
    45773,
    45774,
    45775,
    45776,
    45777,
    45886,
    45887,
    45889,
    45899,
    45901,
    45902,
    46047,
    46056,
    46057,
    46061,
    46137,
    46146,
    46148,
    46723,
    46854,
    46855,
    46856,
    46857,
    46858,
    47050,
    47207,
    47208,
    47209,
    47210,
    48370,
    48392,
    49221,
    49228,
    49229,
    49230,
    49231,
    49232,
    49234,
    49236,
    49237,
    49238,
    49240,
    49741,
    49742,
    49744,
    49944,
    49952,
    49953,
    49954,
    49955,
    49956,
    49957,
    50037,
    50055,
    50204,
    50286,
    50287,
    50288,
    50289,
    50290
  ],