{
  "Accuracy": 0.9984302660599678,
  "Macro Precision": 0.5849138510008848,
  "Macro Recall": 0.8909937160340103,
  "Macro F1": 0.6718949024549433,
  "False Alarms": 55,
  "False Alarm Rate": 0.002631578947368421,
  "Missed Attacks": 14,
  "Detection Rate": 0.9995240847129211,
  "Confusion Matrix (actual_pred)": [
    [
      20845,
      4,
      19,
      11,
      18,
      3
    ],
    [
      0,
      8,
      0,
      0,
      0,
      0
    ],
    [
      0,
      1,
      7,
      1,
      0,
      0
    ],
    [
      0,
      0,
      2,
      12,
      0,
      0
    ],
    [
      1,
      0,
      1,
      0,
      5,
      0
    ],
    [
      13,
      0,
      1,
      2,
      2,
      29371
    ]
  ],
  "misclassified_indices": [
    540,
    1140,
    3594,
    5491,
    5658,
    6835,
    7652,
    7978,
    8108,
    8362,
    8422,
    8446,
    8447,
    8819,
    9022,
    9262,
    9335,
    9365,
    9453,
    9454,
    9987,
    10078,
    10277,
    10623,
    10837,
    11109,
    11388,
    11701,
    11702,
    11736,
    11739,
    11741,
    11747,
    11776,
    11847,
    12120,
    12420,
    12721,
    12738,
    12934,
    12936,
    12937,
    12943,
    12944,
    12946,
    12958,
    13954,
    14802,
    15474,
    15484,
    15788,
    15839,
    15973,
    15974,
    15975,
    15976,
    25927,
    45349,
    45350,
    45775,
    45886,
    45887,
    45888,
    45890,
    45903,
    45906,
    45907,
    45908,
    45926,
    46053,
    46054,
    46150,
    46153,
    46537,
    47430,
    48313,
    50074,
    50241,
    50242
  ],
  "real_flow_indices": [
    1338,
    2788,
    8824,
    13399,
    13788,
    16709,
    18736,
    19583,
    19888,
    20539,
    20670,
    20729,
    20730,
    21663,
    22168,
    22748,
    22957,
    23035,
    23250,
    23252,
    24688,
    24927,
    25455,
    26355,
    26877,
    27590,
    28255,
    29066,
    29069,
    29136,
    29141,
    29149,
    29159,
    29214,
    29402,
    30102,
    30824,
    31613,
    31662,
    32189,
    32192,
    32196,
    32216,
    32219,
    32223,
    32261,
    34782,
    36873,
    38565,
    38585,
    39374,
    39483,
    39855,
    39859,
    39862,
    39864,
    65110,
    113307,
    113308,
    114380,
    114604,
    114608,
    114612,
    114616,
    114645,
    114655,
    114657,
    114659,
    114702,
    115033,
    115035,
    115296,
    115304,
    116230,
    118566,
    120858,
    125167,
    125620,
    125621
  ],
  "y_pred": [
    2,
    4,
    4,
    2,
    2,
    2,
    2,
    2,
    3,
    4,
    4,
    4,
    4,
    1,
    2,
    3,
    2,
    2,
    1,
    1,
    3,
    1,
    4,
    2,
    4,
    2,
    3,
    3,
    3,
    2,
    3,
    3,
    3,
    2,
    2,
    2,
    2,
    2,
    2,
    2,
    4,
    4,
    0,
    4,
    4,
    4,
    1,
    4,
    4,
    2,
    4,
    4,
    2,
    2,
    3,
    3,
    5,
    5,
    5,
    2,
    0,
    0,
    0,
    0,
    0,
    0,
    0,
    0,
    0,
    0,
    0,
    0,
    0,
    3,
    3,
    4,
    4,
    3,
    4
  ],
  "y_true": [
    0,
    0,
    0,
    0,
    0,
    0,
    0,
    0,
    0,
    0,
    0,
    0,
    0,
    0,
    0,
    0,
    0,
    0,
    0,
    0,
    2,
    2,
    0,
    0,
    0,
    0,
    0,
    0,
    0,
    3,
    0,
    0,
    0,
    3,
    0,
    0,
    0,
    0,
    0,
    4,
    0,
    0,
    4,
    0,
    0,
    0,
    0,
    0,
    0,
    0,
    5,
    5,
    0,
    5,
    5,
    5,
    0,
    0,
    0,
    0,
    5,
    5,
    5,
    5,
    5,
    5,
    5,
    5,
    5,
    5,
    5,
    5,
    5,
    0,
    0,
    0,
    0,
    0,
    0
  ]
}