{
  "Accuracy": 0.9995229671443621,
  "Macro Precision": 0.9512214648276595,
  "Macro Recall": 0.8342346599283718,
  "Macro F1": 0.8785033437328584,
  "False Alarms": 0,
  "False Alarm Rate": 0.0,
  "Missed Attacks": 21,
  "Detection Rate": 0.9992862969004894,
  "Confusion Matrix (actual_pred)": [
    [
      20884,
      0,
      0,
      0,
      0,
      0
    ],
    [
      3,
      5,
      0,
      0,
      0,
      0
    ],
    [
      1,
      0,
      6,
      2,
      0,
      0
    ],
    [
      0,
      0,
      0,
      14,
      0,
      0
    ],
    [
      2,
      0,
      0,
      0,
      5,
      0
    ],
    [
      15,
      0,
      0,
      0,
      1,
      29373
    ]
  ],
  "missclassified_indices": [
    8690,
    8691,
    8708,
    9955,
    10504,
    10505,
    12819,
    12905,
    15808,
    45841,
    45842,
    45845,
    45857,
    45858,
    45860,
    46005,
    46007,
    46009,
    46021,
    46110,
    46112,
    46114,
    46117,
    46119
  ],
  "real_flow_indices": [
    21649,
    21650,
    21684,
    24688,
    26060,
    26061,
    31965,
    32189,
    39483,
    114604,
    114608,
    114616,
    114649,
    114655,
    114659,
    115033,
    115035,
    115037,
    115068,
    115296,
    115300,
    115302,
    115306,
    115308
  ],
  "y_pred": [
    0,
    0,
    0,
    3,
    3,
    0,
    0,
    0,
    4,
    0,
    0,
    0,
    0,
    0,
    0,
    0,
    0,
    0,
    0,
    0,
    0,
    0,
    0,
    0
  ],
  "y_true": [
    1,
    1,
    1,
    2,
    2,
    2,
    4,
    4,
    5,
    5,
    5,
    5,
    5,
    5,
    5,
    5,
    5,
    5,
    5,
    5,
    5,
    5,
    5,
    5
  ]
}