{
  "Accuracy": 0.9996025990025235,
  "Macro Precision": 0.8938778528863663,
  "Macro Recall": 0.9813622142882911,
  "Macro F1": 0.9311784471486493,
  "False Alarms": 5,
  "False Alarm Rate": 0.00023923444976076556,
  "Missed Attacks": 13,
  "Detection Rate": 0.9995581988105353,
  "Confusion Matrix (actual_pred)": [
    [
      20895,
      4,
      1,
      0,
      0,
      0
    ],
    [
      0,
      8,
      0,
      0,
      0,
      0
    ],
    [
      0,
      0,
      8,
      1,
      0,
      0
    ],
    [
      0,
      0,
      0,
      14,
      0,
      0
    ],
    [
      0,
      0,
      0,
      0,
      7,
      0
    ],
    [
      13,
      0,
      0,
      0,
      1,
      29375
    ]
  ],
  "missclassified_indices": [
    9359,
    9973,
    12712,
    12728,
    15816,
    15965,
    45871,
    45872,
    45873,
    45874,
    45887,
    45889,
    45891,
    46035,
    46037,
    46139,
    46141,
    46142,
    46949,
    49850
  ],
  "real_flow_indices": [
    23250,
    24688,
    31613,
    31662,
    39483,
    39857,
    114608,
    114612,
    114614,
    114616,
    114647,
    114655,
    114661,
    115033,
    115037,
    115298,
    115300,
    115304,
    117244,
    124654
  ],
  "y_pred": [
    1,
    3,
    1,
    1,
    4,
    0,
    0,
    0,
    0,
    0,
    0,
    0,
    0,
    0,
    0,
    0,
    0,
    0,
    2,
    1
  ],
  "y_true": [
    0,
    2,
    0,
    0,
    5,
    5,
    5,
    5,
    5,
    5,
    5,
    5,
    5,
    5,
    5,
    5,
    5,
    5,
    0,
    0
  ]
}