{
  "Accuracy": 0.9991453161336487,
  "Macro Precision": 0.8058213830569221,
  "Macro Recall": 0.7782389978004357,
  "Macro F1": 0.7871555375840785,
  "False Alarms": 13,
  "False Alarm Rate": 0.0006224861137713081,
  "Missed Attacks": 30,
  "Detection Rate": 0.9989805280864512,
  "Confusion Matrix (actual_pred)": [
    [
      20871,
      0,
      4,
      7,
      2,
      0
    ],
    [
      2,
      6,
      0,
      0,
      0,
      0
    ],
    [
      2,
      0,
      7,
      0,
      0,
      0
    ],
    [
      6,
      0,
      0,
      8,
      0,
      0
    ],
    [
      3,
      0,
      0,
      0,
      4,
      0
    ],
    [
      17,
      0,
      0,
      0,
      0,
      29372
    ]
  ],
  "missclassified_indices": [
    8279,
    8690,
    8691,
    9954,
    10048,
    10375,
    10472,
    10814,
    11712,
    11719,
    11722,
    11744,
    11749,
    11751,
    11752,
    11753,
    11755,
    11756,
    11779,
    12819,
    12824,
    12905,
    12912,
    15808,
    15959,
    45841,
    45842,
    45845,
    45857,
    45858,
    45860,
    46005,
    46007,
    46009,
    46021,
    46110,
    46112,
    46114,
    46117,
    46119,
    49388,
    49753,
    49754
  ],
  "real_flow_indices": [
    20670,
    21649,
    21650,
    24686,
    24927,
    25738,
    25976,
    26827,
    29041,
    29061,
    29066,
    29136,
    29144,
    29148,
    29151,
    29152,
    29159,
    29161,
    29214,
    31965,
    31975,
    32189,
    32221,
    39483,
    39857,
    114604,
    114608,
    114616,
    114649,
    114655,
    114659,
    115033,
    115035,
    115037,
    115068,
    115296,
    115300,
    115302,
    115306,
    115308,
    123512,
    124451,
    124452
  ],
  "y_pred": [
    4,
    0,
    0,
    2,
    0,
    2,
    0,
    2,
    3,
    0,
    3,
    0,
    0,
    3,
    0,
    0,
    3,
    3,
    0,
    0,
    4,
    0,
    0,
    0,
    0,
    0,
    0,
    0,
    0,
    0,
    0,
    0,
    0,
    0,
    0,
    0,
    0,
    0,
    0,
    0,
    2,
    3,
    3
  ],
  "y_true": [
    0,
    1,
    1,
    0,
    2,
    0,
    2,
    0,
    0,
    3,
    0,
    3,
    3,
    0,
    3,
    3,
    0,
    0,
    3,
    4,
    0,
    4,
    4,
    5,
    5,
    5,
    5,
    5,
    5,
    5,
    5,
    5,
    5,
    5,
    5,
    5,
    5,
    5,
    5,
    5,
    0,
    0,
    0
  ]
}