{
  "Accuracy": 0.9991055633956789,
  "Macro Precision": 0.8369829129867371,
  "Macro Recall": 0.566676282537108,
  "Macro F1": 0.6260612486706841,
  "False Alarms": 4,
  "False Alarm Rate": 0.0001915341888527102,
  "Missed Attacks": 40,
  "Detection Rate": 0.998640657921566,
  "Confusion Matrix (actual_pred)": [
    [
      20880,
      1,
      1,
      2,
      0,
      0
    ],
    [
      1,
      6,
      1,
      0,
      0,
      0
    ],
    [
      7,
      0,
      2,
      0,
      0,
      0
    ],
    [
      10,
      0,
      0,
      4,
      0,
      0
    ],
    [
      6,
      0,
      0,
      0,
      1,
      0
    ],
    [
      16,
      0,
      0,
      0,
      0,
      29373
    ]
  ],
  "missclassified_indices": [
    8690,
    8708,
    9724,
    9955,
    10048,
    10373,
    10374,
    10472,
    10504,
    11717,
    11719,
    11722,
    11744,
    11745,
    11746,
    11749,
    11750,
    11752,
    11753,
    11755,
    11779,
    12819,
    12820,
    12821,
    12905,
    12906,
    12912,
    15808,
    45337,
    45338,
    45841,
    45842,
    45845,
    45857,
    45858,
    45860,
    46005,
    46007,
    46009,
    46021,
    46110,
    46112,
    46114,
    46117,
    46119
  ],
  "real_flow_indices": [
    21649,
    21684,
    24137,
    24688,
    24927,
    25734,
    25735,
    25976,
    26060,
    29050,
    29061,
    29066,
    29136,
    29137,
    29140,
    29144,
    29146,
    29151,
    29152,
    29159,
    29214,
    31965,
    31966,
    31967,
    32189,
    32194,
    32221,
    39483,
    113314,
    113315,
    114604,
    114608,
    114616,
    114649,
    114655,
    114659,
    115033,
    115035,
    115037,
    115068,
    115296,
    115300,
    115302,
    115306,
    115308
  ],
  "y_pred": [
    0,
    2,
    0,
    0,
    0,
    0,
    0,
    0,
    0,
    0,
    0,
    3,
    0,
    0,
    0,
    0,
    0,
    0,
    0,
    3,
    0,
    0,
    0,
    0,
    0,
    0,
    0,
    0,
    2,
    1,
    0,
    0,
    0,
    0,
    0,
    0,
    0,
    0,
    0,
    0,
    0,
    0,
    0,
    0,
    0
  ],
  "y_true": [
    1,
    1,
    2,
    2,
    2,
    2,
    2,
    2,
    2,
    3,
    3,
    0,
    3,
    3,
    3,
    3,
    3,
    3,
    3,
    0,
    3,
    4,
    4,
    4,
    4,
    4,
    4,
    5,
    0,
    0,
    5,
    5,
    5,
    5,
    5,
    5,
    5,
    5,
    5,
    5,
    5,
    5,
    5,
    5,
    5
  ]
}