{
  "Accuracy": 0.9918275635799646,
  "Macro Precision": 0.336517453160184,
  "Macro Recall": 0.4969935550252654,
  "Macro F1": 0.3382917123206826,
  "False Alarms": 365,
  "False Alarm Rate": 0.01749424846625767,
  "Missed Attacks": 18,
  "Detection Rate": 0.999387734276676,
  "Confusion Matrix (actual_pred)": [
    [
      20499,
      363,
      0,
      0,
      0,
      2
    ],
    [
      0,
      8,
      0,
      0,
      0,
      0
    ],
    [
      4,
      5,
      0,
      0,
      0,
      0
    ],
    [
      2,
      12,
      0,
      0,
      0,
      0
    ],
    [
      0,
      7,
      0,
      0,
      0,
      0
    ],
    [
      12,
      4,
      0,
      0,
      0,
      29373
    ]
  ],
  "misclassified_indices": [
    3666,
    3667,
    3678,
    4247,
    4248,
    4249,
    4250,
    4251,
    4256,
    7030,
    7120,
    7121,
    7122,
    7644,
    7729,
    7907,
    7908,
    7909,
    8128,
    8176,
    8179,
    8409,
    8410,
    8411,
    8412,
    8413,
    8507,
    8533,
    8588,
    8633,
    8785,
    8796,
    8797,
    8798,
    9054,
    9067,
    9068,
    9408,
    9423,
    9517,
    9518,
    9521,
    9522,
    9524,
    9525,
    9526,
    9527,
    9582,
    9583,
    9584,
    9585,
    9653,
    9654,
    9655,
    9656,
    9660,
    9731,
    9732,
    9735,
    9736,
    9737,
    9738,
    9739,
    9740,
    9749,
    9750,
    9751,
    9752,
    9753,
    9754,
    9755,
    9756,
    9757,
    9758,
    9759,
    9786,
    9787,
    9788,
    9789,
    9802,
    9803,
    9804,
    9805,
    9808,
    9955,
    10046,
    10089,
    10090,
    10091,
    10092,
    10093,
    10094,
    10095,
    10144,
    10145,
    10150,
    10248,
    10249,
    10250,
    10251,
    10253,
    10284,
    10285,
    10286,
    10347,
    10374,
    10375,
    10376,
    10377,
    10378,
    10379,
    10435,
    10436,
    10437,
    10439,
    10442,
    10443,
    10444,
    10470,
    10544,
    10545,
    10587,
    10669,
    10767,
    10768,
    10769,
    10770,
    10771,
    10772,
    10804,
    10984,
    11110,
    11358,
    11359,
    11416,
    11449,
    11450,
    11451,
    11666,
    11670,
    11671,
    11672,
    11673,
    11674,
    11675,
    11676,
    11701,
    11702,
    11703,
    11704,
    11705,
    11706,
    11707,
    11708,
    11709,
    11710,
    11711,
    11734,
    11828,
    11830,
    12094,
    12095,
    12103,
    12142,
    12166,
    12376,
    12449,
    12450,
    12451,
    12452,
    12453,
    12454,
    12455,
    12456,
    12459,
    12460,
    12461,
    12462,
    12463,
    12513,
    12514,
    12663,
    12691,
    12706,
    12707,
    12708,
    12709,
    12829,
    12831,
    12834,
    12904,
    12905,
    12906,
    12907,
    12908,
    12917,
    12918,
    12919,
    12932,
    12995,
    13004,
    13016,
    13018,
    13282,
    13369,
    13513,
    13514,
    13515,
    13516,
    13734,
    13791,
    13828,
    13907,
    13909,
    13966,
    14112,
    14113,
    14204,
    14205,
    14206,
    14207,
    14208,
    14748,
    14749,
    14750,
    14751,
    14786,
    14844,
    15000,
    15001,
    15060,
    15061,
    15062,
    15064,
    15124,
    15125,
    15153,
    15209,
    15210,
    15211,
    15232,
    15237,
    15238,
    15353,
    15354,
    15355,
    15356,
    15357,
    15364,
    15386,
    15387,
    15388,
    15389,
    15390,
    15437,
    15449,
    15450,
    15451,
    15452,
    15453,
    15454,
    15455,
    15456,
    15465,
    15629,
    15630,
    15631,
    15632,
    15633,
    15637,
    15691,
    15692,
    15693,
    15694,
    15695,
    15696,
    15697,
    15730,
    15731,
    15732,
    15733,
    15734,
    15735,
    15748,
    15749,
    15750,
    15751,
    15767,
    15768,
    15814,
    15953,
    15954,
    15955,
    26325,
    37252,
    45331,
    45332,
    45333,
    45334,
    45335,
    45336,
    45337,
    45338,
    45339,
    45340,
    45341,
    45342,
    45439,
    45524,
    45540,
    45689,
    45777,
    45829,
    45886,
    45887,
    45889,
    45892,
    45893,
    45896,
    45899,
    45901,
    45902,
    45907,
    46047,
    46056,
    46057,
    46061,
    46146,
    46148,
    46149,
    46153,
    46248,
    46536,
    46571,
    46723,
    46736,
    46852,
    46853,
    46854,
    46855,
    46856,
    47050,
    47158,
    47179,
    47180,
    47206,
    47207,
    47208,
    47209,
    47210,
    47462,
    47583,
    47584,
    47585,
    47587,
    47589,
    47700,
    47943,
    48079,
    48116,
    48328,
    48369,
    48370,
    48371,
    48392,
    48393,
    48413,
    48418,
    48487,
    48768,
    48773,
    48836,
    48869,
    49139,
    49151,
    49237,
    49238,
    49366,
    49406,
    49407,
    49418,
    49740,
    49741,
    49834,
    49836,
    49943,
    49944,
    49952,
    49953,
    49954,
    49955,
    49956,
    50023,
    50024,
    50025,
    50037,
    50038,
    50052,
    50053,
    50055,
    50203,
    50204,
    50255,
    50256,
    50257,
    50258,
    50286,
    50287,
    50288,
    50289,
    50290
  ],