{
  "Accuracy": 0.9995628589027759,
  "Macro Precision": 0.8982847368923889,
  "Macro Recall": 0.999854505936239,
  "Macro F1": 0.9403053171649818,
  "False Alarms": 9,
  "False Alarm Rate": 0.000430622009569378,
  "Missed Attacks": 12,
  "Detection Rate": 0.9995921973764698,
  "Confusion Matrix (actual_pred)": [
    [
      20891,
      5,
      1,
      0,
      0,
      3
    ],
    [
      0,
      8,
      0,
      0,
      0,
      0
    ],
    [
      0,
      0,
      9,
      0,
      0,
      0
    ],
    [
      0,
      0,
      0,
      14,
      0,
      0
    ],
    [
      0,
      0,
      0,
      0,
      7,
      0
    ],
    [
      12,
      0,
      0,
      0,
      1,
      29376
    ]
  ],
  "missclassified_indices": [
    9359,
    12712,
    12728,
    13774,
    15816,
    45353,
    45840,
    45871,
    45872,
    45873,
    45874,
    45887,
    45889,
    45891,
    46035,
    46037,
    46139,
    46141,
    46142,
    46545,
    46949,
    49850
  ],
  "real_flow_indices": [
    23250,
    31613,
    31662,
    34407,
    39483,
    113315,
    114533,
    114608,
    114612,
    114614,
    114616,
    114647,
    114655,
    114661,
    115033,
    115037,
    115298,
    115300,
    115304,
    116274,
    117244,
    124654
  ],
  "y_pred": [
    1,
    1,
    1,
    5,
    4,
    1,
    5,
    0,
    0,
    0,
    0,
    0,
    0,
    0,
    0,
    0,
    0,
    0,
    0,
    5,
    2,
    1
  ],
  "y_true": [
    0,
    0,
    0,
    0,
    5,
    0,
    0,
    5,
    5,
    5,
    5,
    5,
    5,
    5,
    5,
    5,
    5,
    5,
    5,
    0,
    0,
    0
  ]
}