{
  "Accuracy": 0.9995628589027759,
  "Macro Precision": 0.8722277064105404,
  "Macro Recall": 0.999854505936239,
  "Macro F1": 0.9251290937055111,
  "False Alarms": 9,
  "False Alarm Rate": 0.000430622009569378,
  "Missed Attacks": 12,
  "Detection Rate": 0.9995921973764698,
  "Confusion Matrix (actual_pred)": [
    [
      20891,
      4,
      3,
      0,
      1,
      1
    ],
    [
      0,
      8,
      0,
      0,
      0,
      0
    ],
    [
      0,
      0,
      9,
      0,
      0,
      0
    ],
    [
      0,
      0,
      0,
      14,
      0,
      0
    ],
    [
      0,
      0,
      0,
      0,
      7,
      0
    ],
    [
      12,
      0,
      1,
      0,
      0,
      29376
    ]
  ],
  "missclassified_indices": [
    8117,
    9359,
    9854,
    12712,
    12728,
    15816,
    26461,
    45871,
    45872,
    45873,
    45874,
    45887,
    45889,
    45891,
    46035,
    46037,
    46139,
    46141,
    46142,
    46949,
    47132,
    50045
  ],
  "real_flow_indices": [
    20247,
    23250,
    24389,
    31613,
    31662,
    39483,
    66119,
    114608,
    114612,
    114614,
    114616,
    114647,
    114655,
    114661,
    115033,
    115037,
    115298,
    115300,
    115304,
    117244,
    117708,
    125167
  ],
  "y_pred": [
    4,
    1,
    2,
    2,
    1,
    2,
    5,
    0,
    0,
    0,
    0,
    0,
    0,
    0,
    0,
    0,
    0,
    0,
    0,
    1,
    2,
    1
  ],
  "y_true": [
    0,
    0,
    0,
    0,
    0,
    5,
    0,
    5,
    5,
    5,
    5,
    5,
    5,
    5,
    5,
    5,
    5,
    5,
    5,
    0,
    0,
    0
  ]
}