{
  "Accuracy": 0.9995824302559106,
  "Macro Precision": 0.9369013279972185,
  "Macro Recall": 0.886145697790627,
  "Macro F1": 0.8904324442194754,
  "False Alarms": 3,
  "False Alarm Rate": 0.00014378834355828222,
  "Missed Attacks": 17,
  "Detection Rate": 0.9994222796166655,
  "Confusion Matrix (actual_pred)": [
    [
      20861,
      2,
      1,
      0,
      0,
      0
    ],
    [
      0,
      8,
      0,
      0,
      0,
      0
    ],
    [
      0,
      0,
      8,
      1,
      0,
      0
    ],
    [
      0,
      0,
      0,
      14,
      0,
      0
    ],
    [
      4,
      0,
      0,
      0,
      3,
      0
    ],
    [
      13,
      0,
      0,
      0,
      0,
      29376
    ]
  ],
  "missclassified_indices": [
    9326,
    9327,
    9817,
    9943,
    12806,
    12808,
    12825,
    12891,
    15788,
    45847,
    45851,
    45852,
    45866,
    45869,
    45870,
    45871,
    45872,
    45873,
    45890,
    46115,
    46117
  ],
  "real_flow_indices": [
    23250,
    23251,
    24389,
    24685,
    31974,
    31981,
    32016,
    32189,
    39483,
    114604,
    114612,
    114614,
    114645,
    114649,
    114651,
    114653,
    114655,
    114657,
    114702,
    115296,
    115300
  ],
  "y_pred": [
    1,
    1,
    2,
    3,
    0,
    0,
    0,
    0,
    0,
    0,
    0,
    0,
    0,
    0,
    0,
    0,
    0,
    0,
    0,
    0,
    0
  ],
  "y_true": [
    0,
    0,
    0,
    2,
    4,
    4,
    4,
    4,
    5,
    5,
    5,
    5,
    5,
    5,
    5,
    5,
    5,
    5,
    5,
    5,
    5
  ]
}