{
  "Accuracy": 0.9993641584040376,
  "Macro Precision": 0.8086209919041245,
  "Macro Recall": 0.7991395740415737,
  "Macro F1": 0.798796664590477,
  "False Alarms": 6,
  "False Alarm Rate": 0.00028708133971291867,
  "Missed Attacks": 22,
  "Detection Rate": 0.9992522856268905,
  "Confusion Matrix (actual_pred)": [
    [
      20894,
      2,
      0,
      0,
      4,
      0
    ],
    [
      1,
      7,
      0,
      0,
      0,
      0
    ],
    [
      2,
      0,
      7,
      0,
      0,
      0
    ],
    [
      1,
      0,
      3,
      10,
      0,
      0
    ],
    [
      4,
      0,
      0,
      0,
      3,
      0
    ],
    [
      14,
      0,
      0,
      0,
      1,
      29374
    ]
  ],
  "misclassified_indices": [
    8422,
    8446,
    8813,
    9453,
    9795,
    10078,
    10837,
    11736,
    11737,
    11746,
    11776,
    12721,
    12855,
    12863,
    12934,
    12943,
    12947,
    15788,
    15839,
    45886,
    45887,
    45888,
    45890,
    45903,
    45906,
    45907,
    45908,
    45926,
    46053,
    46054,
    46150,
    46153
  ],
  "real_flow_indices": [
    20670,
    20729,
    21650,
    23250,
    24152,
    24927,
    26877,
    29136,
    29138,
    29157,
    29214,
    31613,
    31965,
    31981,
    32189,
    32216,
    32224,
    39374,
    39483,
    114604,
    114608,
    114612,
    114616,
    114645,
    114655,
    114657,
    114659,
    114702,
    115033,
    115035,
    115296,
    115304
  ],
  "y_pred": [
    4,
    4,
    0,
    1,
    0,
    0,
    4,
    2,
    2,
    0,
    2,
    1,
    0,
    0,
    0,
    0,
    4,
    0,
    4,
    0,
    0,
    0,
    0,
    0,
    0,
    0,
    0,
    0,
    0,
    0,
    0,
    0
  ],
  "y_true": [
    0,
    0,
    1,
    0,
    2,
    2,
    0,
    3,
    3,
    3,
    3,
    0,
    4,
    4,
    4,
    4,
    0,
    5,
    5,
    5,
    5,
    5,
    5,
    5,
    5,
    5,
    5,
    5,
    5,
    5,
    5,
    5
  ]
}