{
  "Accuracy": 0.9993838325614677,
  "Macro Precision": 0.977546661566171,
  "Macro Recall": 0.7059277816214934,
  "Macro F1": 0.7653481843551367,
  "False Alarms": 0,
  "False Alarm Rate": 0.0,
  "Missed Attacks": 29,
  "Detection Rate": 0.9990144435004248,
  "Confusion Matrix (actual_pred)": [
    [
      20884,
      0,
      0,
      0,
      0,
      0
    ],
    [
      3,
      5,
      0,
      0,
      0,
      0
    ],
    [
      6,
      0,
      1,
      2,
      0,
      0
    ],
    [
      1,
      0,
      0,
      13,
      0,
      0
    ],
    [
      3,
      0,
      0,
      0,
      4,
      0
    ],
    [
      16,
      0,
      0,
      0,
      0,
      29373
    ]
  ],
  "missclassified_indices": [
    8690,
    8691,
    8708,
    9955,
    10048,
    10373,
    10374,
    10472,
    10473,
    10504,
    10505,
    11752,
    12819,
    12821,
    12905,
    15808,
    45841,
    45842,
    45845,
    45857,
    45858,
    45860,
    46005,
    46007,
    46009,
    46021,
    46110,
    46112,
    46114,
    46117,
    46119
  ],
  "real_flow_indices": [
    21649,
    21650,
    21684,
    24688,
    24927,
    25734,
    25735,
    25976,
    25977,
    26060,
    26061,
    29151,
    31965,
    31967,
    32189,
    39483,
    114604,
    114608,
    114616,
    114649,
    114655,
    114659,
    115033,
    115035,
    115037,
    115068,
    115296,
    115300,
    115302,
    115306,
    115308
  ],
  "y_pred": [
    0,
    0,
    0,
    3,
    0,
    0,
    3,
    0,
    0,
    0,
    0,
    0,
    0,
    0,
    0,
    0,
    0,
    0,
    0,
    0,
    0,
    0,
    0,
    0,
    0,
    0,
    0,
    0,
    0,
    0,
    0
  ],
  "y_true": [
    1,
    1,
    1,
    2,
    2,
    2,
    2,
    2,
    2,
    2,
    2,
    3,
    4,
    4,
    4,
    5,
    5,
    5,
    5,
    5,
    5,
    5,
    5,
    5,
    5,
    5,
    5,
    5,
    5,
    5,
    5
  ]
}