{
  "Accuracy": 0.999542843513347,
  "Macro Precision": 0.9387294221456782,
  "Macro Recall": 0.8712637163742066,
  "Macro F1": 0.8966319946949989,
  "False Alarms": 1,
  "False Alarm Rate": 4.788354721317755e-05,
  "Missed Attacks": 20,
  "Detection Rate": 0.999320305862362,
  "Confusion Matrix (actual_pred)": [
    [
      20883,
      0,
      1,
      0,
      0,
      0
    ],
    [
      2,
      5,
      1,
      0,
      0,
      0
    ],
    [
      1,
      0,
      8,
      0,
      0,
      0
    ],
    [
      0,
      0,
      0,
      14,
      0,
      0
    ],
    [
      2,
      0,
      0,
      0,
      5,
      0
    ],
    [
      15,
      0,
      0,
      0,
      1,
      29373
    ]
  ],
  "missclassified_indices": [
    8690,
    8691,
    8708,
    10048,
    11780,
    12819,
    12905,
    15808,
    45841,
    45842,
    45845,
    45857,
    45858,
    45860,
    46005,
    46007,
    46009,
    46021,
    46110,
    46112,
    46114,
    46117,
    46119
  ],
  "real_flow_indices": [
    21649,
    21650,
    21684,
    24927,
    29216,
    31965,
    32189,
    39483,
    114604,
    114608,
    114616,
    114649,
    114655,
    114659,
    115033,
    115035,
    115037,
    115068,
    115296,
    115300,
    115302,
    115306,
    115308
  ],
  "y_pred": [
    0,
    0,
    2,
    0,
    2,
    0,
    0,
    4,
    0,
    0,
    0,
    0,
    0,
    0,
    0,
    0,
    0,
    0,
    0,
    0,
    0,
    0,
    0
  ],
  "y_true": [
    1,
    1,
    1,
    2,
    0,
    4,
    4,
    5,
    5,
    5,
    5,
    5,
    5,
    5,
    5,
    5,
    5,
    5,
    5,
    5,
    5,
    5,
    5
  ]
}