{
  "Accuracy": 0.9991648605118212,
  "Macro Precision": 0.9232921623661744,
  "Macro Recall": 0.551828289206539,
  "Macro F1": 0.5984066406515591,
  "False Alarms": 2,
  "False Alarm Rate": 9.585889570552147e-05,
  "Missed Attacks": 40,
  "Detection Rate": 0.9986407041152683,
  "Confusion Matrix (actual_pred)": [
    [
      20862,
      1,
      1,
      0,
      0,
      0
    ],
    [
      1,
      7,
      0,
      0,
      0,
      0
    ],
    [
      7,
      0,
      2,
      0,
      0,
      0
    ],
    [
      13,
      0,
      0,
      1,
      0,
      0
    ],
    [
      6,
      0,
      0,
      0,
      1,
      0
    ],
    [
      13,
      0,
      0,
      0,
      0,
      29376
    ]
  ],
  "missclassified_indices": [
    8670,
    9326,
    9327,
    9710,
    9711,
    9943,
    9945,
    10366,
    10367,
    10368,
    11693,
    11694,
    11700,
    11702,
    11703,
    11704,
    11705,
    11706,
    11737,
    11740,
    11741,
    11742,
    11744,
    12803,
    12806,
    12808,
    12825,
    12891,
    12904,
    15788,
    45847,
    45851,
    45852,
    45866,
    45869,
    45870,
    45871,
    45872,
    45873,
    45890,
    46115,
    46117
  ],
  "real_flow_indices": [
    21649,
    23250,
    23251,
    24135,
    24136,
    24685,
    24688,
    25735,
    25736,
    25739,
    29039,
    29040,
    29049,
    29056,
    29057,
    29059,
    29063,
    29065,
    29136,
    29145,
    29146,
    29147,
    29152,
    31966,
    31974,
    31981,
    32016,
    32189,
    32222,
    39483,
    114604,
    114612,
    114614,
    114645,
    114649,
    114651,
    114653,
    114655,
    114657,
    114702,
    115296,
    115300
  ],
  "y_pred": [
    0,
    2,
    1,
    0,
    0,
    0,
    0,
    0,
    0,
    0,
    0,
    0,
    0,
    0,
    0,
    0,
    0,
    0,
    0,
    0,
    0,
    0,
    0,
    0,
    0,
    0,
    0,
    0,
    0,
    0,
    0,
    0,
    0,
    0,
    0,
    0,
    0,
    0,
    0,
    0,
    0,
    0
  ],
  "y_true": [
    1,
    0,
    0,
    2,
    2,
    2,
    2,
    2,
    2,
    2,
    3,
    3,
    3,
    3,
    3,
    3,
    3,
    3,
    3,
    3,
    3,
    3,
    3,
    4,
    4,
    4,
    4,
    4,
    4,
    5,
    5,
    5,
    5,
    5,
    5,
    5,
    5,
    5,
    5,
    5,
    5,
    5
  ]
}