{
  "Accuracy": 0.9992832331697634,
  "Macro Precision": 0.9985405980753983,
  "Macro Recall": 0.9994504333399824,
  "Macro F1": 0.9989945855261653,
  "False Alarms": 1,
  "False Alarm Rate": 0.0002378686964795433,
  "Missed Attacks": 12,
  "Detection Rate": 0.9991387353764444,
  "Confusion Matrix (actual_pred)": [
    [
      4203,
      1
    ],
    [
      12,
      13921
    ]
  ],
  "Misclassified Info": {
    "total_misclassified": 13,
    "per_phase": {
      "0": 1,
      "1": 1,
      "2": 0,
      "3": 0,
      "4": 0,
      "5": 11
    }
  }
}